{
  "type": "FeatureCollection",
  "generator": "overpass-turbo",
  "copyright": "The data included in this document is from www.openstreetmap.org. The data is made available under ODbL.",
  "timestamp": "2026-05-03T01:43:54Z",
  "features": [
    {
      "type": "Feature",
      "properties": {
        "@id": "way/116435029",
        "boundary": "protected_area",
        "leisure": "nature_reserve",
        "name": "Ijams Nature Center",
        "operator": "Ijams Nature Center"
      },
      "geometry": {
        "type": "Polygon",
        "coordinates": [
          [
            [
              -83.8667873,
              35.9578784
            ],
            [
              -83.8669411,
              35.9578792
            ],
            [
              -83.867066,
              35.9579264
            ],
            [
              -83.8671606,
              35.9580254
            ],
            [
              -83.8672721,
              35.9581565
            ],
            [
              -83.86737,
              35.9582648
            ],
            [
              -83.8675603,
              35.9584067
            ],
            [
              -83.8677267,
              35.9584406
            ],
            [
              -83.8678952,
              35.958495
            ],
            [
              -83.8681799,
              35.958593
            ],
            [
              -83.8684239,
              35.9586251
            ],
            [
              -83.8685508,
              35.9587276
            ],
            [
              -83.8688897,
              35.9588745
            ],
            [
              -83.868985,
              35.9590077
            ],
            [
              -83.8694211,
              35.9593869
            ],
            [
              -83.869783,
              35.9596964
            ],
            [
              -83.8698974,
              35.9595109
            ],
            [
              -83.8700905,
              35.9592417
            ],
            [
              -83.8702142,
              35.9589929
            ],
            [
              -83.8702407,
              35.9587467
            ],
            [
              -83.8702407,
              35.9584862
            ],
            [
              -83.8702407,
              35.9581822
            ],
            [
              -83.8702407,
              35.9579478
            ],
            [
              -83.8702407,
              35.9577393
            ],
            [
              -83.87023,
              35.9574093
            ],
            [
              -83.8702515,
              35.9570793
            ],
            [
              -83.8706592,
              35.9569664
            ],
            [
              -83.8711956,
              35.9568188
            ],
            [
              -83.8712063,
              35.9565148
            ],
            [
              -83.8711785,
              35.9563607
            ],
            [
              -83.871142,
              35.9561588
            ],
            [
              -83.8710347,
              35.9562456
            ],
            [
              -83.8709274,
              35.956263
            ],
            [
              -83.8707665,
              35.956289
            ],
            [
              -83.8706699,
              35.9563411
            ],
            [
              -83.8704875,
              35.9563498
            ],
            [
              -83.8703158,
              35.9563064
            ],
            [
              -83.8702193,
              35.9562543
            ],
            [
              -83.8700798,
              35.956124
            ],
            [
              -83.8699618,
              35.9559677
            ],
            [
              -83.8698438,
              35.9558548
            ],
            [
              -83.8697687,
              35.9557593
            ],
            [
              -83.8695541,
              35.9555161
            ],
            [
              -83.8693932,
              35.9554119
            ],
            [
              -83.8692537,
              35.9553684
            ],
            [
              -83.8691357,
              35.9553598
            ],
            [
              -83.8690391,
              35.9553598
            ],
            [
              -83.8688353,
              35.9554032
            ],
            [
              -83.8687172,
              35.9554119
            ],
            [
              -83.8684598,
              35.9554553
            ],
            [
              -83.8684065,
              35.9554549
            ],
            [
              -83.8683632,
              35.9554553
            ],
            [
              -83.8681701,
              35.9554119
            ],
            [
              -83.8679555,
              35.9553424
            ],
            [
              -83.8677838,
              35.9552295
            ],
            [
              -83.8676765,
              35.9550992
            ],
            [
              -83.8675478,
              35.9550211
            ],
            [
              -83.8673654,
              35.9548995
            ],
            [
              -83.8670972,
              35.9547084
            ],
            [
              -83.8669041,
              35.9545781
            ],
            [
              -83.8666466,
              35.9544044
            ],
            [
              -83.8665393,
              35.9542828
            ],
            [
              -83.8663784,
              35.9541092
            ],
            [
              -83.8662067,
              35.9538226
            ],
            [
              -83.865917,
              35.9533709
            ],
            [
              -83.8656595,
              35.9530149
            ],
            [
              -83.8654879,
              35.952763
            ],
            [
              -83.8643828,
              35.9533623
            ],
            [
              -83.8633743,
              35.9538486
            ],
            [
              -83.8619688,
              35.9544913
            ],
            [
              -83.8618127,
              35.9546513
            ],
            [
              -83.8616469,
              35.9548213
            ],
            [
              -83.8616567,
              35.9549442
            ],
            [
              -83.8618228,
              35.9550394
            ],
            [
              -83.8619797,
              35.9551608
            ],
            [
              -83.8622118,
              35.9553564
            ],
            [
              -83.8624254,
              35.9555632
            ],
            [
              -83.8626137,
              35.9557638
            ],
            [
              -83.8628217,
              35.9559854
            ],
            [
              -83.8629911,
              35.9562073
            ],
            [
              -83.8631317,
              35.9565039
            ],
            [
              -83.8632409,
              35.9567345
            ],
            [
              -83.8632843,
              35.9569652
            ],
            [
              -83.8633875,
              35.9572184
            ],
            [
              -83.8635753,
              35.9575342
            ],
            [
              -83.8637605,
              35.9577694
            ],
            [
              -83.8639715,
              35.9580209
            ],
            [
              -83.8642184,
              35.9581296
            ],
            [
              -83.8643236,
              35.9581467
            ],
            [
              -83.8644583,
              35.9582067
            ],
            [
              -83.8646416,
              35.9582275
            ],
            [
              -83.8647836,
              35.9581738
            ],
            [
              -83.8649729,
              35.9580867
            ],
            [
              -83.865123,
              35.9579776
            ],
            [
              -83.8652855,
              35.9578902
            ],
            [
              -83.8654449,
              35.9578609
            ],
            [
              -83.8656778,
              35.9578821
            ],
            [
              -83.8658815,
              35.957917
            ],
            [
              -83.8661621,
              35.9578871
            ],
            [
              -83.8663459,
              35.9578362
            ],
            [
              -83.8665866,
              35.9578212
            ],
            [
              -83.8667873,
              35.9578784
            ]
          ]
        ]
      },
      "id": "way/116435029"
    },
    {
      "type": "Feature",
      "properties": {
        "@id": "way/245564267",
        "ele": "297",
        "gnis:feature_id": "1321691",
        "leisure": "park",
        "name": "Rocky Hill Park",
        "operator": "City of Knoxville",
        "operator:type": "public",
        "operator:wikidata": "Q185582"
      },
      "geometry": {
        "type": "Polygon",
        "coordinates": [
          [
            [
              -84.0306273,
              35.9061924
            ],
            [
              -84.0296095,
              35.9046166
            ],
            [
              -84.0293647,
              35.9047419
            ],
            [
              -84.029281,
              35.9045853
            ],
            [
              -84.0260578,
              35.9059123
            ],
            [
              -84.0260829,
              35.9059378
            ],
            [
              -84.0263951,
              35.906255
            ],
            [
              -84.026408,
              35.9065524
            ],
            [
              -84.0270779,
              35.9073455
            ],
            [
              -84.0292681,
              35.9067037
            ],
            [
              -84.0293139,
              35.9066892
            ],
            [
              -84.0294976,
              35.9066311
            ],
            [
              -84.0300927,
              35.9064428
            ],
            [
              -84.0306273,
              35.9061924
            ]
          ]
        ]
      },
      "id": "way/245564267"
    },
    {
      "type": "Feature",
      "properties": {
        "@id": "way/268154194",
        "leisure": "park",
        "name": "Krutch Park",
        "operator": "City of Knoxville",
        "operator:type": "government",
        "operator:wikidata": "Q185582",
        "website": "http://www.cityofknoxville.org/parks/krutch.asp"
      },
      "geometry": {
        "type": "Polygon",
        "coordinates": [
          [
            [
              -83.9191868,
              35.9646669
            ],
            [
              -83.919163,
              35.9646264
            ],
            [
              -83.9191427,
              35.9645914
            ],
            [
              -83.9191392,
              35.9645848
            ],
            [
              -83.9191111,
              35.9645314
            ],
            [
              -83.9190442,
              35.964419
            ],
            [
              -83.9190073,
              35.964357
            ],
            [
              -83.9189655,
              35.9642839
            ],
            [
              -83.9189398,
              35.9642445
            ],
            [
              -83.918906,
              35.9641861
            ],
            [
              -83.9188593,
              35.9641074
            ],
            [
              -83.9188404,
              35.9640749
            ],
            [
              -83.9188042,
              35.964013
            ],
            [
              -83.9187784,
              35.9639682
            ],
            [
              -83.918765,
              35.9639453
            ],
            [
              -83.9187287,
              35.9639595
            ],
            [
              -83.9186891,
              35.9639751
            ],
            [
              -83.9186621,
              35.9639857
            ],
            [
              -83.9186314,
              35.9639977
            ],
            [
              -83.9185783,
              35.9640185
            ],
            [
              -83.9185243,
              35.9640397
            ],
            [
              -83.9184935,
              35.9640517
            ],
            [
              -83.9184417,
              35.9640721
            ],
            [
              -83.9183592,
              35.9641044
            ],
            [
              -83.9184573,
              35.9642609
            ],
            [
              -83.9184138,
              35.964278
            ],
            [
              -83.9179741,
              35.964451
            ],
            [
              -83.9179593,
              35.9644567
            ],
            [
              -83.9180769,
              35.964656
            ],
            [
              -83.9181443,
              35.964779
            ],
            [
              -83.9186056,
              35.9646003
            ],
            [
              -83.9185423,
              35.9644947
            ],
            [
              -83.91859,
              35.9644742
            ],
            [
              -83.918596,
              35.9644717
            ],
            [
              -83.9186314,
              35.9644573
            ],
            [
              -83.9187148,
              35.964421
            ],
            [
              -83.9187364,
              35.9644446
            ],
            [
              -83.9187478,
              35.9644498
            ],
            [
              -83.918759,
              35.9644513
            ],
            [
              -83.9187736,
              35.9644487
            ],
            [
              -83.9188056,
              35.9644362
            ],
            [
              -83.9189669,
              35.9646842
            ],
            [
              -83.9189426,
              35.9646918
            ],
            [
              -83.9189216,
              35.9647019
            ],
            [
              -83.9189105,
              35.9647167
            ],
            [
              -83.9189081,
              35.9647328
            ],
            [
              -83.9189134,
              35.9647475
            ],
            [
              -83.9189246,
              35.9647682
            ],
            [
              -83.9191289,
              35.9646907
            ],
            [
              -83.9191868,
              35.9646669
            ]
          ]
        ]
      },
      "id": "way/268154194"
    },
    {
      "type": "Feature",
      "properties": {
        "@id": "way/268517507",
        "gnis:feature_id": "1279863",
        "leisure": "park",
        "name": "Caswell Park",
        "operator": "City of Knoxville",
        "operator:type": "government",
        "operator:wikidata": "Q185582"
      },
      "geometry": {
        "type": "Polygon",
        "coordinates": [
          [
            [
              -83.9128135,
              35.979259
            ],
            [
              -83.9128511,
              35.9793502
            ],
            [
              -83.9128672,
              35.9795021
            ],
            [
              -83.9128243,
              35.9796454
            ],
            [
              -83.9127706,
              35.9797713
            ],
            [
              -83.9126794,
              35.9798754
            ],
            [
              -83.912497,
              35.979984
            ],
            [
              -83.9118399,
              35.9802075
            ],
            [
              -83.9118157,
              35.9801576
            ],
            [
              -83.9117621,
              35.980175
            ],
            [
              -83.9116655,
              35.9799796
            ],
            [
              -83.9110594,
              35.9801793
            ],
            [
              -83.9108033,
              35.9796747
            ],
            [
              -83.9107268,
              35.9795238
            ],
            [
              -83.9095949,
              35.9798754
            ],
            [
              -83.9095251,
              35.9797582
            ],
            [
              -83.9092516,
              35.9798537
            ],
            [
              -83.9090048,
              35.9799449
            ],
            [
              -83.9087151,
              35.9800447
            ],
            [
              -83.9085595,
              35.980175
            ],
            [
              -83.9084952,
              35.9802878
            ],
            [
              -83.9082591,
              35.9803747
            ],
            [
              -83.9086078,
              35.9817421
            ],
            [
              -83.9112892,
              35.9818723
            ],
            [
              -83.9114302,
              35.9818791
            ],
            [
              -83.9113598,
              35.9822673
            ],
            [
              -83.912717,
              35.9823324
            ],
            [
              -83.9128833,
              35.9822716
            ],
            [
              -83.912776,
              35.9820589
            ],
            [
              -83.9126901,
              35.9817768
            ],
            [
              -83.9126472,
              35.9816856
            ],
            [
              -83.9125851,
              35.9815027
            ],
            [
              -83.9125959,
              35.9813812
            ],
            [
              -83.9126763,
              35.9811902
            ],
            [
              -83.9130764,
              35.9814469
            ],
            [
              -83.9132319,
              35.9814556
            ],
            [
              -83.9139508,
              35.9813731
            ],
            [
              -83.9144658,
              35.980544
            ],
            [
              -83.9134748,
              35.9797677
            ],
            [
              -83.9134586,
              35.979755
            ],
            [
              -83.9132252,
              35.9795292
            ],
            [
              -83.9130643,
              35.9791733
            ],
            [
              -83.9128135,
              35.979259
            ]
          ]
        ]
      },
      "id": "way/268517507"
    },
    {
      "type": "Feature",
      "properties": {
        "@id": "way/268837683",
        "addr:city": "Knoxville",
        "addr:housenumber": "331",
        "addr:postcode": "37916",
        "addr:state": "TN",
        "addr:street": "James Agee Street",
        "description": "Dog park with benches and free plastics bags for waste.",
        "leisure": "park",
        "name": "James Agee Dog Park",
        "not:operator:wikidata": "Q185582",
        "opening_hours": "sunrise-sunset",
        "operator": "City of Knoxville",
        "operator:type": "government"
      },
      "geometry": {
        "type": "Polygon",
        "coordinates": [
          [
            [
              -83.9299442,
              35.9607547
            ],
            [
              -83.9302582,
              35.9606521
            ],
            [
              -83.9300642,
              35.9602535
            ],
            [
              -83.9300349,
              35.960264
            ],
            [
              -83.93001,
              35.9602729
            ],
            [
              -83.9300023,
              35.9602756
            ],
            [
              -83.9298128,
              35.9603436
            ],
            [
              -83.9297486,
              35.9603666
            ],
            [
              -83.9297749,
              35.9604185
            ],
            [
              -83.929916,
              35.9606972
            ],
            [
              -83.9299376,
              35.9607412
            ],
            [
              -83.9299442,
              35.9607547
            ]
          ]
        ]
      },
      "id": "way/268837683"
    },
    {
      "type": "Feature",
      "properties": {
        "@id": "way/269444986",
        "ele": "2",
        "leisure": "park",
        "name": "Edgewood Park"
      },
      "geometry": {
        "type": "Polygon",
        "coordinates": [
          [
            [
              -83.9230378,
              36.0001705
            ],
            [
              -83.9227559,
              35.9996864
            ],
            [
              -83.9221633,
              36.000107
            ],
            [
              -83.9213295,
              36.0005496
            ],
            [
              -83.921345,
              36.0005683
            ],
            [
              -83.921638,
              36.0009185
            ],
            [
              -83.9224532,
              36.0005694
            ],
            [
              -83.9230378,
              36.0001705
            ]
          ]
        ]
      },
      "id": "way/269444986"
    },
    {
      "type": "Feature",
      "properties": {
        "@id": "way/274896756",
        "leisure": "park",
        "name": "Danny Mayfield Park"
      },
      "geometry": {
        "type": "Polygon",
        "coordinates": [
          [
            [
              -83.9402259,
              35.9688855
            ],
            [
              -83.940224,
              35.9688568
            ],
            [
              -83.9402125,
              35.9688406
            ],
            [
              -83.9394955,
              35.9682633
            ],
            [
              -83.9394763,
              35.9682564
            ],
            [
              -83.9394476,
              35.9682509
            ],
            [
              -83.9394275,
              35.9682602
            ],
            [
              -83.9388962,
              35.9687104
            ],
            [
              -83.938878,
              35.968729
            ],
            [
              -83.9388866,
              35.968753
            ],
            [
              -83.9392644,
              35.9690516
            ],
            [
              -83.9395893,
              35.9693085
            ],
            [
              -83.9396184,
              35.9693334
            ],
            [
              -83.9396525,
              35.9693395
            ],
            [
              -83.9396821,
              35.9693325
            ],
            [
              -83.9397137,
              35.9693124
            ],
            [
              -83.9401177,
              35.9689792
            ],
            [
              -83.9402134,
              35.9689072
            ],
            [
              -83.9402259,
              35.9688855
            ]
          ]
        ]
      },
      "id": "way/274896756"
    },
    {
      "type": "Feature",
      "properties": {
        "@id": "way/277826409",
        "gnis:feature_id": "1294401",
        "leisure": "park",
        "name": "Morningside Park",
        "operator": "City of Knoxville",
        "operator:type": "public",
        "operator:wikidata": "Q185582"
      },
      "geometry": {
        "type": "Polygon",
        "coordinates": [
          [
            [
              -83.8997244,
              35.9722922
            ],
            [
              -83.9001581,
              35.9722507
            ],
            [
              -83.9003931,
              35.9722263
            ],
            [
              -83.900637,
              35.9721898
            ],
            [
              -83.9009292,
              35.9721337
            ],
            [
              -83.9011671,
              35.972046
            ],
            [
              -83.9045254,
              35.9706273
            ],
            [
              -83.9049378,
              35.9704668
            ],
            [
              -83.9047783,
              35.9702223
            ],
            [
              -83.9046694,
              35.9701476
            ],
            [
              -83.9047523,
              35.9695208
            ],
            [
              -83.904922,
              35.9688248
            ],
            [
              -83.9051137,
              35.968129
            ],
            [
              -83.9053764,
              35.9680935
            ],
            [
              -83.9056691,
              35.9676224
            ],
            [
              -83.9056506,
              35.9675091
            ],
            [
              -83.9055656,
              35.9669874
            ],
            [
              -83.905404,
              35.9659957
            ],
            [
              -83.9041651,
              35.9654857
            ],
            [
              -83.9039703,
              35.9653481
            ],
            [
              -83.9036993,
              35.9652715
            ],
            [
              -83.9036983,
              35.9653005
            ],
            [
              -83.9036853,
              35.9656583
            ],
            [
              -83.9036757,
              35.9659237
            ],
            [
              -83.9032655,
              35.9664999
            ],
            [
              -83.9033794,
              35.9667875
            ],
            [
              -83.9036666,
              35.9671671
            ],
            [
              -83.9037156,
              35.9672967
            ],
            [
              -83.9036306,
              35.9674324
            ],
            [
              -83.9034112,
              35.967579
            ],
            [
              -83.9033521,
              35.9677439
            ],
            [
              -83.9028104,
              35.9679881
            ],
            [
              -83.9026976,
              35.9682767
            ],
            [
              -83.9026697,
              35.9684115
            ],
            [
              -83.9028141,
              35.9684434
            ],
            [
              -83.9029415,
              35.9684559
            ],
            [
              -83.9031125,
              35.9684342
            ],
            [
              -83.9033353,
              35.9683659
            ],
            [
              -83.9035804,
              35.9682825
            ],
            [
              -83.9039413,
              35.9681592
            ],
            [
              -83.9042587,
              35.9680576
            ],
            [
              -83.9044049,
              35.9684288
            ],
            [
              -83.9041493,
              35.9685233
            ],
            [
              -83.9041146,
              35.9685361
            ],
            [
              -83.9040641,
              35.9685868
            ],
            [
              -83.9040207,
              35.9686448
            ],
            [
              -83.9038024,
              35.9687041
            ],
            [
              -83.9036903,
              35.9686684
            ],
            [
              -83.903611,
              35.9686806
            ],
            [
              -83.9033772,
              35.9687536
            ],
            [
              -83.9033813,
              35.968837
            ],
            [
              -83.9036309,
              35.9694304
            ],
            [
              -83.9034184,
              35.9698051
            ],
            [
              -83.903395,
              35.9698442
            ],
            [
              -83.9033512,
              35.9698732
            ],
            [
              -83.9033016,
              35.9698944
            ],
            [
              -83.9032327,
              35.9699195
            ],
            [
              -83.9029971,
              35.9699937
            ],
            [
              -83.9025868,
              35.9701291
            ],
            [
              -83.9025237,
              35.9701566
            ],
            [
              -83.9023135,
              35.9702303
            ],
            [
              -83.902236,
              35.9702454
            ],
            [
              -83.9021277,
              35.970269
            ],
            [
              -83.9013802,
              35.9703602
            ],
            [
              -83.9008749,
              35.9703284
            ],
            [
              -83.9009834,
              35.9706712
            ],
            [
              -83.9006099,
              35.9708711
            ],
            [
              -83.9005557,
              35.970932
            ],
            [
              -83.9004232,
              35.9711221
            ],
            [
              -83.9003539,
              35.9713976
            ],
            [
              -83.9000527,
              35.9717852
            ],
            [
              -83.8997786,
              35.9717608
            ],
            [
              -83.8996973,
              35.9719022
            ],
            [
              -83.8996913,
              35.9721654
            ],
            [
              -83.8997244,
              35.9722922
            ]
          ]
        ]
      },
      "id": "way/277826409"
    },
    {
      "type": "Feature",
      "properties": {
        "@id": "way/278438912",
        "ele": "235",
        "gnis:feature_id": "1719659",
        "leisure": "park",
        "name": "Knox Park"
      },
      "geometry": {
        "type": "Polygon",
        "coordinates": [
          [
            [
              -90.2848426,
              40.9131987
            ],
            [
              -90.2848398,
              40.9121565
            ],
            [
              -90.284839,
              40.9118704
            ],
            [
              -90.2836085,
              40.9118722
            ],
            [
              -90.2836092,
              40.9121458
            ],
            [
              -90.2820962,
              40.9121371
            ],
            [
              -90.2820917,
              40.9132028
            ],
            [
              -90.2848426,
              40.9131987
            ]
          ]
        ]
      },
      "id": "way/278438912"
    },
    {
      "type": "Feature",
      "properties": {
        "@id": "way/295006124",
        "boundary": "protected_area",
        "name": "Sharp Ridge",
        "note": "Highest Point in Knoxville",
        "website": "http://www.cityofknoxville.org/parks/sharpsridge.asp",
        "wikidata": "Q7490282"
      },
      "geometry": {
        "type": "Polygon",
        "coordinates": [
          [
            [
              -83.9544025,
              35.999521
            ],
            [
              -83.954293,
              35.9992752
            ],
            [
              -83.9532922,
              35.9976672
            ],
            [
              -83.9528822,
              35.9968273
            ],
            [
              -83.9523063,
              35.9963608
            ],
            [
              -83.9521916,
              35.9963129
            ],
            [
              -83.9520374,
              35.996265
            ],
            [
              -83.9518849,
              35.9962308
            ],
            [
              -83.9515857,
              35.9961757
            ],
            [
              -83.9517836,
              35.9962669
            ],
            [
              -83.9519439,
              35.9965009
            ],
            [
              -83.9516331,
              35.9966447
            ],
            [
              -83.9514401,
              35.9963929
            ],
            [
              -83.9514049,
              35.996347
            ],
            [
              -83.9511967,
              35.9964307
            ],
            [
              -83.951218,
              35.996463
            ],
            [
              -83.9514365,
              35.9967948
            ],
            [
              -83.9512321,
              35.9968637
            ],
            [
              -83.9510244,
              35.9968967
            ],
            [
              -83.9508404,
              35.9966501
            ],
            [
              -83.9494105,
              35.9972861
            ],
            [
              -83.949453,
              35.997435
            ],
            [
              -83.9488681,
              35.9976781
            ],
            [
              -83.9487136,
              35.9977423
            ],
            [
              -83.9485658,
              35.9978037
            ],
            [
              -83.9482643,
              35.9979307
            ],
            [
              -83.9451952,
              35.9992047
            ],
            [
              -83.945035,
              35.9998428
            ],
            [
              -83.9437286,
              36.0006006
            ],
            [
              -83.9429152,
              36.0008199
            ],
            [
              -83.9414979,
              36.0017572
            ],
            [
              -83.9413993,
              36.0024949
            ],
            [
              -83.9403888,
              36.0030632
            ],
            [
              -83.9390085,
              36.0033823
            ],
            [
              -83.9389345,
              36.0036814
            ],
            [
              -83.9383922,
              36.0037512
            ],
            [
              -83.9380348,
              36.0035418
            ],
            [
              -83.9374186,
              36.003482
            ],
            [
              -83.9363957,
              36.0038609
            ],
            [
              -83.9354412,
              36.0050145
            ],
            [
              -83.9328039,
              36.0082019
            ],
            [
              -83.9326352,
              36.0084057
            ],
            [
              -83.9325965,
              36.0084525
            ],
            [
              -83.9332907,
              36.0086336
            ],
            [
              -83.9338811,
              36.0091017
            ],
            [
              -83.9340303,
              36.0090416
            ],
            [
              -83.9341096,
              36.0090097
            ],
            [
              -83.9342496,
              36.0089533
            ],
            [
              -83.934695,
              36.0089155
            ],
            [
              -83.9376122,
              36.0080019
            ],
            [
              -83.9375608,
              36.0079426
            ],
            [
              -83.9374614,
              36.0078279
            ],
            [
              -83.936806,
              36.0070714
            ],
            [
              -83.9367786,
              36.0070398
            ],
            [
              -83.937685,
              36.0062989
            ],
            [
              -83.9389541,
              36.0057098
            ],
            [
              -83.9423071,
              36.0037906
            ],
            [
              -83.9428137,
              36.0032453
            ],
            [
              -83.9435913,
              36.0026759
            ],
            [
              -83.9443235,
              36.0024547
            ],
            [
              -83.9445569,
              36.0014981
            ],
            [
              -83.9450201,
              36.0012171
            ],
            [
              -83.9450474,
              36.0012469
            ],
            [
              -83.9465619,
              36.0028989
            ],
            [
              -83.9470785,
              36.0034624
            ],
            [
              -83.9474056,
              36.0038193
            ],
            [
              -83.9486629,
              36.0032826
            ],
            [
              -83.9544025,
              35.999521
            ]
          ]
        ]
      },
      "id": "way/295006124"
    },
    {
      "type": "Feature",
      "properties": {
        "@id": "way/308488795",
        "addr:city": "Knoxville",
        "addr:housenumber": "117",
        "addr:postcode": "37918",
        "addr:street": "Hotel Road",
        "leisure": "park",
        "name": "Fountain City Park",
        "source": "http://www.cityofknoxville.org/parks/fountaincitylake.asp",
        "wikipedia": "en:Fountain City, Tennessee"
      },
      "geometry": {
        "type": "Polygon",
        "coordinates": [
          [
            [
              -83.9323899,
              36.0363872
            ],
            [
              -83.932367,
              36.0363835
            ],
            [
              -83.9312319,
              36.0380348
            ],
            [
              -83.9313345,
              36.0380797
            ],
            [
              -83.9320614,
              36.0378758
            ],
            [
              -83.9326756,
              36.0377348
            ],
            [
              -83.9332388,
              36.0375613
            ],
            [
              -83.933558,
              36.0372663
            ],
            [
              -83.9334588,
              36.0370017
            ],
            [
              -83.9331798,
              36.0367805
            ],
            [
              -83.9334346,
              36.0365571
            ],
            [
              -83.9328016,
              36.036286
            ],
            [
              -83.9326944,
              36.036505
            ],
            [
              -83.9323899,
              36.0363872
            ]
          ]
        ]
      },
      "id": "way/308488795"
    },
    {
      "type": "Feature",
      "properties": {
        "@id": "way/375164303",
        "leisure": "park",
        "name": "Downtown Dog Park"
      },
      "geometry": {
        "type": "Polygon",
        "coordinates": [
          [
            [
              -83.9173372,
              35.9680636
            ],
            [
              -83.917289,
              35.9680484
            ],
            [
              -83.9172595,
              35.9679985
            ],
            [
              -83.9172809,
              35.9679529
            ],
            [
              -83.91712,
              35.9676902
            ],
            [
              -83.9169617,
              35.9678096
            ],
            [
              -83.9169376,
              35.9679073
            ],
            [
              -83.9172755,
              35.9685672
            ],
            [
              -83.917246,
              35.9686757
            ],
            [
              -83.9173051,
              35.9687951
            ],
            [
              -83.9174231,
              35.9687474
            ],
            [
              -83.9175143,
              35.9686714
            ],
            [
              -83.9175384,
              35.9686193
            ],
            [
              -83.9173319,
              35.9682134
            ],
            [
              -83.9173372,
              35.9680636
            ]
          ]
        ]
      },
      "id": "way/375164303"
    },
    {
      "type": "Feature",
      "properties": {
        "@id": "way/468452860",
        "gnis:feature_id": "1975914",
        "leisure": "park",
        "name": "Youngs Park"
      },
      "geometry": {
        "type": "Polygon",
        "coordinates": [
          [
            [
              -93.1096426,
              41.3224813
            ],
            [
              -93.10964,
              41.3239491
            ],
            [
              -93.1112716,
              41.3241577
            ],
            [
              -93.1135013,
              41.3247053
            ],
            [
              -93.1135084,
              41.3236262
            ],
            [
              -93.1111584,
              41.3236315
            ],
            [
              -93.1111549,
              41.3216697
            ],
            [
              -93.1100521,
              41.3216712
            ],
            [
              -93.1100544,
              41.3224807
            ],
            [
              -93.1096426,
              41.3224813
            ]
          ]
        ]
      },
      "id": "way/468452860"
    },
    {
      "type": "Feature",
      "properties": {
        "@id": "way/468561317",
        "leisure": "park",
        "name": "Marine Park",
        "operator": "City of Knoxville",
        "operator:type": "public",
        "operator:wikidata": "Q185582"
      },
      "geometry": {
        "type": "Polygon",
        "coordinates": [
          [
            [
              -83.9510233,
              35.9288796
            ],
            [
              -83.9511672,
              35.9285385
            ],
            [
              -83.95139,
              35.9281103
            ],
            [
              -83.9505743,
              35.9285373
            ],
            [
              -83.9503326,
              35.9288127
            ],
            [
              -83.9502427,
              35.9289676
            ],
            [
              -83.9500008,
              35.9294026
            ],
            [
              -83.9500331,
              35.9294436
            ],
            [
              -83.9499751,
              35.9296192
            ],
            [
              -83.9507796,
              35.9296229
            ],
            [
              -83.9509338,
              35.9296019
            ],
            [
              -83.9509741,
              35.9294227
            ],
            [
              -83.9510007,
              35.9292924
            ],
            [
              -83.9510189,
              35.9292033
            ],
            [
              -83.9510233,
              35.9288796
            ]
          ]
        ]
      },
      "id": "way/468561317"
    },
    {
      "type": "Feature",
      "properties": {
        "@id": "way/468561324",
        "leisure": "park",
        "name": "Cherokee Farm Shoreline Park",
        "operator": "University of Tennessee, Knoxville"
      },
      "geometry": {
        "type": "Polygon",
        "coordinates": [
          [
            [
              -83.9476103,
              35.9467025
            ],
            [
              -83.9479895,
              35.946979
            ],
            [
              -83.9483837,
              35.9472664
            ],
            [
              -83.9497338,
              35.9477878
            ],
            [
              -83.950611,
              35.948064
            ],
            [
              -83.9511283,
              35.9480903
            ],
            [
              -83.9514389,
              35.9481062
            ],
            [
              -83.9522623,
              35.9480725
            ],
            [
              -83.9525376,
              35.947999
            ],
            [
              -83.9529143,
              35.9479617
            ],
            [
              -83.9532219,
              35.9478203
            ],
            [
              -83.9539987,
              35.9472543
            ],
            [
              -83.9542477,
              35.9470058
            ],
            [
              -83.9544677,
              35.9466949
            ],
            [
              -83.9546384,
              35.9464128
            ],
            [
              -83.9549412,
              35.9457861
            ],
            [
              -83.9551397,
              35.9452055
            ],
            [
              -83.9553065,
              35.9444238
            ],
            [
              -83.955406,
              35.9435307
            ],
            [
              -83.9553753,
              35.9433639
            ],
            [
              -83.9553981,
              35.9431431
            ],
            [
              -83.9554169,
              35.9422538
            ],
            [
              -83.9553444,
              35.9419183
            ],
            [
              -83.9553644,
              35.9416587
            ],
            [
              -83.9552342,
              35.9412383
            ],
            [
              -83.9550428,
              35.9406785
            ],
            [
              -83.9541564,
              35.938615
            ],
            [
              -83.9541235,
              35.9384562
            ],
            [
              -83.9537429,
              35.9375391
            ],
            [
              -83.9534353,
              35.9370632
            ],
            [
              -83.9533315,
              35.9369183
            ],
            [
              -83.9532548,
              35.9368015
            ],
            [
              -83.9530678,
              35.9364879
            ],
            [
              -83.9528254,
              35.9361667
            ],
            [
              -83.9526052,
              35.9358904
            ],
            [
              -83.9524136,
              35.9356688
            ],
            [
              -83.9521969,
              35.9355397
            ],
            [
              -83.9525585,
              35.9369241
            ],
            [
              -83.9524136,
              35.9371326
            ],
            [
              -83.9521128,
              35.9371987
            ],
            [
              -83.9519426,
              35.9373221
            ],
            [
              -83.9518487,
              35.9374077
            ],
            [
              -83.9519101,
              35.9374645
            ],
            [
              -83.9521012,
              35.9375984
            ],
            [
              -83.9521093,
              35.9376884
            ],
            [
              -83.9523665,
              35.9378647
            ],
            [
              -83.9525753,
              35.9381818
            ],
            [
              -83.9526607,
              35.9386393
            ],
            [
              -83.9526768,
              35.9391685
            ],
            [
              -83.9526709,
              35.9395769
            ],
            [
              -83.9525157,
              35.9398043
            ],
            [
              -83.9523825,
              35.9398948
            ],
            [
              -83.9519419,
              35.9400092
            ],
            [
              -83.9516973,
              35.9400659
            ],
            [
              -83.9517756,
              35.9418184
            ],
            [
              -83.9523125,
              35.941857
            ],
            [
              -83.9523923,
              35.9418068
            ],
            [
              -83.9526923,
              35.9418136
            ],
            [
              -83.9527956,
              35.9414694
            ],
            [
              -83.9529395,
              35.9414374
            ],
            [
              -83.9531972,
              35.9415577
            ],
            [
              -83.953443,
              35.9415698
            ],
            [
              -83.9536832,
              35.9416884
            ],
            [
              -83.9538773,
              35.9417573
            ],
            [
              -83.9539357,
              35.9419353
            ],
            [
              -83.9536984,
              35.9423406
            ],
            [
              -83.9532705,
              35.9441932
            ],
            [
              -83.9528355,
              35.9447233
            ],
            [
              -83.9522233,
              35.9448612
            ],
            [
              -83.9514377,
              35.9460537
            ],
            [
              -83.9517135,
              35.9468264
            ],
            [
              -83.9516491,
              35.947397
            ],
            [
              -83.9501686,
              35.9472742
            ],
            [
              -83.9477546,
              35.9465272
            ],
            [
              -83.9476103,
              35.9467025
            ]
          ]
        ]
      },
      "id": "way/468561324"
    },
    {
      "type": "Feature",
      "properties": {
        "@id": "way/469596133",
        "leisure": "park",
        "name": "Circle Park",
        "operator": "University of Tennessee, Knoxville"
      },
      "geometry": {
        "type": "Polygon",
        "coordinates": [
          [
            [
              -83.9274258,
              35.9534618
            ],
            [
              -83.9274555,
              35.9534551
            ],
            [
              -83.9274875,
              35.9534343
            ],
            [
              -83.9274934,
              35.9534116
            ],
            [
              -83.9275019,
              35.9533908
            ],
            [
              -83.9275159,
              35.9533564
            ],
            [
              -83.9275462,
              35.9532907
            ],
            [
              -83.9275739,
              35.953222
            ],
            [
              -83.9276254,
              35.9531688
            ],
            [
              -83.9276575,
              35.953128
            ],
            [
              -83.9276704,
              35.9530965
            ],
            [
              -83.9276588,
              35.9530707
            ],
            [
              -83.9276221,
              35.9530271
            ],
            [
              -83.9275488,
              35.9529447
            ],
            [
              -83.9274762,
              35.952876
            ],
            [
              -83.9274316,
              35.9528105
            ],
            [
              -83.9273383,
              35.9527187
            ],
            [
              -83.9272521,
              35.9526401
            ],
            [
              -83.9271946,
              35.9526053
            ],
            [
              -83.9270993,
              35.9525714
            ],
            [
              -83.9270119,
              35.9525429
            ],
            [
              -83.9269546,
              35.9525331
            ],
            [
              -83.9269155,
              35.9525265
            ],
            [
              -83.9268486,
              35.9525235
            ],
            [
              -83.9267625,
              35.9525257
            ],
            [
              -83.9266913,
              35.9525387
            ],
            [
              -83.9266192,
              35.9525544
            ],
            [
              -83.9265481,
              35.9525822
            ],
            [
              -83.9264771,
              35.9526199
            ],
            [
              -83.9264157,
              35.9526712
            ],
            [
              -83.9263958,
              35.9526879
            ],
            [
              -83.9263501,
              35.9527383
            ],
            [
              -83.9263042,
              35.9527956
            ],
            [
              -83.9262718,
              35.9528698
            ],
            [
              -83.9262452,
              35.9529465
            ],
            [
              -83.9262418,
              35.9530115
            ],
            [
              -83.9262438,
              35.9530775
            ],
            [
              -83.9262791,
              35.9531637
            ],
            [
              -83.9263107,
              35.9532432
            ],
            [
              -83.9263902,
              35.9533369
            ],
            [
              -83.926407,
              35.9533457
            ],
            [
              -83.9265465,
              35.9534192
            ],
            [
              -83.9266402,
              35.9534621
            ],
            [
              -83.9267262,
              35.9534523
            ],
            [
              -83.9267676,
              35.9534544
            ],
            [
              -83.9268858,
              35.9534643
            ],
            [
              -83.9270358,
              35.9534746
            ],
            [
              -83.9271713,
              35.9534678
            ],
            [
              -83.9272894,
              35.9534654
            ],
            [
              -83.9274258,
              35.9534618
            ]
          ]
        ]
      },
      "id": "way/469596133"
    },
    {
      "type": "Feature",
      "properties": {
        "@id": "way/469597917",
        "leisure": "park",
        "name": "Fraternity Park",
        "operator": "University of Tennessee"
      },
      "geometry": {
        "type": "Polygon",
        "coordinates": [
          [
            [
              -83.9333598,
              35.949009
            ],
            [
              -83.9333712,
              35.9489931
            ],
            [
              -83.9333754,
              35.9489744
            ],
            [
              -83.9333705,
              35.9489533
            ],
            [
              -83.9333484,
              35.9489253
            ],
            [
              -83.9332849,
              35.9488659
            ],
            [
              -83.9331915,
              35.9487842
            ],
            [
              -83.933089,
              35.9486955
            ],
            [
              -83.9330468,
              35.9487225
            ],
            [
              -83.9326144,
              35.9483051
            ],
            [
              -83.9326542,
              35.9482747
            ],
            [
              -83.9326539,
              35.9482611
            ],
            [
              -83.9326311,
              35.9482441
            ],
            [
              -83.9325998,
              35.9482308
            ],
            [
              -83.9325602,
              35.9482271
            ],
            [
              -83.9325159,
              35.9482342
            ],
            [
              -83.9324816,
              35.9482529
            ],
            [
              -83.9324811,
              35.9482663
            ],
            [
              -83.9325134,
              35.9483003
            ],
            [
              -83.9320504,
              35.948632
            ],
            [
              -83.9320159,
              35.9485996
            ],
            [
              -83.9319982,
              35.9485988
            ],
            [
              -83.9319767,
              35.9486141
            ],
            [
              -83.9319577,
              35.9486388
            ],
            [
              -83.9319497,
              35.9486785
            ],
            [
              -83.9319594,
              35.9487097
            ],
            [
              -83.9319852,
              35.9487422
            ],
            [
              -83.9320086,
              35.9487402
            ],
            [
              -83.9320432,
              35.9487175
            ],
            [
              -83.9324627,
              35.9491032
            ],
            [
              -83.9324251,
              35.9491339
            ],
            [
              -83.9327127,
              35.949398
            ],
            [
              -83.9327318,
              35.9494119
            ],
            [
              -83.9327554,
              35.9494175
            ],
            [
              -83.9327833,
              35.9494156
            ],
            [
              -83.9328113,
              35.9494
            ],
            [
              -83.9333598,
              35.949009
            ]
          ]
        ]
      },
      "id": "way/469597917"
    },
    {
      "type": "Feature",
      "properties": {
        "@id": "way/475887150",
        "leisure": "park",
        "name": "University of Tennessee Recreation Sports Complex",
        "operator": "University of Tennessee, Knoxville",
        "operator:type": "public"
      },
      "geometry": {
        "type": "Polygon",
        "coordinates": [
          [
            [
              -83.9818498,
              35.9452602
            ],
            [
              -83.9816511,
              35.9447915
            ],
            [
              -83.9814794,
              35.9443813
            ],
            [
              -83.9812596,
              35.9438779
            ],
            [
              -83.9810577,
              35.9434168
            ],
            [
              -83.9808973,
              35.9430445
            ],
            [
              -83.9807723,
              35.9427775
            ],
            [
              -83.980646,
              35.9428141
            ],
            [
              -83.9802832,
              35.943058
            ],
            [
              -83.9802218,
              35.9430569
            ],
            [
              -83.9799845,
              35.9425091
            ],
            [
              -83.9797357,
              35.9426744
            ],
            [
              -83.9796081,
              35.9428758
            ],
            [
              -83.979404,
              35.9430256
            ],
            [
              -83.9790723,
              35.9431237
            ],
            [
              -83.9783323,
              35.9436092
            ],
            [
              -83.9781154,
              35.9439191
            ],
            [
              -83.9777964,
              35.9441308
            ],
            [
              -83.9772988,
              35.9443064
            ],
            [
              -83.9769033,
              35.9445492
            ],
            [
              -83.976444,
              35.9447764
            ],
            [
              -83.9758571,
              35.9450295
            ],
            [
              -83.9756657,
              35.945107
            ],
            [
              -83.9756235,
              35.945339
            ],
            [
              -83.9756604,
              35.9454221
            ],
            [
              -83.9761377,
              35.9461089
            ],
            [
              -83.9764169,
              35.9464631
            ],
            [
              -83.9773066,
              35.9460695
            ],
            [
              -83.9774615,
              35.9462976
            ],
            [
              -83.9774103,
              35.9464124
            ],
            [
              -83.9780124,
              35.9472499
            ],
            [
              -83.9794701,
              35.9465331
            ],
            [
              -83.9797211,
              35.9464322
            ],
            [
              -83.979969,
              35.946277
            ],
            [
              -83.9813114,
              35.9455253
            ],
            [
              -83.9818498,
              35.9452602
            ]
          ]
        ]
      },
      "id": "way/475887150"
    },
    {
      "type": "Feature",
      "properties": {
        "@id": "way/475905198",
        "leisure": "park",
        "name": "4th and Gill Park"
      },
      "geometry": {
        "type": "Polygon",
        "coordinates": [
          [
            [
              -83.9198994,
              35.9792473
            ],
            [
              -83.9199906,
              35.9782988
            ],
            [
              -83.9196956,
              35.9780557
            ],
            [
              -83.9191806,
              35.9783595
            ],
            [
              -83.9191189,
              35.9792234
            ],
            [
              -83.9198994,
              35.9792473
            ]
          ]
        ]
      },
      "id": "way/475905198"
    },
    {
      "type": "Feature",
      "properties": {
        "@id": "way/477948941",
        "addr:city": "Knoxville",
        "addr:housenumber": "200",
        "addr:postcode": "37902",
        "addr:state": "TN",
        "addr:street": "West Hill Avenue",
        "boundary": "protected_area",
        "building": "yes",
        "heritage": "2",
        "heritage:operator": "nrhp",
        "historic": "house",
        "name": "Blount Mansion",
        "nrhp:criteria": "(B),(C)",
        "nrhp:inscription_date": "10/15/1966",
        "nrhp:nhl": "yes",
        "protection_title": "protected_site",
        "ref:nrhp": "66000726",
        "tourism": "museum",
        "website": "https://blountmansion.org/",
        "wikidata": "Q8005646"
      },
      "geometry": {
        "type": "Polygon",
        "coordinates": [
          [
            [
              -83.9146703,
              35.9611533
            ],
            [
              -83.9147416,
              35.9611221
            ],
            [
              -83.9147451,
              35.9611273
            ],
            [
              -83.9147528,
              35.9611239
            ],
            [
              -83.9147676,
              35.9611461
            ],
            [
              -83.9148628,
              35.9611044
            ],
            [
              -83.9148615,
              35.9611025
            ],
            [
              -83.9149186,
              35.9610775
            ],
            [
              -83.9148937,
              35.9610403
            ],
            [
              -83.9148359,
              35.9610656
            ],
            [
              -83.9148248,
              35.9610489
            ],
            [
              -83.9146513,
              35.9611248
            ],
            [
              -83.9146703,
              35.9611533
            ]
          ]
        ]
      },
      "id": "way/477948941"
    },
    {
      "type": "Feature",
      "properties": {
        "@id": "way/479540725",
        "leisure": "park",
        "name": "Pocket Park"
      },
      "geometry": {
        "type": "Polygon",
        "coordinates": [
          [
            [
              -93.0997892,
              41.3193837
            ],
            [
              -93.0997927,
              41.3191179
            ],
            [
              -93.0997573,
              41.3190541
            ],
            [
              -93.0996157,
              41.3190541
            ],
            [
              -93.099598,
              41.3193811
            ],
            [
              -93.0997892,
              41.3193837
            ]
          ]
        ]
      },
      "id": "way/479540725"
    },
    {
      "type": "Feature",
      "properties": {
        "@id": "way/480242169",
        "gnis:feature_id": "1975913",
        "leisure": "park",
        "name": "Edwards City Park"
      },
      "geometry": {
        "type": "Polygon",
        "coordinates": [
          [
            [
              -93.1162723,
              41.3284963
            ],
            [
              -93.1154917,
              41.3285014
            ],
            [
              -93.115944,
              41.3291982
            ],
            [
              -93.116547,
              41.3295706
            ],
            [
              -93.1171601,
              41.330114
            ],
            [
              -93.1170998,
              41.3302347
            ],
            [
              -93.1167547,
              41.3304536
            ],
            [
              -93.1169758,
              41.3306423
            ],
            [
              -93.1171534,
              41.3308687
            ],
            [
              -93.1175487,
              41.3307026
            ],
            [
              -93.117934,
              41.3309618
            ],
            [
              -93.1185354,
              41.3312838
            ],
            [
              -93.1193595,
              41.3316561
            ],
            [
              -93.1206611,
              41.3331026
            ],
            [
              -93.1213579,
              41.3335806
            ],
            [
              -93.1217599,
              41.3332737
            ],
            [
              -93.1221888,
              41.3327102
            ],
            [
              -93.1211636,
              41.3321617
            ],
            [
              -93.1200162,
              41.3314448
            ],
            [
              -93.1194114,
              41.3306347
            ],
            [
              -93.1183025,
              41.3305341
            ],
            [
              -93.1175722,
              41.3301215
            ],
            [
              -93.1167346,
              41.3291404
            ],
            [
              -93.1162723,
              41.3284963
            ]
          ]
        ]
      },
      "id": "way/480242169"
    },
    {
      "type": "Feature",
      "properties": {
        "@id": "way/486143965",
        "gnis:feature_id": "1321762",
        "leisure": "park",
        "name": "West Hills Park",
        "operator": "City of Knoxville",
        "operator:type": "government",
        "operator:wikidata": "Q185582"
      },
      "geometry": {
        "type": "Polygon",
        "coordinates": [
          [
            [
              -84.0479715,
              35.9313597
            ],
            [
              -84.0479152,
              35.9312853
            ],
            [
              -84.0468657,
              35.9298975
            ],
            [
              -84.046002,
              35.9288024
            ],
            [
              -84.0458183,
              35.9284761
            ],
            [
              -84.0449833,
              35.9286219
            ],
            [
              -84.0426489,
              35.9302027
            ],
            [
              -84.042122,
              35.9305823
            ],
            [
              -84.0416081,
              35.9308099
            ],
            [
              -84.0413089,
              35.9309409
            ],
            [
              -84.0413249,
              35.9313371
            ],
            [
              -84.0413588,
              35.9321791
            ],
            [
              -84.0414768,
              35.9329088
            ],
            [
              -84.0408086,
              35.9334387
            ],
            [
              -84.040703,
              35.9335034
            ],
            [
              -84.0405352,
              35.933606
            ],
            [
              -84.0397334,
              35.9340968
            ],
            [
              -84.0396234,
              35.9342873
            ],
            [
              -84.0391993,
              35.9349241
            ],
            [
              -84.0392009,
              35.9350057
            ],
            [
              -84.0396068,
              35.9350512
            ],
            [
              -84.0400338,
              35.935099
            ],
            [
              -84.0410342,
              35.9344236
            ],
            [
              -84.0413923,
              35.9342564
            ],
            [
              -84.0415575,
              35.9341339
            ],
            [
              -84.0429788,
              35.9335234
            ],
            [
              -84.0479715,
              35.9313597
            ]
          ]
        ]
      },
      "id": "way/486143965"
    },
    {
      "type": "Feature",
      "properties": {
        "@id": "way/486692799",
        "leisure": "park",
        "name": "Gary Underwood Park"
      },
      "geometry": {
        "type": "Polygon",
        "coordinates": [
          [
            [
              -83.889829,
              35.9143125
            ],
            [
              -83.8893093,
              35.9132516
            ],
            [
              -83.8890966,
              35.9132282
            ],
            [
              -83.88865,
              35.9126815
            ],
            [
              -83.8879805,
              35.9129507
            ],
            [
              -83.8880094,
              35.9130034
            ],
            [
              -83.8882679,
              35.9134752
            ],
            [
              -83.8875762,
              35.9137892
            ],
            [
              -83.8880469,
              35.9143887
            ],
            [
              -83.8888704,
              35.9146688
            ],
            [
              -83.889829,
              35.9143125
            ]
          ]
        ]
      },
      "id": "way/486692799"
    },
    {
      "type": "Feature",
      "properties": {
        "@id": "way/486693046",
        "leisure": "park",
        "name": "Charter E. Doyle Park",
        "operator": "City of Knoxville",
        "operator:type": "public",
        "operator:wikidata": "Q185582"
      },
      "geometry": {
        "type": "Polygon",
        "coordinates": [
          [
            [
              -83.9024653,
              35.920302
            ],
            [
              -83.9006876,
              35.9190588
            ],
            [
              -83.9005864,
              35.9189892
            ],
            [
              -83.8998364,
              35.9200404
            ],
            [
              -83.8998868,
              35.9208756
            ],
            [
              -83.9009325,
              35.9213253
            ],
            [
              -83.9024653,
              35.920302
            ]
          ]
        ]
      },
      "id": "way/486693046"
    },
    {
      "type": "Feature",
      "properties": {
        "@id": "way/491821551",
        "leisure": "park",
        "name": "John Tarleton Park",
        "operator": "City of Knoxville",
        "operator:type": "government",
        "operator:wikidata": "Q185582",
        "website": "https://www.knoxcounty.org/parks/john_tarleton_park.php"
      },
      "geometry": {
        "type": "Polygon",
        "coordinates": [
          [
            [
              -83.9594252,
              35.9552231
            ],
            [
              -83.9575861,
              35.9551407
            ],
            [
              -83.9563675,
              35.9550828
            ],
            [
              -83.9561238,
              35.9551052
            ],
            [
              -83.9559375,
              35.9551377
            ],
            [
              -83.9556067,
              35.9552842
            ],
            [
              -83.9553331,
              35.9554153
            ],
            [
              -83.9556199,
              35.9558701
            ],
            [
              -83.9562623,
              35.9569055
            ],
            [
              -83.9566381,
              35.9577571
            ],
            [
              -83.9568023,
              35.9581292
            ],
            [
              -83.9555881,
              35.9580176
            ],
            [
              -83.9555227,
              35.9598183
            ],
            [
              -83.9549822,
              35.9600842
            ],
            [
              -83.9549983,
              35.9604316
            ],
            [
              -83.9551246,
              35.9605515
            ],
            [
              -83.9584422,
              35.9594016
            ],
            [
              -83.9605834,
              35.9589494
            ],
            [
              -83.9611957,
              35.9588283
            ],
            [
              -83.9631245,
              35.9587549
            ],
            [
              -83.9631115,
              35.9578284
            ],
            [
              -83.9634282,
              35.9566548
            ],
            [
              -83.9633855,
              35.956558
            ],
            [
              -83.9633407,
              35.9565464
            ],
            [
              -83.9627808,
              35.9565862
            ],
            [
              -83.9606144,
              35.9568826
            ],
            [
              -83.9605236,
              35.9563143
            ],
            [
              -83.9604985,
              35.9562527
            ],
            [
              -83.9604407,
              35.9561107
            ],
            [
              -83.9599086,
              35.9561099
            ],
            [
              -83.9596932,
              35.9559906
            ],
            [
              -83.9594252,
              35.9552231
            ]
          ]
        ]
      },
      "id": "way/491821551"
    },
    {
      "type": "Feature",
      "properties": {
        "@id": "way/492224541",
        "leisure": "park",
        "name": "Badger Field",
        "operator": "City of Knoxville",
        "wikidata": "Q34892969"
      },
      "geometry": {
        "type": "Polygon",
        "coordinates": [
          [
            [
              -84.0002334,
              35.9807476
            ],
            [
              -83.9997312,
              35.9790398
            ],
            [
              -83.9993974,
              35.9789905
            ],
            [
              -83.9992195,
              35.9787716
            ],
            [
              -83.9989843,
              35.9783087
            ],
            [
              -83.9984365,
              35.9772416
            ],
            [
              -83.9950444,
              35.9792762
            ],
            [
              -83.9958534,
              35.9804993
            ],
            [
              -83.9962013,
              35.9805177
            ],
            [
              -84.0002334,
              35.9807476
            ]
          ]
        ]
      },
      "id": "way/492224541"
    },
    {
      "type": "Feature",
      "properties": {
        "@id": "way/494733983",
        "leisure": "park"
      },
      "geometry": {
        "type": "Polygon",
        "coordinates": [
          [
            [
              -83.9401068,
              35.9467737
            ],
            [
              -83.9395904,
              35.9470598
            ],
            [
              -83.939591,
              35.9470723
            ],
            [
              -83.939591,
              35.9470947
            ],
            [
              -83.9398425,
              35.9473706
            ],
            [
              -83.9398571,
              35.9473799
            ],
            [
              -83.9398732,
              35.947383
            ],
            [
              -83.9398909,
              35.9473768
            ],
            [
              -83.9400848,
              35.9472672
            ],
            [
              -83.9400794,
              35.9472454
            ],
            [
              -83.9401148,
              35.9472267
            ],
            [
              -83.9404009,
              35.9470648
            ],
            [
              -83.9404278,
              35.947048
            ],
            [
              -83.9404417,
              35.9470331
            ],
            [
              -83.9404455,
              35.9470175
            ],
            [
              -83.9404401,
              35.9469988
            ],
            [
              -83.9401555,
              35.9466588
            ],
            [
              -83.9400855,
              35.946698
            ],
            [
              -83.9400794,
              35.9467036
            ],
            [
              -83.9400786,
              35.9467155
            ],
            [
              -83.9401217,
              35.9467653
            ],
            [
              -83.9401068,
              35.9467737
            ]
          ]
        ]
      },
      "id": "way/494733983"
    },
    {
      "type": "Feature",
      "properties": {
        "@id": "way/501811467",
        "leisure": "park",
        "name": "West View Park"
      },
      "geometry": {
        "type": "Polygon",
        "coordinates": [
          [
            [
              -83.9633687,
              35.9666477
            ],
            [
              -83.9631439,
              35.9660707
            ],
            [
              -83.9628619,
              35.9661286
            ],
            [
              -83.9628023,
              35.9659853
            ],
            [
              -83.961827,
              35.9662552
            ],
            [
              -83.9616526,
              35.9662639
            ],
            [
              -83.9614327,
              35.9659382
            ],
            [
              -83.9602171,
              35.9663591
            ],
            [
              -83.961221,
              35.9672905
            ],
            [
              -83.9633687,
              35.9666477
            ]
          ]
        ]
      },
      "id": "way/501811467"
    },
    {
      "type": "Feature",
      "properties": {
        "@id": "way/543180186",
        "leisure": "park",
        "name": "Parkridge Park"
      },
      "geometry": {
        "type": "Polygon",
        "coordinates": [
          [
            [
              -83.9067704,
              35.9817063
            ],
            [
              -83.906758,
              35.9816356
            ],
            [
              -83.9066604,
              35.9813982
            ],
            [
              -83.9064581,
              35.9808947
            ],
            [
              -83.9064391,
              35.9808657
            ],
            [
              -83.9059656,
              35.9810627
            ],
            [
              -83.9056505,
              35.9811924
            ],
            [
              -83.9050347,
              35.9814365
            ],
            [
              -83.9047181,
              35.9815828
            ],
            [
              -83.9047328,
              35.981643
            ],
            [
              -83.9051332,
              35.9816556
            ],
            [
              -83.9051585,
              35.9817692
            ],
            [
              -83.9053902,
              35.9817694
            ],
            [
              -83.9053954,
              35.9820558
            ],
            [
              -83.9054757,
              35.9820538
            ],
            [
              -83.9054791,
              35.9816701
            ],
            [
              -83.9057295,
              35.9816742
            ],
            [
              -83.9060005,
              35.9816864
            ],
            [
              -83.9067704,
              35.9817063
            ]
          ]
        ]
      },
      "id": "way/543180186"
    },
    {
      "type": "Feature",
      "properties": {
        "@id": "way/544860665",
        "leisure": "park",
        "name": "All Saints Park"
      },
      "geometry": {
        "type": "Polygon",
        "coordinates": [
          [
            [
              -84.0921292,
              35.9285547
            ],
            [
              -84.092192,
              35.9287413
            ],
            [
              -84.0922799,
              35.928846
            ],
            [
              -84.092514,
              35.928979
            ],
            [
              -84.0926815,
              35.9290732
            ],
            [
              -84.0928474,
              35.9292158
            ],
            [
              -84.0946876,
              35.9288321
            ],
            [
              -84.0947812,
              35.9288126
            ],
            [
              -84.0946925,
              35.9284373
            ],
            [
              -84.0945944,
              35.9280927
            ],
            [
              -84.0945244,
              35.9280733
            ],
            [
              -84.0938379,
              35.9282
            ],
            [
              -84.0933335,
              35.9282472
            ],
            [
              -84.0925303,
              35.9284269
            ],
            [
              -84.0921292,
              35.9285547
            ]
          ]
        ]
      },
      "id": "way/544860665"
    },
    {
      "type": "Feature",
      "properties": {
        "@id": "way/559609795",
        "leisure": "park",
        "name": "Inskip Park"
      },
      "geometry": {
        "type": "Polygon",
        "coordinates": [
          [
            [
              -83.9540488,
              36.0066561
            ],
            [
              -83.9537539,
              36.0067438
            ],
            [
              -83.9532121,
              36.0070005
            ],
            [
              -83.9531155,
              36.0070537
            ],
            [
              -83.952688,
              36.0073713
            ],
            [
              -83.9525602,
              36.0074634
            ],
            [
              -83.9525579,
              36.007501
            ],
            [
              -83.9525927,
              36.0075348
            ],
            [
              -83.9523953,
              36.0076438
            ],
            [
              -83.9520328,
              36.0077866
            ],
            [
              -83.951545,
              36.0079896
            ],
            [
              -83.9514474,
              36.0080291
            ],
            [
              -83.9515048,
              36.0082595
            ],
            [
              -83.9518308,
              36.0092766
            ],
            [
              -83.9520569,
              36.0096123
            ],
            [
              -83.9520901,
              36.009633
            ],
            [
              -83.954064,
              36.0088434
            ],
            [
              -83.9540563,
              36.0083476
            ],
            [
              -83.9540802,
              36.0072669
            ],
            [
              -83.9540488,
              36.0066561
            ]
          ]
        ]
      },
      "id": "way/559609795"
    },
    {
      "type": "Feature",
      "properties": {
        "@id": "way/602756442",
        "description": "Neighborhood  park",
        "leisure": "park"
      },
      "geometry": {
        "type": "Polygon",
        "coordinates": [
          [
            [
              -84.0492383,
              35.9647358
            ],
            [
              -84.0490632,
              35.9646089
            ],
            [
              -84.0489866,
              35.9646782
            ],
            [
              -84.0491617,
              35.9648051
            ],
            [
              -84.0492383,
              35.9647358
            ]
          ]
        ]
      },
      "id": "way/602756442"
    },
    {
      "type": "Feature",
      "properties": {
        "@id": "way/615969301",
        "addr:city": "Knoxville",
        "addr:housenumber": "6410",
        "addr:postcode": "37919",
        "addr:state": "TN",
        "addr:street": "South Northshore Drive",
        "leisure": "park",
        "name": "Lakeshore Park",
        "operator": "Lakeshore Park Conservancy",
        "operator:type": "government",
        "website": "https://lakeshoreparkknoxville.org"
      },
      "geometry": {
        "type": "Polygon",
        "coordinates": [
          [
            [
              -83.9849532,
              35.9176937
            ],
            [
              -83.9849722,
              35.917797
            ],
            [
              -83.9858466,
              35.9205469
            ],
            [
              -83.9857232,
              35.9209423
            ],
            [
              -83.9860558,
              35.9219632
            ],
            [
              -83.9865064,
              35.9233359
            ],
            [
              -83.9867746,
              35.9242004
            ],
            [
              -83.9867317,
              35.9244176
            ],
            [
              -83.98678,
              35.9248129
            ],
            [
              -83.9870482,
              35.925799
            ],
            [
              -83.9873057,
              35.9261378
            ],
            [
              -83.9875632,
              35.9262899
            ],
            [
              -83.9878906,
              35.9262899
            ],
            [
              -83.9922367,
              35.9262899
            ],
            [
              -83.9923185,
              35.9262899
            ],
            [
              -83.9927167,
              35.9257825
            ],
            [
              -83.9930575,
              35.9253947
            ],
            [
              -83.99329,
              35.9251603
            ],
            [
              -83.9934155,
              35.9250492
            ],
            [
              -83.9937343,
              35.9247669
            ],
            [
              -83.9943344,
              35.9243098
            ],
            [
              -83.9954586,
              35.9234678
            ],
            [
              -83.9958548,
              35.9232074
            ],
            [
              -83.995985,
              35.9231186
            ],
            [
              -83.9959448,
              35.9229479
            ],
            [
              -83.9959341,
              35.922835
            ],
            [
              -83.9959368,
              35.9227548
            ],
            [
              -83.995959,
              35.9226458
            ],
            [
              -83.995992,
              35.9225133
            ],
            [
              -83.996275,
              35.9212761
            ],
            [
              -83.9964343,
              35.9205434
            ],
            [
              -83.9965019,
              35.92018
            ],
            [
              -83.9965655,
              35.9196077
            ],
            [
              -83.9965887,
              35.9192013
            ],
            [
              -83.9965861,
              35.9188741
            ],
            [
              -83.9965652,
              35.9187373
            ],
            [
              -83.9965527,
              35.9186553
            ],
            [
              -83.9965089,
              35.9183614
            ],
            [
              -83.9964893,
              35.9182759
            ],
            [
              -83.9963474,
              35.9180598
            ],
            [
              -83.9961712,
              35.9173941
            ],
            [
              -83.9961213,
              35.9171308
            ],
            [
              -83.9961207,
              35.9169891
            ],
            [
              -83.9961464,
              35.9167949
            ],
            [
              -83.9961857,
              35.9166488
            ],
            [
              -83.996183,
              35.9165856
            ],
            [
              -83.9961603,
              35.9165248
            ],
            [
              -83.9961019,
              35.9164744
            ],
            [
              -83.9959889,
              35.9164397
            ],
            [
              -83.995879,
              35.9166135
            ],
            [
              -83.9957914,
              35.9168043
            ],
            [
              -83.9958648,
              35.9168846
            ],
            [
              -83.9956896,
              35.9170364
            ],
            [
              -83.9958971,
              35.9172316
            ],
            [
              -83.9957987,
              35.9173486
            ],
            [
              -83.9957324,
              35.9174287
            ],
            [
              -83.9953756,
              35.9172591
            ],
            [
              -83.9946854,
              35.9172491
            ],
            [
              -83.9939706,
              35.9179278
            ],
            [
              -83.9931079,
              35.9177781
            ],
            [
              -83.9922083,
              35.9177781
            ],
            [
              -83.9920604,
              35.9177182
            ],
            [
              -83.9910782,
              35.9171931
            ],
            [
              -83.9893228,
              35.9169478
            ],
            [
              -83.9889177,
              35.9182671
            ],
            [
              -83.9849532,
              35.9176937
            ]
          ]
        ]
      },
      "id": "way/615969301"
    },
    {
      "type": "Feature",
      "properties": {
        "@id": "way/628668656",
        "leisure": "park",
        "name": "Knoxville City Park"
      },
      "geometry": {
        "type": "Polygon",
        "coordinates": [
          [
            [
              -93.3661827,
              35.3867197
            ],
            [
              -93.3662095,
              35.3856088
            ],
            [
              -93.3661022,
              35.3855651
            ],
            [
              -93.3654531,
              35.3856241
            ],
            [
              -93.3654397,
              35.3857859
            ],
            [
              -93.3643695,
              35.3857816
            ],
            [
              -93.3643829,
              35.3866956
            ],
            [
              -93.3661827,
              35.3867197
            ]
          ]
        ]
      },
      "id": "way/628668656"
    },
    {
      "type": "Feature",
      "properties": {
        "@id": "way/682411918",
        "leisure": "park",
        "name": "Sam Duff Park",
        "operator": "City of Knoxville",
        "operator:type": "public",
        "operator:wikidata": "Q185582"
      },
      "geometry": {
        "type": "Polygon",
        "coordinates": [
          [
            [
              -83.905298,
              35.9380974
            ],
            [
              -83.9066065,
              35.9374003
            ],
            [
              -83.906473,
              35.9372563
            ],
            [
              -83.9067002,
              35.9371599
            ],
            [
              -83.9059209,
              35.9360342
            ],
            [
              -83.9039472,
              35.9371963
            ],
            [
              -83.905204,
              35.937983
            ],
            [
              -83.905298,
              35.9380974
            ]
          ]
        ]
      },
      "id": "way/682411918"
    },
    {
      "type": "Feature",
      "properties": {
        "@id": "way/684494358",
        "boundary": "protected_area",
        "name": "Forks Of The River Wildlife Management Area",
        "protected_area": "game_land"
      },
      "geometry": {
        "type": "Polygon",
        "coordinates": [
          [
            [
              -83.8490737,
              35.9360994
            ],
            [
              -83.8490219,
              35.9360225
            ],
            [
              -83.8489971,
              35.9359776
            ],
            [
              -83.8489659,
              35.9359046
            ],
            [
              -83.8489459,
              35.9358362
            ],
            [
              -83.8487516,
              35.9349074
            ],
            [
              -83.8486759,
              35.9344205
            ],
            [
              -83.8486183,
              35.9339256
            ],
            [
              -83.8477892,
              35.9341193
            ],
            [
              -83.8458865,
              35.9349663
            ],
            [
              -83.8454212,
              35.9354747
            ],
            [
              -83.8441887,
              35.9365657
            ],
            [
              -83.8404304,
              35.9387278
            ],
            [
              -83.839141,
              35.9397145
            ],
            [
              -83.8393308,
              35.9398225
            ],
            [
              -83.8394189,
              35.9398952
            ],
            [
              -83.839543,
              35.9400262
            ],
            [
              -83.8396245,
              35.9401427
            ],
            [
              -83.839924,
              35.9402532
            ],
            [
              -83.8401083,
              35.9403495
            ],
            [
              -83.8404736,
              35.940609
            ],
            [
              -83.8406883,
              35.9407743
            ],
            [
              -83.8408448,
              35.9409017
            ],
            [
              -83.8411162,
              35.9411521
            ],
            [
              -83.8413062,
              35.9413332
            ],
            [
              -83.8414872,
              35.9415482
            ],
            [
              -83.8415841,
              35.9416904
            ],
            [
              -83.8416802,
              35.9418129
            ],
            [
              -83.8417677,
              35.9419582
            ],
            [
              -83.8418674,
              35.9420467
            ],
            [
              -83.8419626,
              35.9421548
            ],
            [
              -83.8420725,
              35.9422656
            ],
            [
              -83.8421582,
              35.9423273
            ],
            [
              -83.8422394,
              35.9423559
            ],
            [
              -83.8423022,
              35.9423719
            ],
            [
              -83.8424561,
              35.9425269
            ],
            [
              -83.8425148,
              35.9425983
            ],
            [
              -83.8426583,
              35.9427347
            ],
            [
              -83.8427601,
              35.942814
            ],
            [
              -83.8428792,
              35.9428936
            ],
            [
              -83.8429819,
              35.9429377
            ],
            [
              -83.8429969,
              35.9430225
            ],
            [
              -83.8430733,
              35.9430802
            ],
            [
              -83.8431591,
              35.9431099
            ],
            [
              -83.84332,
              35.9432466
            ],
            [
              -83.8434229,
              35.9432837
            ],
            [
              -83.8434643,
              35.9433549
            ],
            [
              -83.8436174,
              35.9434562
            ],
            [
              -83.8437163,
              35.943599
            ],
            [
              -83.8438142,
              35.943754
            ],
            [
              -83.8439755,
              35.9438845
            ],
            [
              -83.8440362,
              35.9439622
            ],
            [
              -83.8441827,
              35.9440606
            ],
            [
              -83.8442919,
              35.9440881
            ],
            [
              -83.8443302,
              35.9441207
            ],
            [
              -83.8443986,
              35.9442049
            ],
            [
              -83.8444598,
              35.9442635
            ],
            [
              -83.844597,
              35.9444192
            ],
            [
              -83.844681,
              35.9445037
            ],
            [
              -83.8448558,
              35.9447175
            ],
            [
              -83.8449158,
              35.9448207
            ],
            [
              -83.8450451,
              35.9449762
            ],
            [
              -83.8451436,
              35.9451057
            ],
            [
              -83.8451729,
              35.9451828
            ],
            [
              -83.8452028,
              35.9452408
            ],
            [
              -83.8452949,
              35.9453191
            ],
            [
              -83.8454009,
              35.9454614
            ],
            [
              -83.8455041,
              35.9457122
            ],
            [
              -83.8455625,
              35.9458729
            ],
            [
              -83.8456602,
              35.9460342
            ],
            [
              -83.8457584,
              35.9461764
            ],
            [
              -83.845925,
              35.9464029
            ],
            [
              -83.8459893,
              35.9466402
            ],
            [
              -83.8461339,
              35.9468088
            ],
            [
              -83.8461939,
              35.946912
            ],
            [
              -83.8462904,
              35.9471181
            ],
            [
              -83.8463818,
              35.9472218
            ],
            [
              -83.8465598,
              35.9476081
            ],
            [
              -83.8465914,
              35.9478895
            ],
            [
              -83.8466261,
              35.9480561
            ],
            [
              -83.8466449,
              35.9482322
            ],
            [
              -83.8466624,
              35.9483454
            ],
            [
              -83.8466961,
              35.948466
            ],
            [
              -83.8467117,
              35.9485712
            ],
            [
              -83.846717,
              35.9487138
            ],
            [
              -83.8467101,
              35.9489687
            ],
            [
              -83.8466954,
              35.9491709
            ],
            [
              -83.8466615,
              35.9494027
            ],
            [
              -83.8465606,
              35.9497234
            ],
            [
              -83.8465434,
              35.9500155
            ],
            [
              -83.8465013,
              35.9502097
            ],
            [
              -83.8464,
              35.9505454
            ],
            [
              -83.8463961,
              35.9506878
            ],
            [
              -83.8463698,
              35.9509797
            ],
            [
              -83.8463202,
              35.9511063
            ],
            [
              -83.8463078,
              35.9512261
            ],
            [
              -83.8462533,
              35.9515266
            ],
            [
              -83.8462177,
              35.9516865
            ],
            [
              -83.8461701,
              35.9518593
            ],
            [
              -83.8459459,
              35.9524211
            ],
            [
              -83.8457875,
              35.9528764
            ],
            [
              -83.8457543,
              35.9530876
            ],
            [
              -83.8457267,
              35.9531605
            ],
            [
              -83.8456376,
              35.9532307
            ],
            [
              -83.8455216,
              35.9533046
            ],
            [
              -83.8454304,
              35.9533571
            ],
            [
              -83.845369,
              35.953439
            ],
            [
              -83.8452967,
              35.9536184
            ],
            [
              -83.8451686,
              35.953825
            ],
            [
              -83.8451462,
              35.9539035
            ],
            [
              -83.8447576,
              35.9541867
            ],
            [
              -83.8446697,
              35.9542635
            ],
            [
              -83.8445977,
              35.9543868
            ],
            [
              -83.8445034,
              35.9544953
            ],
            [
              -83.8444078,
              35.9546467
            ],
            [
              -83.8443891,
              35.9548221
            ],
            [
              -83.8444056,
              35.9548082
            ],
            [
              -83.8443577,
              35.9549729
            ],
            [
              -83.8443574,
              35.9551147
            ],
            [
              -83.8443202,
              35.9553248
            ],
            [
              -83.8441985,
              35.9554985
            ],
            [
              -83.8441198,
              35.9556228
            ],
            [
              -83.844129,
              35.9557176
            ],
            [
              -83.8442012,
              35.955891
            ],
            [
              -83.8443381,
              35.9563135
            ],
            [
              -83.8443892,
              35.9563929
            ],
            [
              -83.8444486,
              35.9564626
            ],
            [
              -83.8445966,
              35.9566106
            ],
            [
              -83.8447087,
              35.9567488
            ],
            [
              -83.8448474,
              35.9569394
            ],
            [
              -83.8450037,
              35.9571205
            ],
            [
              -83.8452143,
              35.9572745
            ],
            [
              -83.8454573,
              35.9574646
            ],
            [
              -83.8457629,
              35.957664
            ],
            [
              -83.846031,
              35.9578218
            ],
            [
              -83.8462167,
              35.9579158
            ],
            [
              -83.8464126,
              35.9580287
            ],
            [
              -83.846683,
              35.9581547
            ],
            [
              -83.8468246,
              35.9582635
            ],
            [
              -83.8469493,
              35.9583684
            ],
            [
              -83.8472858,
              35.9584763
            ],
            [
              -83.8473712,
              35.958498
            ],
            [
              -83.8477853,
              35.9585457
            ],
            [
              -83.8480726,
              35.9585545
            ],
            [
              -83.8481932,
              35.95855
            ],
            [
              -83.8482999,
              35.9585166
            ],
            [
              -83.8488234,
              35.9584998
            ],
            [
              -83.8490085,
              35.9584838
            ],
            [
              -83.8491451,
              35.9584797
            ],
            [
              -83.8494631,
              35.9584014
            ],
            [
              -83.8495753,
              35.9583659
            ],
            [
              -83.8498646,
              35.9582852
            ],
            [
              -83.850086,
              35.9581841
            ],
            [
              -83.8503169,
              35.9580993
            ],
            [
              -83.850741,
              35.9578564
            ],
            [
              -83.8509332,
              35.9577305
            ],
            [
              -83.8513694,
              35.957407
            ],
            [
              -83.8515833,
              35.9572168
            ],
            [
              -83.8519187,
              35.95694
            ],
            [
              -83.8521026,
              35.9567574
            ],
            [
              -83.8523465,
              35.9565597
            ],
            [
              -83.8525906,
              35.9563539
            ],
            [
              -83.8528446,
              35.9561484
            ],
            [
              -83.8530578,
              35.9559825
            ],
            [
              -83.8532807,
              35.9558248
            ],
            [
              -83.853575,
              35.9556038
            ],
            [
              -83.8542612,
              35.95522
            ],
            [
              -83.8545126,
              35.9551114
            ],
            [
              -83.8547141,
              35.9550099
            ],
            [
              -83.8550759,
              35.9548628
            ],
            [
              -83.8554576,
              35.9547161
            ],
            [
              -83.855739,
              35.9545999
            ],
            [
              -83.8558392,
              35.9545693
            ],
            [
              -83.8563109,
              35.9544
            ],
            [
              -83.8565306,
              35.9543635
            ],
            [
              -83.8568148,
              35.9542761
            ],
            [
              -83.856927,
              35.9542812
            ],
            [
              -83.8570471,
              35.9542471
            ],
            [
              -83.8573382,
              35.9542196
            ],
            [
              -83.8576585,
              35.9541985
            ],
            [
              -83.8580145,
              35.9541987
            ],
            [
              -83.8584026,
              35.9542129
            ],
            [
              -83.8585308,
              35.9542225
            ],
            [
              -83.8591295,
              35.9542963
            ],
            [
              -83.8592398,
              35.9543031
            ],
            [
              -83.8593356,
              35.9543
            ],
            [
              -83.8594579,
              35.9543056
            ],
            [
              -83.859466,
              35.9541503
            ],
            [
              -83.859516,
              35.9540627
            ],
            [
              -83.8594838,
              35.9539305
            ],
            [
              -83.8593679,
              35.9539049
            ],
            [
              -83.8593342,
              35.9538858
            ],
            [
              -83.8592998,
              35.9538572
            ],
            [
              -83.8592109,
              35.9529013
            ],
            [
              -83.8592102,
              35.9527909
            ],
            [
              -83.8601949,
              35.9528111
            ],
            [
              -83.8602654,
              35.9528125
            ],
            [
              -83.8606196,
              35.9527733
            ],
            [
              -83.861291,
              35.9525349
            ],
            [
              -83.8613226,
              35.9525204
            ],
            [
              -83.8609738,
              35.9520701
            ],
            [
              -83.8605128,
              35.9512993
            ],
            [
              -83.860349,
              35.9507718
            ],
            [
              -83.8596055,
              35.950982
            ],
            [
              -83.8597846,
              35.950434
            ],
            [
              -83.8598154,
              35.9503195
            ],
            [
              -83.8592561,
              35.9501519
            ],
            [
              -83.8575965,
              35.9497315
            ],
            [
              -83.8574099,
              35.9484154
            ],
            [
              -83.8573933,
              35.9483479
            ],
            [
              -83.8567781,
              35.9449961
            ],
            [
              -83.8544742,
              35.9429228
            ],
            [
              -83.8530741,
              35.9417755
            ],
            [
              -83.853481,
              35.9382312
            ],
            [
              -83.8533707,
              35.9378205
            ],
            [
              -83.8533111,
              35.9377979
            ],
            [
              -83.8532019,
              35.9377397
            ],
            [
              -83.8502868,
              35.9392814
            ],
            [
              -83.8494511,
              35.9397234
            ],
            [
              -83.8488497,
              35.9393658
            ],
            [
              -83.848903,
              35.9393189
            ],
            [
              -83.8497536,
              35.9385705
            ],
            [
              -83.851255,
              35.937275
            ],
            [
              -83.8510625,
              35.9364655
            ],
            [
              -83.8508453,
              35.9364734
            ],
            [
              -83.8501786,
              35.9364771
            ],
            [
              -83.8496055,
              35.9367766
            ],
            [
              -83.8491354,
              35.9370373
            ],
            [
              -83.8487596,
              35.9370876
            ],
            [
              -83.8484959,
              35.9364939
            ],
            [
              -83.8486366,
              35.9361105
            ],
            [
              -83.8490737,
              35.9360994
            ]
          ]
        ]
      },
      "id": "way/684494358"
    },
    {
      "type": "Feature",
      "properties": {
        "@id": "way/684497143",
        "boundary": "protected_area",
        "leisure": "nature_reserve",
        "name": "Marie Myers Park",
        "operator": "City of Knoxville",
        "operator:type": "public",
        "operator:wikidata": "Q185582"
      },
      "geometry": {
        "type": "Polygon",
        "coordinates": [
          [
            [
              -83.8769305,
              35.9406712
            ],
            [
              -83.8771315,
              35.9406631
            ],
            [
              -83.8774388,
              35.9406508
            ],
            [
              -83.8776942,
              35.9406405
            ],
            [
              -83.8782678,
              35.9403231
            ],
            [
              -83.8783004,
              35.9403051
            ],
            [
              -83.8786145,
              35.9401313
            ],
            [
              -83.879083,
              35.9397429
            ],
            [
              -83.8798605,
              35.9395946
            ],
            [
              -83.8799686,
              35.9390907
            ],
            [
              -83.8802785,
              35.9387386
            ],
            [
              -83.8802222,
              35.9385445
            ],
            [
              -83.8797697,
              35.9385592
            ],
            [
              -83.8791574,
              35.9384493
            ],
            [
              -83.8788254,
              35.9385979
            ],
            [
              -83.8785586,
              35.9387664
            ],
            [
              -83.878409,
              35.9387889
            ],
            [
              -83.8765997,
              35.9378928
            ],
            [
              -83.8754114,
              35.9370211
            ],
            [
              -83.8751711,
              35.9371035
            ],
            [
              -83.8749905,
              35.9371074
            ],
            [
              -83.8746899,
              35.9372243
            ],
            [
              -83.8740931,
              35.9375324
            ],
            [
              -83.873968,
              35.9375902
            ],
            [
              -83.8738531,
              35.9376826
            ],
            [
              -83.8732892,
              35.9383587
            ],
            [
              -83.8735036,
              35.9384176
            ],
            [
              -83.873995,
              35.9388563
            ],
            [
              -83.8740342,
              35.9391982
            ],
            [
              -83.8741687,
              35.9399347
            ],
            [
              -83.8742159,
              35.9399597
            ],
            [
              -83.8742745,
              35.9399846
            ],
            [
              -83.874447,
              35.94005
            ],
            [
              -83.8748812,
              35.9402258
            ],
            [
              -83.8749808,
              35.9402753
            ],
            [
              -83.8750535,
              35.940325
            ],
            [
              -83.8750936,
              35.9403644
            ],
            [
              -83.8751263,
              35.9404075
            ],
            [
              -83.8751512,
              35.9404539
            ],
            [
              -83.8751678,
              35.9405027
            ],
            [
              -83.8751766,
              35.9405778
            ],
            [
              -83.8751644,
              35.9407424
            ],
            [
              -83.8763703,
              35.9406938
            ],
            [
              -83.8765031,
              35.9416609
            ],
            [
              -83.8765586,
              35.9417111
            ],
            [
              -83.8766138,
              35.9417862
            ],
            [
              -83.8766393,
              35.9418407
            ],
            [
              -83.8766747,
              35.9419521
            ],
            [
              -83.8766844,
              35.9419942
            ],
            [
              -83.8766922,
              35.9420655
            ],
            [
              -83.8766884,
              35.942359
            ],
            [
              -83.876696,
              35.9424024
            ],
            [
              -83.8767036,
              35.9424212
            ],
            [
              -83.8767363,
              35.9424528
            ],
            [
              -83.8767739,
              35.9424805
            ],
            [
              -83.876811,
              35.942501
            ],
            [
              -83.8768504,
              35.9425144
            ],
            [
              -83.8769112,
              35.9425214
            ],
            [
              -83.8770177,
              35.9425065
            ],
            [
              -83.8773834,
              35.9420502
            ],
            [
              -83.8775461,
              35.9418157
            ],
            [
              -83.8779561,
              35.9413354
            ],
            [
              -83.8778045,
              35.941324
            ],
            [
              -83.8772757,
              35.9411962
            ],
            [
              -83.8771475,
              35.9410013
            ],
            [
              -83.8769305,
              35.9406712
            ]
          ]
        ]
      },
      "id": "way/684497143"
    },
    {
      "type": "Feature",
      "properties": {
        "@id": "way/684498925",
        "boundary": "protected_area",
        "name": "Meads Quarry Park"
      },
      "geometry": {
        "type": "Polygon",
        "coordinates": [
          [
            [
              -83.8681787,
              35.9552638
            ],
            [
              -83.8682283,
              35.9552859
            ],
            [
              -83.8683084,
              35.955308
            ],
            [
              -83.8683642,
              35.955315
            ],
            [
              -83.8684207,
              35.9553157
            ],
            [
              -83.8684767,
              35.95531
            ],
            [
              -83.8689113,
              35.9552287
            ],
            [
              -83.8689754,
              35.9552208
            ],
            [
              -83.869105,
              35.9552162
            ],
            [
              -83.8691698,
              35.9552195
            ],
            [
              -83.8692435,
              35.9552281
            ],
            [
              -83.8693209,
              35.9552425
            ],
            [
              -83.8697486,
              35.9550163
            ],
            [
              -83.8702698,
              35.9547465
            ],
            [
              -83.8704405,
              35.9547449
            ],
            [
              -83.8711273,
              35.9546783
            ],
            [
              -83.8718649,
              35.9544285
            ],
            [
              -83.8726182,
              35.9541784
            ],
            [
              -83.8726114,
              35.9541646
            ],
            [
              -83.8724752,
              35.9536145
            ],
            [
              -83.8725306,
              35.9532737
            ],
            [
              -83.8712852,
              35.9535977
            ],
            [
              -83.8712488,
              35.9523445
            ],
            [
              -83.8711316,
              35.9510748
            ],
            [
              -83.8727069,
              35.9508616
            ],
            [
              -83.8728423,
              35.9504826
            ],
            [
              -83.8736334,
              35.949705
            ],
            [
              -83.8737615,
              35.9496037
            ],
            [
              -83.8738527,
              35.9495372
            ],
            [
              -83.8740985,
              35.9493223
            ],
            [
              -83.8742663,
              35.9493486
            ],
            [
              -83.8743517,
              35.9493582
            ],
            [
              -83.8744376,
              35.9493653
            ],
            [
              -83.8746099,
              35.949372
            ],
            [
              -83.8746961,
              35.9493716
            ],
            [
              -83.8748683,
              35.9493633
            ],
            [
              -83.8750162,
              35.9493458
            ],
            [
              -83.8751652,
              35.9493368
            ],
            [
              -83.8751493,
              35.9493228
            ],
            [
              -83.8748091,
              35.9487022
            ],
            [
              -83.8752542,
              35.9484878
            ],
            [
              -83.875281,
              35.9485444
            ],
            [
              -83.8756372,
              35.948372
            ],
            [
              -83.8756144,
              35.9483143
            ],
            [
              -83.8762043,
              35.9479849
            ],
            [
              -83.8763956,
              35.9479246
            ],
            [
              -83.8778391,
              35.9472461
            ],
            [
              -83.8778342,
              35.9472918
            ],
            [
              -83.8782158,
              35.947111
            ],
            [
              -83.8796646,
              35.9464247
            ],
            [
              -83.8797977,
              35.9463556
            ],
            [
              -83.879505,
              35.9459832
            ],
            [
              -83.8792927,
              35.9460894
            ],
            [
              -83.8790337,
              35.9457576
            ],
            [
              -83.8805584,
              35.9449801
            ],
            [
              -83.8803842,
              35.9447524
            ],
            [
              -83.8801061,
              35.9443679
            ],
            [
              -83.880615,
              35.9440169
            ],
            [
              -83.8793705,
              35.9435422
            ],
            [
              -83.879401,
              35.9429816
            ],
            [
              -83.8789189,
              35.9430408
            ],
            [
              -83.8790195,
              35.9422948
            ],
            [
              -83.8789009,
              35.9423153
            ],
            [
              -83.8788706,
              35.9425116
            ],
            [
              -83.8785221,
              35.942553
            ],
            [
              -83.8786044,
              35.9429508
            ],
            [
              -83.8782313,
              35.9430078
            ],
            [
              -83.8782225,
              35.9429907
            ],
            [
              -83.8772989,
              35.9431416
            ],
            [
              -83.8773037,
              35.943166
            ],
            [
              -83.8768833,
              35.9432217
            ],
            [
              -83.8766743,
              35.9430792
            ],
            [
              -83.8767322,
              35.9430069
            ],
            [
              -83.8770269,
              35.9426387
            ],
            [
              -83.87688,
              35.9426344
            ],
            [
              -83.8765715,
              35.9430092
            ],
            [
              -83.8763236,
              35.9432989
            ],
            [
              -83.8761366,
              35.9435319
            ],
            [
              -83.8760132,
              35.9437041
            ],
            [
              -83.8759595,
              35.9437584
            ],
            [
              -83.8756182,
              35.9439361
            ],
            [
              -83.8744038,
              35.944552
            ],
            [
              -83.8734691,
              35.9453168
            ],
            [
              -83.8731628,
              35.9452628
            ],
            [
              -83.8722802,
              35.9451072
            ],
            [
              -83.8718073,
              35.944599
            ],
            [
              -83.8714911,
              35.9441525
            ],
            [
              -83.8711431,
              35.9436872
            ],
            [
              -83.871049,
              35.943573
            ],
            [
              -83.8708464,
              35.9433065
            ],
            [
              -83.870183,
              35.9425097
            ],
            [
              -83.869345,
              35.9413242
            ],
            [
              -83.8684513,
              35.9426778
            ],
            [
              -83.8677088,
              35.9437728
            ],
            [
              -83.8688062,
              35.9450291
            ],
            [
              -83.8696831,
              35.9459969
            ],
            [
              -83.869469,
              35.946171
            ],
            [
              -83.8688235,
              35.9466956
            ],
            [
              -83.8692525,
              35.947159
            ],
            [
              -83.869084,
              35.9472809
            ],
            [
              -83.8689306,
              35.947385
            ],
            [
              -83.8685615,
              35.947622
            ],
            [
              -83.8684036,
              35.947734
            ],
            [
              -83.8681122,
              35.9479268
            ],
            [
              -83.8679869,
              35.948017
            ],
            [
              -83.8678655,
              35.9481107
            ],
            [
              -83.8677554,
              35.9482017
            ],
            [
              -83.8673193,
              35.9485814
            ],
            [
              -83.8672335,
              35.9486734
            ],
            [
              -83.8671791,
              35.9487482
            ],
            [
              -83.8664725,
              35.94989
            ],
            [
              -83.866363,
              35.9500261
            ],
            [
              -83.866293,
              35.9500977
            ],
            [
              -83.8662206,
              35.9501528
            ],
            [
              -83.8661466,
              35.9502018
            ],
            [
              -83.8659073,
              35.9503376
            ],
            [
              -83.8657634,
              35.950426
            ],
            [
              -83.8656365,
              35.950517
            ],
            [
              -83.8655384,
              35.9505934
            ],
            [
              -83.8654503,
              35.9506691
            ],
            [
              -83.8652683,
              35.9507791
            ],
            [
              -83.8653958,
              35.9511114
            ],
            [
              -83.8654411,
              35.9515013
            ],
            [
              -83.865081,
              35.9515432
            ],
            [
              -83.8651484,
              35.951857
            ],
            [
              -83.8651689,
              35.9519348
            ],
            [
              -83.8651969,
              35.952011
            ],
            [
              -83.8652321,
              35.9520853
            ],
            [
              -83.8652742,
              35.9521571
            ],
            [
              -83.8653232,
              35.952226
            ],
            [
              -83.8658952,
              35.9531146
            ],
            [
              -83.8658907,
              35.953121
            ],
            [
              -83.8658982,
              35.9531194
            ],
            [
              -83.8659768,
              35.9532412
            ],
            [
              -83.8660767,
              35.9534184
            ],
            [
              -83.8661067,
              35.9534849
            ],
            [
              -83.8662844,
              35.9537506
            ],
            [
              -83.866585,
              35.9541284
            ],
            [
              -83.8666911,
              35.9542467
            ],
            [
              -83.8668078,
              35.9543583
            ],
            [
              -83.8669349,
              35.9544629
            ],
            [
              -83.8670001,
              35.9545108
            ],
            [
              -83.8670661,
              35.9545531
            ],
            [
              -83.8673318,
              35.9544328
            ],
            [
              -83.8675425,
              35.9546043
            ],
            [
              -83.8673859,
              35.9547578
            ],
            [
              -83.8681787,
              35.9552638
            ]
          ]
        ]
      },
      "id": "way/684498925"
    },
    {
      "type": "Feature",
      "properties": {
        "@id": "way/685538429",
        "leisure": "park",
        "name": "Fort Dickerson Park",
        "operator": "City of Knoxville",
        "operator:type": "public",
        "operator:wikidata": "Q185582"
      },
      "geometry": {
        "type": "Polygon",
        "coordinates": [
          [
            [
              -83.913931,
              35.9476296
            ],
            [
              -83.915287,
              35.9482711
            ],
            [
              -83.9157803,
              35.9489636
            ],
            [
              -83.9156016,
              35.9495126
            ],
            [
              -83.9162382,
              35.9497588
            ],
            [
              -83.9167174,
              35.9496023
            ],
            [
              -83.9171068,
              35.9495332
            ],
            [
              -83.9173333,
              35.94929
            ],
            [
              -83.9175632,
              35.9492691
            ],
            [
              -83.9181371,
              35.9496386
            ],
            [
              -83.9185259,
              35.9489453
            ],
            [
              -83.9189727,
              35.9481344
            ],
            [
              -83.9192356,
              35.9476451
            ],
            [
              -83.9193652,
              35.9473649
            ],
            [
              -83.9194276,
              35.9472081
            ],
            [
              -83.9195043,
              35.9469848
            ],
            [
              -83.9195698,
              35.9467489
            ],
            [
              -83.9196045,
              35.9465953
            ],
            [
              -83.9196398,
              35.946388
            ],
            [
              -83.9196639,
              35.9462015
            ],
            [
              -83.9196791,
              35.9459552
            ],
            [
              -83.9196803,
              35.9458411
            ],
            [
              -83.9196707,
              35.9455944
            ],
            [
              -83.9196414,
              35.9452653
            ],
            [
              -83.9196158,
              35.9450683
            ],
            [
              -83.9195782,
              35.9448581
            ],
            [
              -83.919494,
              35.9445229
            ],
            [
              -83.9194323,
              35.9443285
            ],
            [
              -83.919399,
              35.9442404
            ],
            [
              -83.9194045,
              35.9440702
            ],
            [
              -83.9193598,
              35.9439435
            ],
            [
              -83.9190932,
              35.9434118
            ],
            [
              -83.9189065,
              35.9431318
            ],
            [
              -83.9187847,
              35.942913
            ],
            [
              -83.9184034,
              35.9423449
            ],
            [
              -83.9178706,
              35.9425559
            ],
            [
              -83.9172553,
              35.9423529
            ],
            [
              -83.9168286,
              35.9422436
            ],
            [
              -83.9166911,
              35.942233
            ],
            [
              -83.9165717,
              35.9422472
            ],
            [
              -83.9164264,
              35.9422784
            ],
            [
              -83.9162753,
              35.9423731
            ],
            [
              -83.916105,
              35.9424555
            ],
            [
              -83.9157977,
              35.9425535
            ],
            [
              -83.9153555,
              35.9427061
            ],
            [
              -83.9147715,
              35.9428207
            ],
            [
              -83.9144041,
              35.9429217
            ],
            [
              -83.9139621,
              35.9433737
            ],
            [
              -83.9136399,
              35.943762
            ],
            [
              -83.9132682,
              35.9439367
            ],
            [
              -83.9130869,
              35.9445011
            ],
            [
              -83.9130445,
              35.9443451
            ],
            [
              -83.9126073,
              35.9444153
            ],
            [
              -83.9125747,
              35.9444233
            ],
            [
              -83.91237,
              35.9444734
            ],
            [
              -83.9122926,
              35.944476
            ],
            [
              -83.9122546,
              35.9444822
            ],
            [
              -83.9121611,
              35.9444709
            ],
            [
              -83.9118252,
              35.9445551
            ],
            [
              -83.9118123,
              35.944521
            ],
            [
              -83.9117739,
              35.9445306
            ],
            [
              -83.911848,
              35.9447858
            ],
            [
              -83.9120099,
              35.9452344
            ],
            [
              -83.91239,
              35.9451461
            ],
            [
              -83.9125181,
              35.9451163
            ],
            [
              -83.912681,
              35.9450682
            ],
            [
              -83.912818,
              35.9450278
            ],
            [
              -83.9129221,
              35.9451914
            ],
            [
              -83.9129662,
              35.9452805
            ],
            [
              -83.9130085,
              35.9453515
            ],
            [
              -83.9130254,
              35.9453508
            ],
            [
              -83.9132916,
              35.9459711
            ],
            [
              -83.9137109,
              35.9465113
            ],
            [
              -83.913931,
              35.9476296
            ]
          ]
        ]
      },
      "id": "way/685538429"
    },
    {
      "type": "Feature",
      "properties": {
        "@id": "way/685756255",
        "leisure": "park",
        "name": "Island Home Park",
        "operator": "City of Knoxville",
        "operator:type": "public",
        "operator:wikidata": "Q185582",
        "wikidata": "Q6083206"
      },
      "geometry": {
        "type": "Polygon",
        "coordinates": [
          [
            [
              -83.8808752,
              35.9613481
            ],
            [
              -83.881596,
              35.9616204
            ],
            [
              -83.8818109,
              35.961717
            ],
            [
              -83.8818642,
              35.9617487
            ],
            [
              -83.8821387,
              35.9618231
            ],
            [
              -83.8825824,
              35.9619255
            ],
            [
              -83.8828056,
              35.9619544
            ],
            [
              -83.8829497,
              35.9619855
            ],
            [
              -83.8831654,
              35.9619643
            ],
            [
              -83.883306,
              35.9619632
            ],
            [
              -83.8836275,
              35.961926
            ],
            [
              -83.8837333,
              35.96191
            ],
            [
              -83.883981,
              35.961843
            ],
            [
              -83.8841316,
              35.9617957
            ],
            [
              -83.8841846,
              35.9617823
            ],
            [
              -83.8842637,
              35.9617801
            ],
            [
              -83.8843254,
              35.9617741
            ],
            [
              -83.884537,
              35.9617421
            ],
            [
              -83.8846626,
              35.9616967
            ],
            [
              -83.8845448,
              35.9611216
            ],
            [
              -83.8845126,
              35.9605968
            ],
            [
              -83.8845286,
              35.9605395
            ],
            [
              -83.8845292,
              35.9604751
            ],
            [
              -83.8845187,
              35.9604317
            ],
            [
              -83.8844988,
              35.9603906
            ],
            [
              -83.8844702,
              35.9603531
            ],
            [
              -83.8844356,
              35.9603204
            ],
            [
              -83.8844255,
              35.9603023
            ],
            [
              -83.8844248,
              35.9602824
            ],
            [
              -83.8844358,
              35.960261
            ],
            [
              -83.8844538,
              35.9602474
            ],
            [
              -83.8844101,
              35.9602261
            ],
            [
              -83.8844259,
              35.9601962
            ],
            [
              -83.884004,
              35.9602193
            ],
            [
              -83.8838593,
              35.960232
            ],
            [
              -83.8836931,
              35.9602514
            ],
            [
              -83.883647,
              35.9602664
            ],
            [
              -83.8835904,
              35.9602927
            ],
            [
              -83.8835395,
              35.9603157
            ],
            [
              -83.8834474,
              35.9603587
            ],
            [
              -83.8834175,
              35.9603799
            ],
            [
              -83.883399,
              35.9604054
            ],
            [
              -83.8833907,
              35.960429
            ],
            [
              -83.8833876,
              35.9604545
            ],
            [
              -83.8833922,
              35.9604775
            ],
            [
              -83.8834035,
              35.9605055
            ],
            [
              -83.8834151,
              35.9605344
            ],
            [
              -83.8834522,
              35.9606232
            ],
            [
              -83.8834848,
              35.9606155
            ],
            [
              -83.8835069,
              35.9606775
            ],
            [
              -83.883527,
              35.9607349
            ],
            [
              -83.8835408,
              35.9607939
            ],
            [
              -83.8835486,
              35.9608575
            ],
            [
              -83.8835431,
              35.9609174
            ],
            [
              -83.8835354,
              35.960958
            ],
            [
              -83.8835203,
              35.9610171
            ],
            [
              -83.8834976,
              35.9610743
            ],
            [
              -83.8834676,
              35.9611305
            ],
            [
              -83.8834445,
              35.9611692
            ],
            [
              -83.8834359,
              35.9611852
            ],
            [
              -83.8833985,
              35.9612377
            ],
            [
              -83.8833548,
              35.9612867
            ],
            [
              -83.8833071,
              35.961334
            ],
            [
              -83.8832524,
              35.9613741
            ],
            [
              -83.8831648,
              35.9614212
            ],
            [
              -83.883147,
              35.961401
            ],
            [
              -83.8831298,
              35.9614085
            ],
            [
              -83.8830818,
              35.9614292
            ],
            [
              -83.8829646,
              35.9614662
            ],
            [
              -83.8828726,
              35.9614841
            ],
            [
              -83.8827794,
              35.9614939
            ],
            [
              -83.8826733,
              35.9614953
            ],
            [
              -83.8825751,
              35.9614835
            ],
            [
              -83.8824451,
              35.9614559
            ],
            [
              -83.8823355,
              35.961429
            ],
            [
              -83.8819257,
              35.9612944
            ],
            [
              -83.8812904,
              35.9610874
            ],
            [
              -83.8811694,
              35.9611235
            ],
            [
              -83.8810853,
              35.961117
            ],
            [
              -83.8810009,
              35.9611199
            ],
            [
              -83.8809179,
              35.9611323
            ],
            [
              -83.8807729,
              35.9611668
            ],
            [
              -83.8807079,
              35.9611749
            ],
            [
              -83.8806422,
              35.9611774
            ],
            [
              -83.8798306,
              35.961126
            ],
            [
              -83.8798022,
              35.9614578
            ],
            [
              -83.8799879,
              35.9614667
            ],
            [
              -83.8801947,
              35.9614368
            ],
            [
              -83.8803253,
              35.9614399
            ],
            [
              -83.8804667,
              35.9613968
            ],
            [
              -83.8805443,
              35.9613654
            ],
            [
              -83.8807771,
              35.9613454
            ],
            [
              -83.8808752,
              35.9613481
            ]
          ]
        ]
      },
      "id": "way/685756255"
    },
    {
      "type": "Feature",
      "properties": {
        "@id": "way/685756256",
        "leisure": "park",
        "name": "Stanley Lippencott Park",
        "operator": "City of Knoxville",
        "operator:type": "public",
        "operator:wikidata": "Q185582"
      },
      "geometry": {
        "type": "Polygon",
        "coordinates": [
          [
            [
              -83.9083193,
              35.9483777
            ],
            [
              -83.9077986,
              35.9475918
            ],
            [
              -83.9076928,
              35.9473933
            ],
            [
              -83.9057305,
              35.9481623
            ],
            [
              -83.9056026,
              35.9482124
            ],
            [
              -83.9045421,
              35.9486213
            ],
            [
              -83.9043332,
              35.9481798
            ],
            [
              -83.9043134,
              35.948039
            ],
            [
              -83.904234,
              35.9480056
            ],
            [
              -83.9041364,
              35.9479315
            ],
            [
              -83.9022267,
              35.9484031
            ],
            [
              -83.9024403,
              35.9486971
            ],
            [
              -83.9027513,
              35.9493383
            ],
            [
              -83.901782,
              35.9497414
            ],
            [
              -83.9008644,
              35.950123
            ],
            [
              -83.9009428,
              35.9501882
            ],
            [
              -83.9010087,
              35.9502308
            ],
            [
              -83.9010555,
              35.950256
            ],
            [
              -83.9011552,
              35.9502978
            ],
            [
              -83.9012612,
              35.9503278
            ],
            [
              -83.9013714,
              35.9503452
            ],
            [
              -83.9014834,
              35.9503497
            ],
            [
              -83.9021923,
              35.9504212
            ],
            [
              -83.902291,
              35.9504406
            ],
            [
              -83.902384,
              35.9504736
            ],
            [
              -83.9024685,
              35.9505194
            ],
            [
              -83.9025283,
              35.9505642
            ],
            [
              -83.9025798,
              35.9506153
            ],
            [
              -83.902622,
              35.9506718
            ],
            [
              -83.902654,
              35.9507325
            ],
            [
              -83.9026754,
              35.9507962
            ],
            [
              -83.9026856,
              35.9508618
            ],
            [
              -83.9026845,
              35.9509278
            ],
            [
              -83.9037836,
              35.9503327
            ],
            [
              -83.9040086,
              35.9506067
            ],
            [
              -83.9078552,
              35.9485252
            ],
            [
              -83.9079637,
              35.948474
            ],
            [
              -83.908078,
              35.948432
            ],
            [
              -83.9081969,
              35.9483998
            ],
            [
              -83.9083193,
              35.9483777
            ]
          ]
        ]
      },
      "id": "way/685756256"
    },
    {
      "type": "Feature",
      "properties": {
        "@id": "way/685756257",
        "gnis:feature_id": "1321627",
        "leisure": "park",
        "name": "Mary James Park",
        "operator": "City of Knoxville",
        "operator:type": "public",
        "operator:wikidata": "Q185582"
      },
      "geometry": {
        "type": "Polygon",
        "coordinates": [
          [
            [
              -83.8886889,
              35.9528585
            ],
            [
              -83.8887904,
              35.9532162
            ],
            [
              -83.8893805,
              35.9532456
            ],
            [
              -83.8893773,
              35.9529089
            ],
            [
              -83.8894117,
              35.952488
            ],
            [
              -83.8885855,
              35.9522922
            ],
            [
              -83.8885601,
              35.9518818
            ],
            [
              -83.8878528,
              35.9518447
            ],
            [
              -83.8878221,
              35.9518531
            ],
            [
              -83.8878027,
              35.9518655
            ],
            [
              -83.8877838,
              35.9518912
            ],
            [
              -83.8877796,
              35.951911
            ],
            [
              -83.8877844,
              35.9519357
            ],
            [
              -83.888084,
              35.952623
            ],
            [
              -83.888178,
              35.9529585
            ],
            [
              -83.8886889,
              35.9528585
            ]
          ]
        ]
      },
      "id": "way/685756257"
    },
    {
      "type": "Feature",
      "properties": {
        "@id": "way/685756258",
        "leisure": "park",
        "name": "Rock City Park",
        "operator": "City of Knoxville",
        "operator:type": "public",
        "operator:wikidata": "Q185582"
      },
      "geometry": {
        "type": "Polygon",
        "coordinates": [
          [
            [
              -83.8960331,
              35.951351
            ],
            [
              -83.8955518,
              35.9512576
            ],
            [
              -83.8958853,
              35.9503603
            ],
            [
              -83.8955398,
              35.9502894
            ],
            [
              -83.8951778,
              35.9508896
            ],
            [
              -83.894786,
              35.9520162
            ],
            [
              -83.89463,
              35.9521603
            ],
            [
              -83.894517,
              35.9523832
            ],
            [
              -83.894865,
              35.9528069
            ],
            [
              -83.8950621,
              35.9529757
            ],
            [
              -83.8951786,
              35.9529917
            ],
            [
              -83.8952726,
              35.9529556
            ],
            [
              -83.8954396,
              35.9526279
            ],
            [
              -83.8955167,
              35.9525171
            ],
            [
              -83.8955771,
              35.95242
            ],
            [
              -83.8956744,
              35.9522356
            ],
            [
              -83.8957281,
              35.9521116
            ],
            [
              -83.8960331,
              35.951351
            ]
          ]
        ]
      },
      "id": "way/685756258"
    },
    {
      "type": "Feature",
      "properties": {
        "@id": "way/685756259",
        "addr:city": "Knoxville",
        "addr:housenumber": "2100",
        "addr:postcode": "37920",
        "addr:state": "TN",
        "addr:street": "McClung Avenue",
        "leisure": "park",
        "name": "Maynard Glenn Fields",
        "operator": "City of Knoxville",
        "operator:type": "public",
        "operator:wikidata": "Q185582"
      },
      "geometry": {
        "type": "Polygon",
        "coordinates": [
          [
            [
              -83.8850364,
              35.9515101
            ],
            [
              -83.885093,
              35.9508082
            ],
            [
              -83.8848477,
              35.9508005
            ],
            [
              -83.8848916,
              35.9502533
            ],
            [
              -83.8846974,
              35.9502415
            ],
            [
              -83.884682,
              35.9499372
            ],
            [
              -83.884276,
              35.9499743
            ],
            [
              -83.8842729,
              35.9499567
            ],
            [
              -83.8837124,
              35.9499929
            ],
            [
              -83.8837075,
              35.9500331
            ],
            [
              -83.8836293,
              35.9500283
            ],
            [
              -83.8832759,
              35.9500049
            ],
            [
              -83.8831343,
              35.9499956
            ],
            [
              -83.8829046,
              35.9499804
            ],
            [
              -83.8828116,
              35.9514805
            ],
            [
              -83.8850292,
              35.9515828
            ],
            [
              -83.8850364,
              35.9515101
            ]
          ]
        ]
      },
      "id": "way/685756259"
    },
    {
      "type": "Feature",
      "properties": {
        "@id": "way/734221961",
        "gnis:feature_id": "1301078",
        "leisure": "park",
        "name": "Sequoyah Park & Greenway",
        "operator": "City of Knoxville",
        "operator:type": "government",
        "operator:wikidata": "Q185582"
      },
      "geometry": {
        "type": "Polygon",
        "coordinates": [
          [
            [
              -83.9754538,
              35.9310053
            ],
            [
              -83.976019,
              35.9306902
            ],
            [
              -83.9757883,
              35.9305989
            ],
            [
              -83.9753538,
              35.9299865
            ],
            [
              -83.9751929,
              35.9297519
            ],
            [
              -83.9750963,
              35.9297345
            ],
            [
              -83.9750427,
              35.9296868
            ],
            [
              -83.9750695,
              35.9295695
            ],
            [
              -83.9741736,
              35.9281056
            ],
            [
              -83.9736104,
              35.9274062
            ],
            [
              -83.9730793,
              35.92705
            ],
            [
              -83.9725053,
              35.9267807
            ],
            [
              -83.9710944,
              35.9263637
            ],
            [
              -83.970043,
              35.9260944
            ],
            [
              -83.9695978,
              35.9260422
            ],
            [
              -83.9692813,
              35.9260205
            ],
            [
              -83.9689111,
              35.9259206
            ],
            [
              -83.9683532,
              35.9258815
            ],
            [
              -83.9677578,
              35.9257729
            ],
            [
              -83.9674681,
              35.9257469
            ],
            [
              -83.9672911,
              35.9257642
            ],
            [
              -83.9670229,
              35.925825
            ],
            [
              -83.9661324,
              35.9258555
            ],
            [
              -83.9655852,
              35.925825
            ],
            [
              -83.9644104,
              35.9258728
            ],
            [
              -83.9639383,
              35.925951
            ],
            [
              -83.9626079,
              35.9263289
            ],
            [
              -83.9624309,
              35.9263029
            ],
            [
              -83.9623236,
              35.9264245
            ],
            [
              -83.9613634,
              35.9265852
            ],
            [
              -83.9609603,
              35.92662
            ],
            [
              -83.9605587,
              35.9266547
            ],
            [
              -83.9604622,
              35.9267069
            ],
            [
              -83.9598184,
              35.926885
            ],
            [
              -83.959518,
              35.927024
            ],
            [
              -83.959031,
              35.9271505
            ],
            [
              -83.9588062,
              35.9272527
            ],
            [
              -83.9583341,
              35.9277479
            ],
            [
              -83.9581266,
              35.9282358
            ],
            [
              -83.9574436,
              35.9298416
            ],
            [
              -83.9568213,
              35.9319874
            ],
            [
              -83.9563905,
              35.932565
            ],
            [
              -83.9573199,
              35.9327248
            ],
            [
              -83.9581171,
              35.930036
            ],
            [
              -83.9590766,
              35.9283176
            ],
            [
              -83.9592961,
              35.9280871
            ],
            [
              -83.9594831,
              35.9280081
            ],
            [
              -83.9598002,
              35.9279423
            ],
            [
              -83.9609223,
              35.9274682
            ],
            [
              -83.9628981,
              35.9269415
            ],
            [
              -83.9638445,
              35.9268538
            ],
            [
              -83.9654836,
              35.9270734
            ],
            [
              -83.9656438,
              35.9264946
            ],
            [
              -83.9663956,
              35.9266044
            ],
            [
              -83.9675171,
              35.9269037
            ],
            [
              -83.9689836,
              35.9278418
            ],
            [
              -83.9711897,
              35.9281712
            ],
            [
              -83.9730013,
              35.92876
            ],
            [
              -83.9735929,
              35.929199
            ],
            [
              -83.9737285,
              35.9296282
            ],
            [
              -83.9754538,
              35.9310053
            ]
          ]
        ]
      },
      "id": "way/734221961"
    },
    {
      "type": "Feature",
      "properties": {
        "@id": "way/734221962",
        "leisure": "park",
        "name": "Whitlow Park"
      },
      "geometry": {
        "type": "Polygon",
        "coordinates": [
          [
            [
              -83.971884,
              35.9317352
            ],
            [
              -83.9716272,
              35.9312226
            ],
            [
              -83.9707987,
              35.9315128
            ],
            [
              -83.9706188,
              35.9316565
            ],
            [
              -83.9705512,
              35.9318713
            ],
            [
              -83.9705331,
              35.9321328
            ],
            [
              -83.970533,
              35.9323486
            ],
            [
              -83.970498,
              35.9325182
            ],
            [
              -83.9702833,
              35.9329778
            ],
            [
              -83.9710006,
              35.9325725
            ],
            [
              -83.971884,
              35.9317352
            ]
          ]
        ]
      },
      "id": "way/734221962"
    },
    {
      "type": "Feature",
      "properties": {
        "@id": "way/734221963",
        "leisure": "park",
        "name": "Talahi Park"
      },
      "geometry": {
        "type": "Polygon",
        "coordinates": [
          [
            [
              -83.9570734,
              35.9361561
            ],
            [
              -83.9577778,
              35.9360442
            ],
            [
              -83.9580407,
              35.9359399
            ],
            [
              -83.9590676,
              35.9357832
            ],
            [
              -83.958975,
              35.9356726
            ],
            [
              -83.9589816,
              35.9355367
            ],
            [
              -83.9589366,
              35.9355577
            ],
            [
              -83.9570714,
              35.9358345
            ],
            [
              -83.9570785,
              35.9359946
            ],
            [
              -83.9570734,
              35.9361561
            ]
          ]
        ]
      },
      "id": "way/734221963"
    },
    {
      "type": "Feature",
      "properties": {
        "@id": "way/734221964",
        "leisure": "park",
        "name": "Sequoyah Ball Fields",
        "operator": "City of Knoxville",
        "operator:type": "government",
        "operator:wikidata": "Q185582"
      },
      "geometry": {
        "type": "Polygon",
        "coordinates": [
          [
            [
              -83.9566923,
              35.936252
            ],
            [
              -83.956739,
              35.936199
            ],
            [
              -83.956767,
              35.9358663
            ],
            [
              -83.9567763,
              35.9357037
            ],
            [
              -83.956851,
              35.9354314
            ],
            [
              -83.9569258,
              35.9343046
            ],
            [
              -83.9570866,
              35.9336317
            ],
            [
              -83.9557592,
              35.933491
            ],
            [
              -83.9556295,
              35.9338252
            ],
            [
              -83.955608,
              35.9343204
            ],
            [
              -83.9559504,
              35.936381
            ],
            [
              -83.9566923,
              35.936252
            ]
          ]
        ]
      },
      "id": "way/734221964"
    },
    {
      "type": "Feature",
      "properties": {
        "@id": "way/734231282",
        "leisure": "park",
        "name": "Ten Mile Creek Greenway Park",
        "operator": "City of Knoxville",
        "operator:type": "government",
        "operator:wikidata": "Q185582"
      },
      "geometry": {
        "type": "Polygon",
        "coordinates": [
          [
            [
              -84.0680135,
              35.9293344
            ],
            [
              -84.0684078,
              35.9290908
            ],
            [
              -84.0688475,
              35.9289256
            ],
            [
              -84.0693359,
              35.9290106
            ],
            [
              -84.069675,
              35.9293374
            ],
            [
              -84.0697034,
              35.9295424
            ],
            [
              -84.0697413,
              35.9298677
            ],
            [
              -84.0698592,
              35.9299434
            ],
            [
              -84.0706194,
              35.9301837
            ],
            [
              -84.0708724,
              35.9296324
            ],
            [
              -84.0710054,
              35.9292446
            ],
            [
              -84.071152,
              35.9290644
            ],
            [
              -84.0708999,
              35.9285213
            ],
            [
              -84.0705381,
              35.9280933
            ],
            [
              -84.0707129,
              35.9276061
            ],
            [
              -84.0721968,
              35.9261444
            ],
            [
              -84.0728105,
              35.9258328
            ],
            [
              -84.073992,
              35.925276
            ],
            [
              -84.074805,
              35.925382
            ],
            [
              -84.0750136,
              35.9253599
            ],
            [
              -84.0752142,
              35.925315
            ],
            [
              -84.0761382,
              35.925069
            ],
            [
              -84.077168,
              35.925443
            ],
            [
              -84.0774602,
              35.9254792
            ],
            [
              -84.0783547,
              35.9268021
            ],
            [
              -84.0791741,
              35.9265641
            ],
            [
              -84.079235,
              35.9265464
            ],
            [
              -84.079243,
              35.926387
            ],
            [
              -84.078397,
              35.925087
            ],
            [
              -84.0779739,
              35.92499
            ],
            [
              -84.0776528,
              35.9249283
            ],
            [
              -84.0771026,
              35.9247851
            ],
            [
              -84.0768314,
              35.9247457
            ],
            [
              -84.0766231,
              35.9247499
            ],
            [
              -84.0765195,
              35.9247623
            ],
            [
              -84.0760439,
              35.9242998
            ],
            [
              -84.0756227,
              35.9237989
            ],
            [
              -84.0755938,
              35.9237012
            ],
            [
              -84.0751408,
              35.9233835
            ],
            [
              -84.0750474,
              35.9224948
            ],
            [
              -84.0751875,
              35.9223284
            ],
            [
              -84.0764625,
              35.9219086
            ],
            [
              -84.0767146,
              35.9216628
            ],
            [
              -84.074841,
              35.9221226
            ],
            [
              -84.0746499,
              35.9225275
            ],
            [
              -84.0744385,
              35.9225769
            ],
            [
              -84.0722676,
              35.9249703
            ],
            [
              -84.0724231,
              35.9251468
            ],
            [
              -84.0723154,
              35.9252161
            ],
            [
              -84.0715638,
              35.925508
            ],
            [
              -84.0712187,
              35.9251745
            ],
            [
              -84.0706365,
              35.9256053
            ],
            [
              -84.070369,
              35.9258033
            ],
            [
              -84.0694949,
              35.9273275
            ],
            [
              -84.0687265,
              35.9280155
            ],
            [
              -84.0673158,
              35.9281768
            ],
            [
              -84.0661897,
              35.9276962
            ],
            [
              -84.0657588,
              35.9285357
            ],
            [
              -84.0662851,
              35.9285999
            ],
            [
              -84.0666337,
              35.9288847
            ],
            [
              -84.067025,
              35.9292958
            ],
            [
              -84.0670493,
              35.9293213
            ],
            [
              -84.0673517,
              35.9293149
            ],
            [
              -84.0678267,
              35.9294657
            ],
            [
              -84.0680135,
              35.9293344
            ]
          ]
        ]
      },
      "id": "way/734231282"
    },
    {
      "type": "Feature",
      "properties": {
        "@id": "way/736676421",
        "gnis:feature_id": "1321682",
        "leisure": "park",
        "name": "Ridgedale Community Park",
        "operator": "City of Knoxville",
        "operator:type": "government",
        "operator:wikidata": "Q185582"
      },
      "geometry": {
        "type": "Polygon",
        "coordinates": [
          [
            [
              -84.0325383,
              35.9856994
            ],
            [
              -84.0324954,
              35.9855909
            ],
            [
              -84.0321521,
              35.9854347
            ],
            [
              -84.0313581,
              35.9851265
            ],
            [
              -84.0303603,
              35.984827
            ],
            [
              -84.0302477,
              35.9850353
            ],
            [
              -84.0301297,
              35.98507
            ],
            [
              -84.0300707,
              35.9860858
            ],
            [
              -84.030473,
              35.9860901
            ],
            [
              -84.0311865,
              35.9862594
            ],
            [
              -84.031283,
              35.9865111
            ],
            [
              -84.031975,
              35.9865155
            ],
            [
              -84.0325383,
              35.9856994
            ]
          ]
        ]
      },
      "id": "way/736676421"
    },
    {
      "type": "Feature",
      "properties": {
        "@id": "way/736841780",
        "leisure": "park",
        "name": "Holston-Chilhowee Volunteer Park",
        "not:operator:wikidata": "Q185582",
        "operator": "City of Knoxville",
        "operator:type": "public"
      },
      "geometry": {
        "type": "Polygon",
        "coordinates": [
          [
            [
              -83.8368239,
              36.0121856
            ],
            [
              -83.836448,
              36.0106336
            ],
            [
              -83.8360228,
              36.0105588
            ],
            [
              -83.8357147,
              36.0107532
            ],
            [
              -83.8351266,
              36.0112468
            ],
            [
              -83.8350615,
              36.0113015
            ],
            [
              -83.8328646,
              36.0130814
            ],
            [
              -83.8326867,
              36.0132011
            ],
            [
              -83.8325565,
              36.0132079
            ],
            [
              -83.8315747,
              36.0126685
            ],
            [
              -83.830908,
              36.0130566
            ],
            [
              -83.8309893,
              36.0134906
            ],
            [
              -83.8302128,
              36.0136518
            ],
            [
              -83.8303469,
              36.0140628
            ],
            [
              -83.8307372,
              36.0146515
            ],
            [
              -83.8333635,
              36.0135992
            ],
            [
              -83.8355792,
              36.0126981
            ],
            [
              -83.8368239,
              36.0121856
            ]
          ]
        ]
      },
      "id": "way/736841780"
    },
    {
      "type": "Feature",
      "properties": {
        "@id": "way/741769349",
        "leisure": "park",
        "name": "Governor Ned McWherter Riverside Park",
        "operator": "City of Knoxville",
        "operator:type": "public",
        "operator:wikidata": "Q185582"
      },
      "geometry": {
        "type": "Polygon",
        "coordinates": [
          [
            [
              -83.8970922,
              35.9640412
            ],
            [
              -83.8977576,
              35.964116
            ],
            [
              -83.8981735,
              35.9641659
            ],
            [
              -83.8984015,
              35.9641759
            ],
            [
              -83.8983581,
              35.9641277
            ],
            [
              -83.898269,
              35.9640288
            ],
            [
              -83.8977561,
              35.9639482
            ],
            [
              -83.8973171,
              35.9638792
            ],
            [
              -83.8971754,
              35.96357
            ],
            [
              -83.8971415,
              35.9631585
            ],
            [
              -83.8971803,
              35.9626837
            ],
            [
              -83.8969739,
              35.96264
            ],
            [
              -83.8963353,
              35.9625049
            ],
            [
              -83.8963224,
              35.9626681
            ],
            [
              -83.8962234,
              35.963919
            ],
            [
              -83.8970922,
              35.9640412
            ]
          ]
        ]
      },
      "id": "way/741769349"
    },
    {
      "type": "Feature",
      "properties": {
        "@id": "way/741769405",
        "leisure": "park",
        "name": "Babe Ruth Park"
      },
      "geometry": {
        "type": "Polygon",
        "coordinates": [
          [
            [
              -83.8930398,
              35.9691765
            ],
            [
              -83.8928731,
              35.9689643
            ],
            [
              -83.892365,
              35.9692078
            ],
            [
              -83.8925154,
              35.9694759
            ],
            [
              -83.8930398,
              35.9691765
            ]
          ]
        ]
      },
      "id": "way/741769405"
    },
    {
      "type": "Feature",
      "properties": {
        "@id": "way/741769913",
        "leisure": "park",
        "name": "Harriet Tubman Park",
        "name:etymology:wikidata": "Q102870"
      },
      "geometry": {
        "type": "Polygon",
        "coordinates": [
          [
            [
              -83.9075784,
              35.97442
            ],
            [
              -83.907007,
              35.9730845
            ],
            [
              -83.9060638,
              35.9735115
            ],
            [
              -83.9063906,
              35.9743164
            ],
            [
              -83.9061478,
              35.9747585
            ],
            [
              -83.9061869,
              35.9748746
            ],
            [
              -83.9075784,
              35.97442
            ]
          ]
        ]
      },
      "id": "way/741769913"
    },
    {
      "type": "Feature",
      "properties": {
        "@id": "way/741770365",
        "ele": "264",
        "gnis:feature_id": "1321428",
        "leisure": "park",
        "name": "Cal Johnson Park",
        "wikidata": "Q34911529"
      },
      "geometry": {
        "type": "Polygon",
        "coordinates": [
          [
            [
              -83.914896,
              35.9682577
            ],
            [
              -83.9150377,
              35.9682278
            ],
            [
              -83.9151948,
              35.9680881
            ],
            [
              -83.9152318,
              35.9677316
            ],
            [
              -83.9151332,
              35.9672604
            ],
            [
              -83.9148498,
              35.9666221
            ],
            [
              -83.9146618,
              35.9664824
            ],
            [
              -83.9144585,
              35.9661134
            ],
            [
              -83.9143599,
              35.9659314
            ],
            [
              -83.9140134,
              35.9660473
            ],
            [
              -83.9136945,
              35.966283
            ],
            [
              -83.913705,
              35.9663837
            ],
            [
              -83.9137181,
              35.9665102
            ],
            [
              -83.9141597,
              35.9671653
            ],
            [
              -83.914896,
              35.9682577
            ]
          ]
        ]
      },
      "id": "way/741770365"
    },
    {
      "type": "Feature",
      "properties": {
        "@id": "way/741772371",
        "gnis:feature_id": "1321413",
        "leisure": "park",
        "name": "Bicentennial Park",
        "operator": "City of Knoxville",
        "operator:type": "government",
        "operator:wikidata": "Q185582",
        "wikidata": "Q34844543"
      },
      "geometry": {
        "type": "Polygon",
        "coordinates": [
          [
            [
              -83.9135204,
              35.9603996
            ],
            [
              -83.9135029,
              35.9603637
            ],
            [
              -83.9134072,
              35.9603344
            ],
            [
              -83.9133733,
              35.960273
            ],
            [
              -83.913398,
              35.9602325
            ],
            [
              -83.9134107,
              35.9601804
            ],
            [
              -83.9133425,
              35.9600682
            ],
            [
              -83.9131666,
              35.9601262
            ],
            [
              -83.9130497,
              35.960173
            ],
            [
              -83.9129623,
              35.9602056
            ],
            [
              -83.9129294,
              35.9603065
            ],
            [
              -83.9130044,
              35.9606148
            ],
            [
              -83.9135204,
              35.9603996
            ]
          ]
        ]
      },
      "id": "way/741772371"
    },
    {
      "type": "Feature",
      "properties": {
        "@id": "way/741773183",
        "leisure": "park",
        "name": "River Mountain Park",
        "operator": "City of Knoxville",
        "operator:type": "public",
        "operator:wikidata": "Q185582"
      },
      "geometry": {
        "type": "Polygon",
        "coordinates": [
          [
            [
              -83.9184433,
              35.9582678
            ],
            [
              -83.9183853,
              35.9581841
            ],
            [
              -83.9182208,
              35.9581793
            ],
            [
              -83.9172402,
              35.9585876
            ],
            [
              -83.9173835,
              35.9588662
            ],
            [
              -83.9184433,
              35.9582678
            ]
          ]
        ]
      },
      "id": "way/741773183"
    },
    {
      "type": "Feature",
      "properties": {
        "@id": "way/743728096",
        "leisure": "park",
        "name": "Everly Brothers Park",
        "operator": "City of Knoxville",
        "operator:type": "government",
        "operator:wikidata": "Q185582"
      },
      "geometry": {
        "type": "Polygon",
        "coordinates": [
          [
            [
              -83.9824913,
              35.9413356
            ],
            [
              -83.9824432,
              35.9412973
            ],
            [
              -83.9824104,
              35.9412829
            ],
            [
              -83.9818516,
              35.9412115
            ],
            [
              -83.981796,
              35.9412597
            ],
            [
              -83.9818626,
              35.9413073
            ],
            [
              -83.9819069,
              35.941319
            ],
            [
              -83.9820005,
              35.9414138
            ],
            [
              -83.982076,
              35.9414693
            ],
            [
              -83.9821089,
              35.9414666
            ],
            [
              -83.9821825,
              35.9414905
            ],
            [
              -83.9823244,
              35.9415163
            ],
            [
              -83.9824188,
              35.9414856
            ],
            [
              -83.9825319,
              35.9414306
            ],
            [
              -83.9825027,
              35.9413957
            ],
            [
              -83.9824591,
              35.9413551
            ],
            [
              -83.9824913,
              35.9413356
            ]
          ]
        ]
      },
      "id": "way/743728096"
    },
    {
      "type": "Feature",
      "properties": {
        "@id": "way/743741427",
        "leisure": "park",
        "name": "Racheff Park and Garden"
      },
      "geometry": {
        "type": "Polygon",
        "coordinates": [
          [
            [
              -83.9562935,
              35.9774897
            ],
            [
              -83.9583388,
              35.9756959
            ],
            [
              -83.9585022,
              35.9755031
            ],
            [
              -83.9585022,
              35.9752216
            ],
            [
              -83.9584812,
              35.9751422
            ],
            [
              -83.9584392,
              35.9751157
            ],
            [
              -83.9583972,
              35.9751006
            ],
            [
              -83.9583294,
              35.9751176
            ],
            [
              -83.9558425,
              35.9772153
            ],
            [
              -83.9562935,
              35.9774897
            ]
          ]
        ]
      },
      "id": "way/743741427"
    },
    {
      "type": "Feature",
      "properties": {
        "@id": "way/743741726",
        "leisure": "park",
        "name": "Lonsdale Park",
        "operator": "City of Knoxville",
        "operator:type": "government",
        "operator:wikidata": "Q185582"
      },
      "geometry": {
        "type": "Polygon",
        "coordinates": [
          [
            [
              -83.957253,
              35.982128
            ],
            [
              -83.9568281,
              35.9818198
            ],
            [
              -83.9567724,
              35.9817794
            ],
            [
              -83.9564746,
              35.9815633
            ],
            [
              -83.9559684,
              35.982066
            ],
            [
              -83.9564088,
              35.9822814
            ],
            [
              -83.9566027,
              35.9824015
            ],
            [
              -83.9567786,
              35.9825259
            ],
            [
              -83.9568356,
              35.9825346
            ],
            [
              -83.957253,
              35.982128
            ]
          ]
        ]
      },
      "id": "way/743741726"
    },
    {
      "type": "Feature",
      "properties": {
        "@id": "way/743742869",
        "ele": "279",
        "gnis:feature_id": "1321624",
        "leisure": "park",
        "name": "Malcolm Martin Park"
      },
      "geometry": {
        "type": "Polygon",
        "coordinates": [
          [
            [
              -83.9506615,
              35.9689392
            ],
            [
              -83.9483875,
              35.9679785
            ],
            [
              -83.9482884,
              35.9679699
            ],
            [
              -83.9481893,
              35.9680301
            ],
            [
              -83.9477221,
              35.9688837
            ],
            [
              -83.9468393,
              35.9691643
            ],
            [
              -83.9470324,
              35.9694574
            ],
            [
              -83.9471183,
              35.969757
            ],
            [
              -83.9470485,
              35.9700153
            ],
            [
              -83.946893,
              35.9702649
            ],
            [
              -83.9464256,
              35.9704331
            ],
            [
              -83.9464541,
              35.9705765
            ],
            [
              -83.9464866,
              35.9707937
            ],
            [
              -83.9464297,
              35.9710306
            ],
            [
              -83.9464947,
              35.9712609
            ],
            [
              -83.9475877,
              35.9717786
            ],
            [
              -83.9478251,
              35.9715182
            ],
            [
              -83.9501776,
              35.9693792
            ],
            [
              -83.9506615,
              35.9689392
            ]
          ]
        ]
      },
      "id": "way/743742869"
    },
    {
      "type": "Feature",
      "properties": {
        "@id": "way/743743699",
        "leisure": "park",
        "name": "Frajan Campbell Park"
      },
      "geometry": {
        "type": "Polygon",
        "coordinates": [
          [
            [
              -83.937502,
              35.9711353
            ],
            [
              -83.9371842,
              35.9708646
            ],
            [
              -83.9368251,
              35.9711408
            ],
            [
              -83.9369565,
              35.9712527
            ],
            [
              -83.9371429,
              35.9714115
            ],
            [
              -83.937502,
              35.9711353
            ]
          ]
        ]
      },
      "id": "way/743743699"
    },
    {
      "type": "Feature",
      "properties": {
        "@id": "way/743744539",
        "leisure": "park",
        "name": "Reed and Baxter Avenue Park"
      },
      "geometry": {
        "type": "Polygon",
        "coordinates": [
          [
            [
              -83.941361,
              35.9731765
            ],
            [
              -83.9415928,
              35.9729904
            ],
            [
              -83.941184,
              35.9727254
            ],
            [
              -83.9409593,
              35.9729302
            ],
            [
              -83.941361,
              35.9731765
            ]
          ]
        ]
      },
      "id": "way/743744539"
    },
    {
      "type": "Feature",
      "properties": {
        "@id": "way/743744546",
        "leisure": "park",
        "name": "Olde Mechanicsville Park"
      },
      "geometry": {
        "type": "Polygon",
        "coordinates": [
          [
            [
              -83.9319464,
              35.9693752
            ],
            [
              -83.9320767,
              35.9689881
            ],
            [
              -83.9317433,
              35.9689146
            ],
            [
              -83.9316131,
              35.9693017
            ],
            [
              -83.9319464,
              35.9693752
            ]
          ]
        ]
      },
      "id": "way/743744546"
    },
    {
      "type": "Feature",
      "properties": {
        "@id": "way/744094642",
        "leisure": "park",
        "name": "Dr. Walter Hardy Park",
        "operator": "City of Knoxville",
        "operator:type": "public",
        "operator:wikidata": "Q185582"
      },
      "geometry": {
        "type": "Polygon",
        "coordinates": [
          [
            [
              -83.9020379,
              35.9759926
            ],
            [
              -83.9017179,
              35.975221
            ],
            [
              -83.9006585,
              35.9757007
            ],
            [
              -83.9003259,
              35.9749279
            ],
            [
              -83.9001483,
              35.9750303
            ],
            [
              -83.8987043,
              35.9754198
            ],
            [
              -83.8987429,
              35.975497
            ],
            [
              -83.8997448,
              35.9774992
            ],
            [
              -83.9015003,
              35.9763765
            ],
            [
              -83.9020379,
              35.9759926
            ]
          ]
        ]
      },
      "id": "way/744094642"
    },
    {
      "type": "Feature",
      "properties": {
        "@id": "way/744095246",
        "leisure": "park",
        "name": "William Powell Park"
      },
      "geometry": {
        "type": "Polygon",
        "coordinates": [
          [
            [
              -83.9033026,
              35.978993
            ],
            [
              -83.9030075,
              35.9784069
            ],
            [
              -83.9017469,
              35.9788888
            ],
            [
              -83.9020795,
              35.9795291
            ],
            [
              -83.9033026,
              35.978993
            ]
          ]
        ]
      },
      "id": "way/744095246"
    },
    {
      "type": "Feature",
      "properties": {
        "@id": "way/744097511",
        "leisure": "park",
        "name": "Paul Hogue Park"
      },
      "geometry": {
        "type": "Polygon",
        "coordinates": [
          [
            [
              -83.89176,
              35.9815608
            ],
            [
              -83.8909741,
              35.98094
            ],
            [
              -83.8906764,
              35.9812026
            ],
            [
              -83.8914891,
              35.9818191
            ],
            [
              -83.89176,
              35.9815608
            ]
          ]
        ]
      },
      "id": "way/744097511"
    },
    {
      "type": "Feature",
      "properties": {
        "@id": "way/744101964",
        "leisure": "park",
        "name": "James Smith Park",
        "operator": "City of Knoxville",
        "operator:type": "public",
        "operator:wikidata": "Q185582"
      },
      "geometry": {
        "type": "Polygon",
        "coordinates": [
          [
            [
              -83.8789915,
              35.984951
            ],
            [
              -83.8787191,
              35.984622
            ],
            [
              -83.8782455,
              35.9847865
            ],
            [
              -83.8783329,
              35.9849658
            ],
            [
              -83.878404,
              35.985178
            ],
            [
              -83.8789915,
              35.984951
            ]
          ]
        ]
      },
      "id": "way/744101964"
    },
    {
      "type": "Feature",
      "properties": {
        "@id": "way/744105044",
        "leisure": "park",
        "name": "Sarah Moore Greene Greenway Park"
      },
      "geometry": {
        "type": "Polygon",
        "coordinates": [
          [
            [
              -83.8762578,
              35.9828098
            ],
            [
              -83.8760647,
              35.9829315
            ],
            [
              -83.8758005,
              35.9831733
            ],
            [
              -83.8754765,
              35.9833295
            ],
            [
              -83.874935,
              35.9831749
            ],
            [
              -83.87482,
              35.983192
            ],
            [
              -83.8746908,
              35.9832407
            ],
            [
              -83.8744519,
              35.9833138
            ],
            [
              -83.8740219,
              35.9833223
            ],
            [
              -83.8756129,
              35.9845819
            ],
            [
              -83.8768494,
              35.9834728
            ],
            [
              -83.8762578,
              35.9828098
            ]
          ]
        ]
      },
      "id": "way/744105044"
    },
    {
      "type": "Feature",
      "properties": {
        "@id": "way/744109023",
        "leisure": "park",
        "name": "Claude Walker Park"
      },
      "geometry": {
        "type": "Polygon",
        "coordinates": [
          [
            [
              -83.8824027,
              35.9901204
            ],
            [
              -83.8836875,
              35.989015
            ],
            [
              -83.8836344,
              35.9881015
            ],
            [
              -83.8817692,
              35.9895533
            ],
            [
              -83.8824027,
              35.9901204
            ]
          ]
        ]
      },
      "id": "way/744109023"
    },
    {
      "type": "Feature",
      "properties": {
        "@id": "way/744147237",
        "leisure": "park",
        "name": "Chilhowee Park",
        "operator": "City of Knoxville",
        "operator:type": "public",
        "operator:wikidata": "Q185582",
        "wikidata": "Q5098917",
        "wikipedia": "en:Chilhowee Park"
      },
      "geometry": {
        "type": "Polygon",
        "coordinates": [
          [
            [
              -83.8830241,
              35.9941915
            ],
            [
              -83.8817069,
              35.9947639
            ],
            [
              -83.8814113,
              35.9949467
            ],
            [
              -83.8811124,
              35.9951316
            ],
            [
              -83.8805848,
              35.9954579
            ],
            [
              -83.8817016,
              35.9969866
            ],
            [
              -83.8818776,
              35.9972275
            ],
            [
              -83.8815931,
              35.9973952
            ],
            [
              -83.8818329,
              35.997688
            ],
            [
              -83.8816947,
              35.9979116
            ],
            [
              -83.8812841,
              35.9982076
            ],
            [
              -83.8809914,
              35.9982932
            ],
            [
              -83.8801173,
              35.9988885
            ],
            [
              -83.8801268,
              35.9989561
            ],
            [
              -83.8811287,
              35.9995575
            ],
            [
              -83.8816549,
              35.9998904
            ],
            [
              -83.8819478,
              36.0000707
            ],
            [
              -83.8820619,
              36.000141
            ],
            [
              -83.8822564,
              36.0002607
            ],
            [
              -83.8816038,
              36.0007028
            ],
            [
              -83.88083,
              36.001227
            ],
            [
              -83.8800903,
              36.001828
            ],
            [
              -83.8801687,
              36.0018541
            ],
            [
              -83.8803977,
              36.0018951
            ],
            [
              -83.8809207,
              36.0019695
            ],
            [
              -83.8817839,
              36.0020741
            ],
            [
              -83.8827476,
              36.0021909
            ],
            [
              -83.8829351,
              36.0022162
            ],
            [
              -83.8833511,
              36.0022835
            ],
            [
              -83.883394,
              36.0023025
            ],
            [
              -83.8834358,
              36.0023158
            ],
            [
              -83.8844646,
              36.0024968
            ],
            [
              -83.8858469,
              36.0017985
            ],
            [
              -83.8855054,
              36.0012626
            ],
            [
              -83.8855515,
              36.0011709
            ],
            [
              -83.8862225,
              36.0007174
            ],
            [
              -83.8864572,
              36.0004744
            ],
            [
              -83.8865334,
              36.0002723
            ],
            [
              -83.8865402,
              36.0000748
            ],
            [
              -83.8862412,
              35.9996967
            ],
            [
              -83.8860404,
              35.9996639
            ],
            [
              -83.8855798,
              35.9995956
            ],
            [
              -83.8853384,
              35.9994281
            ],
            [
              -83.8850316,
              35.9992355
            ],
            [
              -83.8849703,
              35.9991891
            ],
            [
              -83.8849173,
              35.9991394
            ],
            [
              -83.8848935,
              35.9990958
            ],
            [
              -83.8848347,
              35.9989224
            ],
            [
              -83.8850573,
              35.9989093
            ],
            [
              -83.8850718,
              35.9985562
            ],
            [
              -83.8850879,
              35.9984394
            ],
            [
              -83.8851516,
              35.9982018
            ],
            [
              -83.8857209,
              35.9979486
            ],
            [
              -83.8860776,
              35.9977447
            ],
            [
              -83.8863955,
              35.9975629
            ],
            [
              -83.8863628,
              35.9974495
            ],
            [
              -83.8854802,
              35.9974911
            ],
            [
              -83.8852887,
              35.997442
            ],
            [
              -83.8851486,
              35.9973362
            ],
            [
              -83.8843286,
              35.9961224
            ],
            [
              -83.8830241,
              35.9941915
            ]
          ]
        ]
      },
      "id": "way/744147237"
    },
    {
      "type": "Feature",
      "properties": {
        "@id": "way/744204684",
        "leisure": "park",
        "name": "Alice Bell Park"
      },
      "geometry": {
        "type": "Polygon",
        "coordinates": [
          [
            [
              -83.8959947,
              36.0237287
            ],
            [
              -83.8941676,
              36.0208249
            ],
            [
              -83.8941145,
              36.0208421
            ],
            [
              -83.8936792,
              36.0201694
            ],
            [
              -83.8924759,
              36.0206789
            ],
            [
              -83.8929006,
              36.0213745
            ],
            [
              -83.8929784,
              36.0213917
            ],
            [
              -83.8949542,
              36.0243722
            ],
            [
              -83.8959947,
              36.0237287
            ]
          ]
        ]
      },
      "id": "way/744204684"
    },
    {
      "type": "Feature",
      "properties": {
        "@id": "way/744204976",
        "leisure": "park",
        "name": "Boright Park"
      },
      "geometry": {
        "type": "Polygon",
        "coordinates": [
          [
            [
              -83.9097938,
              36.0103665
            ],
            [
              -83.9120952,
              36.0090994
            ],
            [
              -83.9122293,
              36.0089931
            ],
            [
              -83.9122628,
              36.0088445
            ],
            [
              -83.9122038,
              36.008711
            ],
            [
              -83.9120603,
              36.008506
            ],
            [
              -83.9116982,
              36.0087783
            ],
            [
              -83.9107098,
              36.0095212
            ],
            [
              -83.9102659,
              36.0098675
            ],
            [
              -83.909649,
              36.0102407
            ],
            [
              -83.9097938,
              36.0103665
            ]
          ]
        ]
      },
      "id": "way/744204976"
    },
    {
      "type": "Feature",
      "properties": {
        "@id": "way/744206136",
        "leisure": "park",
        "name": "Roseanne Wolf Picnic Area"
      },
      "geometry": {
        "type": "Polygon",
        "coordinates": [
          [
            [
              -83.9165036,
              36.0090006
            ],
            [
              -83.9163284,
              36.0086701
            ],
            [
              -83.9161883,
              36.0086398
            ],
            [
              -83.915944,
              36.0087096
            ],
            [
              -83.9158031,
              36.0087362
            ],
            [
              -83.9160716,
              36.0092329
            ],
            [
              -83.9165036,
              36.0090006
            ]
          ]
        ]
      },
      "id": "way/744206136"
    },
    {
      "type": "Feature",
      "properties": {
        "@id": "way/744206143",
        "leisure": "park",
        "name": "North Hills Park"
      },
      "geometry": {
        "type": "Polygon",
        "coordinates": [
          [
            [
              -83.9028157,
              36.0041918
            ],
            [
              -83.9027809,
              36.0038034
            ],
            [
              -83.9026307,
              36.0034996
            ],
            [
              -83.9025475,
              36.0035018
            ],
            [
              -83.9023437,
              36.0040096
            ],
            [
              -83.9024349,
              36.004335
            ],
            [
              -83.9019708,
              36.0045998
            ],
            [
              -83.9019816,
              36.0046735
            ],
            [
              -83.9028157,
              36.0041918
            ]
          ]
        ]
      },
      "id": "way/744206143"
    },
    {
      "type": "Feature",
      "properties": {
        "@id": "way/783613227",
        "addr:city": "Knoxville",
        "addr:postcode": "37920",
        "addr:state": "TN",
        "addr:street": "Cherokee Bluff Drive",
        "leisure": "park",
        "name": "Cherokee Bluff Community Gardens"
      },
      "geometry": {
        "type": "Polygon",
        "coordinates": [
          [
            [
              -83.9367347,
              35.9389313
            ],
            [
              -83.9369728,
              35.9386747
            ],
            [
              -83.9366863,
              35.9385004
            ],
            [
              -83.9364482,
              35.9387571
            ],
            [
              -83.9367347,
              35.9389313
            ]
          ]
        ]
      },
      "id": "way/783613227"
    },
    {
      "type": "Feature",
      "properties": {
        "@id": "way/802578306",
        "leisure": "park",
        "name": "Cradle of Country Music Park"
      },
      "geometry": {
        "type": "Polygon",
        "coordinates": [
          [
            [
              -83.9196972,
              35.9678116
            ],
            [
              -83.9195014,
              35.967486
            ],
            [
              -83.9194451,
              35.9675034
            ],
            [
              -83.9193324,
              35.9676011
            ],
            [
              -83.9191286,
              35.9678355
            ],
            [
              -83.9189247,
              35.9681286
            ],
            [
              -83.9189328,
              35.9681742
            ],
            [
              -83.9189596,
              35.9681807
            ],
            [
              -83.9190355,
              35.9681442
            ],
            [
              -83.9190079,
              35.9681047
            ],
            [
              -83.9196972,
              35.9678116
            ]
          ]
        ]
      },
      "id": "way/802578306"
    },
    {
      "type": "Feature",
      "properties": {
        "@id": "way/823143214",
        "leisure": "park",
        "name": "Scottish Pike River Park",
        "operator": "City of Knoxville"
      },
      "geometry": {
        "type": "Polygon",
        "coordinates": [
          [
            [
              -83.9238676,
              35.9452222
            ],
            [
              -83.9246322,
              35.9443991
            ],
            [
              -83.9247287,
              35.9443025
            ],
            [
              -83.9245752,
              35.9441942
            ],
            [
              -83.9243842,
              35.9443159
            ],
            [
              -83.9240589,
              35.9441629
            ],
            [
              -83.9238475,
              35.9443554
            ],
            [
              -83.9234105,
              35.9440724
            ],
            [
              -83.9227641,
              35.9444311
            ],
            [
              -83.9226828,
              35.944497
            ],
            [
              -83.9238676,
              35.9452222
            ]
          ]
        ]
      },
      "id": "way/823143214"
    },
    {
      "type": "Feature",
      "properties": {
        "@id": "way/832071238",
        "leisure": "park"
      },
      "geometry": {
        "type": "Polygon",
        "coordinates": [
          [
            [
              -84.0259321,
              35.933277
            ],
            [
              -84.0260052,
              35.9331353
            ],
            [
              -84.0260106,
              35.9331054
            ],
            [
              -84.0259998,
              35.9330788
            ],
            [
              -84.0259804,
              35.9330614
            ],
            [
              -84.0257034,
              35.932949
            ],
            [
              -84.0256572,
              35.9329404
            ],
            [
              -84.0256136,
              35.9329398
            ],
            [
              -84.0254607,
              35.9329697
            ],
            [
              -84.0254151,
              35.9329832
            ],
            [
              -84.025511,
              35.9334475
            ],
            [
              -84.0257618,
              35.9333818
            ],
            [
              -84.025798,
              35.9333698
            ],
            [
              -84.0258557,
              35.9333351
            ],
            [
              -84.0259321,
              35.933277
            ]
          ]
        ]
      },
      "id": "way/832071238"
    },
    {
      "type": "Feature",
      "properties": {
        "@id": "way/832745693",
        "leisure": "park",
        "name": "Westwood Park",
        "operator": "City of Knoxville",
        "operator:type": "public",
        "operator:wikidata": "Q185582"
      },
      "geometry": {
        "type": "Polygon",
        "coordinates": [
          [
            [
              -83.997377,
              35.9379112
            ],
            [
              -83.9976159,
              35.9378447
            ],
            [
              -83.9976931,
              35.9377963
            ],
            [
              -83.9976946,
              35.9377249
            ],
            [
              -83.9976968,
              35.937625
            ],
            [
              -83.9987286,
              35.9364036
            ],
            [
              -83.9985847,
              35.9362667
            ],
            [
              -83.9978325,
              35.9366488
            ],
            [
              -83.9976453,
              35.9365278
            ],
            [
              -83.9975993,
              35.9364626
            ],
            [
              -83.996839,
              35.9368828
            ],
            [
              -83.997377,
              35.9379112
            ]
          ]
        ]
      },
      "id": "way/832745693"
    },
    {
      "type": "Feature",
      "properties": {
        "@id": "way/921541817",
        "leisure": "park",
        "name": "Highland Neighborhood Park"
      },
      "geometry": {
        "type": "Polygon",
        "coordinates": [
          [
            [
              -83.9349926,
              36.0272309
            ],
            [
              -83.9346065,
              36.0266008
            ],
            [
              -83.9340809,
              36.0268175
            ],
            [
              -83.9344938,
              36.0274419
            ],
            [
              -83.9349926,
              36.0272309
            ]
          ]
        ]
      },
      "id": "way/921541817"
    },
    {
      "type": "Feature",
      "properties": {
        "@id": "way/924000574",
        "addr:city": "Knoxville",
        "addr:housenumber": "1807",
        "addr:postcode": "37918",
        "addr:state": "TN",
        "addr:street": "Adair Drive",
        "leisure": "park",
        "name": "Adair Park",
        "operator": "City of Knoxville"
      },
      "geometry": {
        "type": "Polygon",
        "coordinates": [
          [
            [
              -83.9427602,
              36.0213106
            ],
            [
              -83.9426452,
              36.0210693
            ],
            [
              -83.9436707,
              36.0208097
            ],
            [
              -83.9435762,
              36.0206671
            ],
            [
              -83.9434868,
              36.0205183
            ],
            [
              -83.9428648,
              36.0206893
            ],
            [
              -83.9424725,
              36.0201325
            ],
            [
              -83.9432127,
              36.0199296
            ],
            [
              -83.942787,
              36.0191165
            ],
            [
              -83.9425501,
              36.0191839
            ],
            [
              -83.9423409,
              36.019223
            ],
            [
              -83.9413803,
              36.019336
            ],
            [
              -83.9411668,
              36.0193702
            ],
            [
              -83.941168,
              36.0198183
            ],
            [
              -83.9407926,
              36.0198474
            ],
            [
              -83.9405893,
              36.0194518
            ],
            [
              -83.9400575,
              36.0194943
            ],
            [
              -83.9400343,
              36.0194518
            ],
            [
              -83.9375945,
              36.0149861
            ],
            [
              -83.9363326,
              36.0158561
            ],
            [
              -83.9376611,
              36.0179997
            ],
            [
              -83.9383102,
              36.0179707
            ],
            [
              -83.9383983,
              36.0181469
            ],
            [
              -83.9391194,
              36.0195894
            ],
            [
              -83.939937,
              36.0195115
            ],
            [
              -83.9400775,
              36.019873
            ],
            [
              -83.9395601,
              36.0201105
            ],
            [
              -83.9393144,
              36.0195711
            ],
            [
              -83.9389866,
              36.019602
            ],
            [
              -83.9390239,
              36.0196801
            ],
            [
              -83.9393035,
              36.0202652
            ],
            [
              -83.9401025,
              36.0217871
            ],
            [
              -83.9427602,
              36.0213106
            ]
          ]
        ]
      },
      "id": "way/924000574"
    },
    {
      "type": "Feature",
      "properties": {
        "@id": "way/957608134",
        "leisure": "park",
        "name": "World's Fair Park",
        "opening_hours": "sunrise-sunset",
        "operator": "City of Knoxville",
        "operator:type": "government",
        "operator:wikidata": "Q185582",
        "wikidata": "Q65063373",
        "wikipedia": "en:World's Fair Park"
      },
      "geometry": {
        "type": "Polygon",
        "coordinates": [
          [
            [
              -83.9279064,
              35.9644625
            ],
            [
              -83.9278102,
              35.9641237
            ],
            [
              -83.9276296,
              35.9639551
            ],
            [
              -83.9272833,
              35.9636269
            ],
            [
              -83.9272,
              35.9635999
            ],
            [
              -83.9270395,
              35.9636167
            ],
            [
              -83.9269571,
              35.9634149
            ],
            [
              -83.9266947,
              35.9629855
            ],
            [
              -83.9265982,
              35.9628275
            ],
            [
              -83.9263302,
              35.962389
            ],
            [
              -83.9263036,
              35.9623602
            ],
            [
              -83.9262684,
              35.9623221
            ],
            [
              -83.9260982,
              35.9623852
            ],
            [
              -83.9259024,
              35.9621157
            ],
            [
              -83.9258086,
              35.96214
            ],
            [
              -83.925663,
              35.9619093
            ],
            [
              -83.9254874,
              35.9619583
            ],
            [
              -83.9253622,
              35.9617271
            ],
            [
              -83.9252193,
              35.9611954
            ],
            [
              -83.9254904,
              35.9610992
            ],
            [
              -83.9254881,
              35.9610675
            ],
            [
              -83.9254765,
              35.9610344
            ],
            [
              -83.9247322,
              35.9598012
            ],
            [
              -83.9242319,
              35.9589879
            ],
            [
              -83.9239332,
              35.9583179
            ],
            [
              -83.9229799,
              35.9569061
            ],
            [
              -83.9227728,
              35.9565994
            ],
            [
              -83.9221622,
              35.9559612
            ],
            [
              -83.9220919,
              35.9558791
            ],
            [
              -83.9218454,
              35.9561026
            ],
            [
              -83.9214731,
              35.9564733
            ],
            [
              -83.921408,
              35.9565365
            ],
            [
              -83.9220681,
              35.9570797
            ],
            [
              -83.9222465,
              35.9572364
            ],
            [
              -83.9223188,
              35.9574183
            ],
            [
              -83.9224076,
              35.9578671
            ],
            [
              -83.9224655,
              35.9583037
            ],
            [
              -83.9220924,
              35.9584843
            ],
            [
              -83.9223367,
              35.9588946
            ],
            [
              -83.9225993,
              35.9593358
            ],
            [
              -83.9226519,
              35.9594186
            ],
            [
              -83.9226787,
              35.9594664
            ],
            [
              -83.9227235,
              35.9594987
            ],
            [
              -83.9225955,
              35.9595295
            ],
            [
              -83.9226272,
              35.9596232
            ],
            [
              -83.9226102,
              35.9596243
            ],
            [
              -83.9225886,
              35.9596273
            ],
            [
              -83.9224727,
              35.9596555
            ],
            [
              -83.9222917,
              35.9597004
            ],
            [
              -83.9220978,
              35.959763
            ],
            [
              -83.9220005,
              35.9597959
            ],
            [
              -83.9219681,
              35.9598068
            ],
            [
              -83.9218769,
              35.9598799
            ],
            [
              -83.921752,
              35.9599026
            ],
            [
              -83.9214305,
              35.9599822
            ],
            [
              -83.9208638,
              35.9601153
            ],
            [
              -83.9208278,
              35.9601346
            ],
            [
              -83.9208315,
              35.9601618
            ],
            [
              -83.920848,
              35.9601901
            ],
            [
              -83.9209885,
              35.9603835
            ],
            [
              -83.9211915,
              35.960719
            ],
            [
              -83.9212343,
              35.9607615
            ],
            [
              -83.9212796,
              35.9607637
            ],
            [
              -83.921303,
              35.9608094
            ],
            [
              -83.921344,
              35.9608898
            ],
            [
              -83.9213603,
              35.9609174
            ],
            [
              -83.9217515,
              35.9615793
            ],
            [
              -83.922116,
              35.962196
            ],
            [
              -83.9222033,
              35.9623421
            ],
            [
              -83.9222178,
              35.96237
            ],
            [
              -83.922227,
              35.9623877
            ],
            [
              -83.9222631,
              35.9624798
            ],
            [
              -83.9223017,
              35.9625682
            ],
            [
              -83.922312,
              35.9625662
            ],
            [
              -83.9224325,
              35.9627571
            ],
            [
              -83.9226512,
              35.9631302
            ],
            [
              -83.9227237,
              35.9632459
            ],
            [
              -83.9228639,
              35.9634217
            ],
            [
              -83.9229643,
              35.963549
            ],
            [
              -83.9230999,
              35.9637014
            ],
            [
              -83.9233166,
              35.9639271
            ],
            [
              -83.9234492,
              35.9640733
            ],
            [
              -83.9235601,
              35.964153
            ],
            [
              -83.9236091,
              35.9641889
            ],
            [
              -83.923796,
              35.9643126
            ],
            [
              -83.9240509,
              35.9644858
            ],
            [
              -83.9240836,
              35.9645101
            ],
            [
              -83.9241805,
              35.9645821
            ],
            [
              -83.9241186,
              35.9646323
            ],
            [
              -83.9240715,
              35.9646705
            ],
            [
              -83.9240819,
              35.9646797
            ],
            [
              -83.924112,
              35.9646968
            ],
            [
              -83.9248544,
              35.9650257
            ],
            [
              -83.924864,
              35.9650726
            ],
            [
              -83.9248762,
              35.9650871
            ],
            [
              -83.9250841,
              35.9652177
            ],
            [
              -83.9252789,
              35.9653434
            ],
            [
              -83.9254184,
              35.9654392
            ],
            [
              -83.9255492,
              35.9655138
            ],
            [
              -83.9256788,
              35.9655763
            ],
            [
              -83.9258096,
              35.9656389
            ],
            [
              -83.9260872,
              35.9657552
            ],
            [
              -83.9264297,
              35.9658959
            ],
            [
              -83.9271948,
              35.9653909
            ],
            [
              -83.9277038,
              35.9650507
            ],
            [
              -83.9280042,
              35.96485
            ],
            [
              -83.9279064,
              35.9644625
            ]
          ]
        ]
      },
      "id": "way/957608134"
    },
    {
      "type": "Feature",
      "properties": {
        "@id": "way/969855061",
        "leisure": "park",
        "name": "Sansom Sports Complex",
        "operator": "City of Knoxville",
        "operator:type": "government",
        "operator:wikidata": "Q185582"
      },
      "geometry": {
        "type": "Polygon",
        "coordinates": [
          [
            [
              -83.9351898,
              35.962356
            ],
            [
              -83.9340843,
              35.962687
            ],
            [
              -83.9337543,
              35.9627893
            ],
            [
              -83.9331933,
              35.9629551
            ],
            [
              -83.9321052,
              35.9633461
            ],
            [
              -83.9318137,
              35.9634237
            ],
            [
              -83.931612,
              35.9634738
            ],
            [
              -83.9304101,
              35.9638746
            ],
            [
              -83.9300427,
              35.9640023
            ],
            [
              -83.929855,
              35.9641929
            ],
            [
              -83.9299229,
              35.9642624
            ],
            [
              -83.9300267,
              35.9643352
            ],
            [
              -83.9301226,
              35.964382
            ],
            [
              -83.9302823,
              35.9644217
            ],
            [
              -83.9304016,
              35.9644559
            ],
            [
              -83.9305473,
              35.9645122
            ],
            [
              -83.9308214,
              35.9646315
            ],
            [
              -83.9308968,
              35.9646496
            ],
            [
              -83.9309672,
              35.9646382
            ],
            [
              -83.9318118,
              35.9643487
            ],
            [
              -83.932264,
              35.9642006
            ],
            [
              -83.932346,
              35.9641697
            ],
            [
              -83.9324686,
              35.9641034
            ],
            [
              -83.9325588,
              35.9640665
            ],
            [
              -83.9328255,
              35.9639693
            ],
            [
              -83.9331733,
              35.9638534
            ],
            [
              -83.9333895,
              35.9637798
            ],
            [
              -83.9334042,
              35.9637719
            ],
            [
              -83.9334189,
              35.9637624
            ],
            [
              -83.9334326,
              35.963753
            ],
            [
              -83.9334464,
              35.9637458
            ],
            [
              -83.9334601,
              35.9637403
            ],
            [
              -83.9334728,
              35.9637357
            ],
            [
              -83.9334845,
              35.9637326
            ],
            [
              -83.9334981,
              35.9637307
            ],
            [
              -83.9335181,
              35.9637285
            ],
            [
              -83.9335335,
              35.9637266
            ],
            [
              -83.9335456,
              35.9637253
            ],
            [
              -83.933555,
              35.9637234
            ],
            [
              -83.9335691,
              35.9637186
            ],
            [
              -83.9337828,
              35.9636476
            ],
            [
              -83.9341107,
              35.9635504
            ],
            [
              -83.9343219,
              35.9634914
            ],
            [
              -83.9347542,
              35.9633748
            ],
            [
              -83.9356858,
              35.9631214
            ],
            [
              -83.9357463,
              35.963102
            ],
            [
              -83.9357603,
              35.9630819
            ],
            [
              -83.9356958,
              35.9629498
            ],
            [
              -83.9356121,
              35.9629766
            ],
            [
              -83.9353678,
              35.9624337
            ],
            [
              -83.935343,
              35.9623888
            ],
            [
              -83.9352999,
              35.9623633
            ],
            [
              -83.9352486,
              35.962356
            ],
            [
              -83.9351898,
              35.962356
            ]
          ]
        ]
      },
      "id": "way/969855061"
    },
    {
      "type": "Feature",
      "properties": {
        "@id": "way/971004842",
        "leisure": "park"
      },
      "geometry": {
        "type": "Polygon",
        "coordinates": [
          [
            [
              -84.0822207,
              35.8623604
            ],
            [
              -84.0820528,
              35.8624888
            ],
            [
              -84.0818049,
              35.8626741
            ],
            [
              -84.0817913,
              35.8626946
            ],
            [
              -84.0817879,
              35.8627145
            ],
            [
              -84.0818002,
              35.8627333
            ],
            [
              -84.0819722,
              35.862886
            ],
            [
              -84.0823422,
              35.8632158
            ],
            [
              -84.0823641,
              35.8632318
            ],
            [
              -84.0823975,
              35.8632302
            ],
            [
              -84.0824187,
              35.863223
            ],
            [
              -84.0825068,
              35.8631571
            ],
            [
              -84.0825962,
              35.8630902
            ],
            [
              -84.0828509,
              35.8629297
            ],
            [
              -84.0828672,
              35.862912
            ],
            [
              -84.0828611,
              35.862891
            ],
            [
              -84.0823129,
              35.8623765
            ],
            [
              -84.082289,
              35.8623593
            ],
            [
              -84.082263,
              35.8623482
            ],
            [
              -84.0822391,
              35.8623505
            ],
            [
              -84.0822207,
              35.8623604
            ]
          ]
        ]
      },
      "id": "way/971004842"
    },
    {
      "type": "Feature",
      "properties": {
        "@id": "way/975506373",
        "leisure": "park"
      },
      "geometry": {
        "type": "Polygon",
        "coordinates": [
          [
            [
              -84.0133698,
              35.9267808
            ],
            [
              -84.0136495,
              35.9270533
            ],
            [
              -84.0140013,
              35.9275488
            ],
            [
              -84.0142451,
              35.9278721
            ],
            [
              -84.0143521,
              35.9280663
            ],
            [
              -84.0146092,
              35.9279364
            ],
            [
              -84.0164375,
              35.9271701
            ],
            [
              -84.0161163,
              35.9267605
            ],
            [
              -84.016301,
              35.9264472
            ],
            [
              -84.0163768,
              35.9263796
            ],
            [
              -84.0159115,
              35.9252654
            ],
            [
              -84.0154288,
              35.9255639
            ],
            [
              -84.0147817,
              35.9259355
            ],
            [
              -84.0140777,
              35.9263449
            ],
            [
              -84.0134548,
              35.9266957
            ],
            [
              -84.0133698,
              35.9267808
            ]
          ]
        ]
      },
      "id": "way/975506373"
    },
    {
      "type": "Feature",
      "properties": {
        "@id": "way/976078720",
        "leisure": "park",
        "name": "Sharp's Ridge Memorial Park",
        "operator": "City of Knoxville",
        "operator:type": "public",
        "operator:wikidata": "Q185582"
      },
      "geometry": {
        "type": "Polygon",
        "coordinates": [
          [
            [
              -83.9363957,
              36.0038609
            ],
            [
              -83.9354412,
              36.0050145
            ],
            [
              -83.9328039,
              36.0082019
            ],
            [
              -83.9326352,
              36.0084057
            ],
            [
              -83.9330192,
              36.0084477
            ],
            [
              -83.9332515,
              36.0085221
            ],
            [
              -83.9334185,
              36.00862
            ],
            [
              -83.9338614,
              36.008988
            ],
            [
              -83.934695,
              36.0089155
            ],
            [
              -83.9376122,
              36.0080019
            ],
            [
              -83.9375608,
              36.0079426
            ],
            [
              -83.9374614,
              36.0078279
            ],
            [
              -83.936806,
              36.0070714
            ],
            [
              -83.9374915,
              36.0064059
            ],
            [
              -83.9378133,
              36.0061749
            ],
            [
              -83.9389653,
              36.0056247
            ],
            [
              -83.939759,
              36.0051764
            ],
            [
              -83.9422807,
              36.0037316
            ],
            [
              -83.9425034,
              36.0034673
            ],
            [
              -83.9426631,
              36.003295
            ],
            [
              -83.9431132,
              36.0029642
            ],
            [
              -83.9435754,
              36.0026078
            ],
            [
              -83.9438029,
              36.0025413
            ],
            [
              -83.9441224,
              36.0024493
            ],
            [
              -83.9442434,
              36.0023768
            ],
            [
              -83.9443111,
              36.0022437
            ],
            [
              -83.9444612,
              36.0016035
            ],
            [
              -83.9444757,
              36.0014997
            ],
            [
              -83.9445894,
              36.0013783
            ],
            [
              -83.9449888,
              36.001163
            ],
            [
              -83.9450201,
              36.0012171
            ],
            [
              -83.9450474,
              36.0012469
            ],
            [
              -83.9465619,
              36.0028989
            ],
            [
              -83.9456639,
              36.003436
            ],
            [
              -83.9458672,
              36.0038921
            ],
            [
              -83.9461117,
              36.0042896
            ],
            [
              -83.9470647,
              36.003922
            ],
            [
              -83.9470291,
              36.0038613
            ],
            [
              -83.9474056,
              36.0038193
            ],
            [
              -83.9486629,
              36.0032826
            ],
            [
              -83.9525169,
              36.0007595
            ],
            [
              -83.9543228,
              35.999574
            ],
            [
              -83.9541479,
              35.9992815
            ],
            [
              -83.9540148,
              35.9990614
            ],
            [
              -83.9537081,
              35.9986072
            ],
            [
              -83.9533492,
              35.9980781
            ],
            [
              -83.9532219,
              35.9977785
            ],
            [
              -83.9528468,
              35.9969814
            ],
            [
              -83.952744,
              35.9968411
            ],
            [
              -83.9525608,
              35.9966253
            ],
            [
              -83.952323,
              35.9964199
            ],
            [
              -83.9520724,
              35.9963185
            ],
            [
              -83.9517836,
              35.9962669
            ],
            [
              -83.9519439,
              35.9965009
            ],
            [
              -83.9516331,
              35.9966447
            ],
            [
              -83.9514401,
              35.9963929
            ],
            [
              -83.951218,
              35.996463
            ],
            [
              -83.9514365,
              35.9967948
            ],
            [
              -83.9512321,
              35.9968637
            ],
            [
              -83.9510244,
              35.9968967
            ],
            [
              -83.9508404,
              35.9966501
            ],
            [
              -83.9494105,
              35.9972861
            ],
            [
              -83.9491247,
              35.9971606
            ],
            [
              -83.9486259,
              35.9973459
            ],
            [
              -83.9487718,
              35.997576
            ],
            [
              -83.9481888,
              35.997794
            ],
            [
              -83.947327,
              35.998194
            ],
            [
              -83.9451952,
              35.9992047
            ],
            [
              -83.945035,
              35.9998428
            ],
            [
              -83.9437286,
              36.0006006
            ],
            [
              -83.9429152,
              36.0008199
            ],
            [
              -83.9414979,
              36.0017572
            ],
            [
              -83.9413993,
              36.0024949
            ],
            [
              -83.9403888,
              36.0030632
            ],
            [
              -83.9390085,
              36.0033823
            ],
            [
              -83.9389345,
              36.0036814
            ],
            [
              -83.9383922,
              36.0037512
            ],
            [
              -83.9380348,
              36.0035418
            ],
            [
              -83.9374186,
              36.003482
            ],
            [
              -83.9363957,
              36.0038609
            ]
          ]
        ]
      },
      "id": "way/976078720"
    },
    {
      "type": "Feature",
      "properties": {
        "@id": "way/995660431",
        "addr:city": "Knoxville",
        "addr:postcode": "37916",
        "addr:state": "TN",
        "addr:street": "Lake Avenue",
        "dog": "yes",
        "leisure": "park",
        "name": "Mountcastle Park",
        "operator": "University of Tennessee"
      },
      "geometry": {
        "type": "Polygon",
        "coordinates": [
          [
            [
              -83.9363841,
              35.9539032
            ],
            [
              -83.936393,
              35.9538971
            ],
            [
              -83.9363966,
              35.9538895
            ],
            [
              -83.9363918,
              35.9538508
            ],
            [
              -83.9363751,
              35.9538028
            ],
            [
              -83.9363166,
              35.9537056
            ],
            [
              -83.936254,
              35.9536045
            ],
            [
              -83.9361808,
              35.9535092
            ],
            [
              -83.9361397,
              35.9534697
            ],
            [
              -83.9360959,
              35.953433
            ],
            [
              -83.9360377,
              35.9534051
            ],
            [
              -83.9359512,
              35.9533761
            ],
            [
              -83.9359064,
              35.9533697
            ],
            [
              -83.9357803,
              35.9533706
            ],
            [
              -83.9357041,
              35.9533745
            ],
            [
              -83.9355762,
              35.9534368
            ],
            [
              -83.9353414,
              35.9535508
            ],
            [
              -83.9353307,
              35.9535665
            ],
            [
              -83.9353162,
              35.9535852
            ],
            [
              -83.9353017,
              35.9536079
            ],
            [
              -83.935291,
              35.9536255
            ],
            [
              -83.9352996,
              35.9536333
            ],
            [
              -83.9352947,
              35.953669
            ],
            [
              -83.9352892,
              35.9536725
            ],
            [
              -83.9352905,
              35.9536929
            ],
            [
              -83.9352944,
              35.9537291
            ],
            [
              -83.935304,
              35.9537657
            ],
            [
              -83.9353184,
              35.9538079
            ],
            [
              -83.9353404,
              35.9538633
            ],
            [
              -83.935373,
              35.9539307
            ],
            [
              -83.9354287,
              35.9540335
            ],
            [
              -83.9355364,
              35.9542272
            ],
            [
              -83.9355468,
              35.9542238
            ],
            [
              -83.9355729,
              35.9542136
            ],
            [
              -83.9363841,
              35.9539032
            ]
          ]
        ]
      },
      "id": "way/995660431"
    },
    {
      "type": "Feature",
      "properties": {
        "@id": "way/995970502",
        "leisure": "park",
        "name": "Fountain City Recreation Complex",
        "operator": "City of Knoxville"
      },
      "geometry": {
        "type": "Polygon",
        "coordinates": [
          [
            [
              -83.9228082,
              36.048409
            ],
            [
              -83.922554,
              36.0483846
            ],
            [
              -83.9210424,
              36.0483278
            ],
            [
              -83.9209855,
              36.0484225
            ],
            [
              -83.9208986,
              36.0485496
            ],
            [
              -83.9207882,
              36.0486604
            ],
            [
              -83.9206578,
              36.0487524
            ],
            [
              -83.9204404,
              36.048801
            ],
            [
              -83.9201929,
              36.048801
            ],
            [
              -83.9199956,
              36.0487848
            ],
            [
              -83.919825,
              36.0488416
            ],
            [
              -83.9197782,
              36.0495392
            ],
            [
              -83.9197515,
              36.049888
            ],
            [
              -83.9197916,
              36.0499502
            ],
            [
              -83.9198852,
              36.0500719
            ],
            [
              -83.9197615,
              36.0507397
            ],
            [
              -83.9215942,
              36.0508533
            ],
            [
              -83.9223433,
              36.0508885
            ],
            [
              -83.9226911,
              36.0507641
            ],
            [
              -83.9230323,
              36.0505424
            ],
            [
              -83.9232697,
              36.0504099
            ],
            [
              -83.9233868,
              36.0502368
            ],
            [
              -83.9238416,
              36.0502368
            ],
            [
              -83.92438,
              36.0502558
            ],
            [
              -83.9246777,
              36.050253
            ],
            [
              -83.9246242,
              36.0501503
            ],
            [
              -83.9239787,
              36.0501422
            ],
            [
              -83.9238081,
              36.0501206
            ],
            [
              -83.9237279,
              36.0499691
            ],
            [
              -83.9235205,
              36.0496176
            ],
            [
              -83.9233934,
              36.0494824
            ],
            [
              -83.9231828,
              36.0492634
            ],
            [
              -83.9229787,
              36.0490119
            ],
            [
              -83.922865,
              36.0488037
            ],
            [
              -83.9228249,
              36.0486469
            ],
            [
              -83.9228015,
              36.0485144
            ],
            [
              -83.9228082,
              36.048409
            ]
          ]
        ]
      },
      "id": "way/995970502"
    },
    {
      "type": "Feature",
      "properties": {
        "@id": "way/1013561883",
        "leisure": "park",
        "name": "Holston River Park",
        "operator": "City of Knoxville"
      },
      "geometry": {
        "type": "Polygon",
        "coordinates": [
          [
            [
              -83.8605652,
              35.97143
            ],
            [
              -83.8599179,
              35.9717253
            ],
            [
              -83.8592963,
              35.9720346
            ],
            [
              -83.8588544,
              35.9722422
            ],
            [
              -83.8585664,
              35.9724476
            ],
            [
              -83.8583923,
              35.9726347
            ],
            [
              -83.8587031,
              35.9728253
            ],
            [
              -83.8594599,
              35.9730336
            ],
            [
              -83.8597036,
              35.9738079
            ],
            [
              -83.8596906,
              35.9742417
            ],
            [
              -83.8593928,
              35.9754154
            ],
            [
              -83.8589893,
              35.9763234
            ],
            [
              -83.8591659,
              35.9777512
            ],
            [
              -83.8590719,
              35.9786299
            ],
            [
              -83.8596813,
              35.9786593
            ],
            [
              -83.8597354,
              35.9781286
            ],
            [
              -83.8597696,
              35.9778863
            ],
            [
              -83.8597925,
              35.9777456
            ],
            [
              -83.859858,
              35.9775494
            ],
            [
              -83.860166,
              35.9770095
            ],
            [
              -83.8604682,
              35.9765226
            ],
            [
              -83.8606849,
              35.976165
            ],
            [
              -83.8607876,
              35.9760035
            ],
            [
              -83.8609016,
              35.9758627
            ],
            [
              -83.861124,
              35.9756296
            ],
            [
              -83.8613664,
              35.9754058
            ],
            [
              -83.8615603,
              35.9752328
            ],
            [
              -83.8617256,
              35.9751105
            ],
            [
              -83.8618055,
              35.9750482
            ],
            [
              -83.8619993,
              35.9749536
            ],
            [
              -83.862293,
              35.9748243
            ],
            [
              -83.8625725,
              35.9747228
            ],
            [
              -83.8628633,
              35.9746028
            ],
            [
              -83.863023,
              35.9745428
            ],
            [
              -83.8632054,
              35.9744598
            ],
            [
              -83.8633537,
              35.9743698
            ],
            [
              -83.8634792,
              35.9742544
            ],
            [
              -83.8635419,
              35.9741529
            ],
            [
              -83.8637671,
              35.9737214
            ],
            [
              -83.8638384,
              35.9735644
            ],
            [
              -83.8639012,
              35.9733637
            ],
            [
              -83.8639496,
              35.9727107
            ],
            [
              -83.8639724,
              35.9722422
            ],
            [
              -83.8639781,
              35.9721845
            ],
            [
              -83.8639582,
              35.9721061
            ],
            [
              -83.8639097,
              35.9720784
            ],
            [
              -83.863425,
              35.9719353
            ],
            [
              -83.8628148,
              35.9717184
            ],
            [
              -83.8626266,
              35.9719376
            ],
            [
              -83.862427,
              35.9722307
            ],
            [
              -83.8623044,
              35.9723322
            ],
            [
              -83.8621048,
              35.9722722
            ],
            [
              -83.8618881,
              35.9721476
            ],
            [
              -83.8613207,
              35.9716676
            ],
            [
              -83.8611154,
              35.9714669
            ],
            [
              -83.8608959,
              35.9713054
            ],
            [
              -83.8605652,
              35.97143
            ]
          ]
        ]
      },
      "id": "way/1013561883"
    },
    {
      "type": "Feature",
      "properties": {
        "@id": "way/1014107091",
        "leisure": "park"
      },
      "geometry": {
        "type": "Polygon",
        "coordinates": [
          [
            [
              -83.8493707,
              35.9616768
            ],
            [
              -83.8492438,
              35.9617573
            ],
            [
              -83.8490825,
              35.9617907
            ],
            [
              -83.8488973,
              35.9617962
            ],
            [
              -83.8486881,
              35.9617629
            ],
            [
              -83.8485234,
              35.961749
            ],
            [
              -83.8484685,
              35.9617907
            ],
            [
              -83.848271,
              35.961889
            ],
            [
              -83.848019,
              35.9619368
            ],
            [
              -83.8479402,
              35.9620122
            ],
            [
              -83.8479848,
              35.9621929
            ],
            [
              -83.8481081,
              35.9628583
            ],
            [
              -83.8481874,
              35.9633598
            ],
            [
              -83.8481787,
              35.9635353
            ],
            [
              -83.8481477,
              35.9638301
            ],
            [
              -83.8481192,
              35.9639828
            ],
            [
              -83.8488739,
              35.9639614
            ],
            [
              -83.8493298,
              35.9639614
            ],
            [
              -83.8496787,
              35.9639523
            ],
            [
              -83.8498447,
              35.9639181
            ],
            [
              -83.8500688,
              35.9638606
            ],
            [
              -83.849664,
              35.9617412
            ],
            [
              -83.8495693,
              35.9615874
            ],
            [
              -83.8494168,
              35.9616055
            ],
            [
              -83.8493707,
              35.9616768
            ]
          ]
        ]
      },
      "id": "way/1014107091"
    },
    {
      "type": "Feature",
      "properties": {
        "@id": "way/1019772776",
        "boundary": "protected_area"
      },
      "geometry": {
        "type": "Polygon",
        "coordinates": [
          [
            [
              -83.8546943,
              35.9245419
            ],
            [
              -83.8546233,
              35.9244077
            ],
            [
              -83.8545562,
              35.9242809
            ],
            [
              -83.8544296,
              35.9238553
            ],
            [
              -83.8543452,
              35.9235105
            ],
            [
              -83.8543844,
              35.9234132
            ],
            [
              -83.8544448,
              35.9231887
            ],
            [
              -83.8544448,
              35.9231287
            ],
            [
              -83.8541922,
              35.9230309
            ],
            [
              -83.8538684,
              35.9234975
            ],
            [
              -83.8536325,
              35.9238112
            ],
            [
              -83.8533693,
              35.9243646
            ],
            [
              -83.8531153,
              35.9247423
            ],
            [
              -83.8519515,
              35.9250865
            ],
            [
              -83.8510539,
              35.9252285
            ],
            [
              -83.8495996,
              35.9252391
            ],
            [
              -83.8491934,
              35.9254619
            ],
            [
              -83.8488593,
              35.9256529
            ],
            [
              -83.8481453,
              35.9257112
            ],
            [
              -83.8474236,
              35.9257814
            ],
            [
              -83.8466851,
              35.9256042
            ],
            [
              -83.8460469,
              35.9255968
            ],
            [
              -83.8445151,
              35.9259586
            ],
            [
              -83.8440775,
              35.9268962
            ],
            [
              -83.8428557,
              35.9280184
            ],
            [
              -83.8423633,
              35.928395
            ],
            [
              -83.8409319,
              35.9289856
            ],
            [
              -83.8399745,
              35.9294803
            ],
            [
              -83.8395825,
              35.9298568
            ],
            [
              -83.8389533,
              35.9293326
            ],
            [
              -83.8385613,
              35.9295541
            ],
            [
              -83.8374842,
              35.9292046
            ],
            [
              -83.8367256,
              35.9290235
            ],
            [
              -83.8364306,
              35.9287584
            ],
            [
              -83.8359447,
              35.9280681
            ],
            [
              -83.8357614,
              35.9280992
            ],
            [
              -83.8353949,
              35.9281613
            ],
            [
              -83.8351604,
              35.9282304
            ],
            [
              -83.8342227,
              35.9286583
            ],
            [
              -83.8339031,
              35.9288171
            ],
            [
              -83.8337198,
              35.9289206
            ],
            [
              -83.8339713,
              35.9293969
            ],
            [
              -83.8342189,
              35.9298167
            ],
            [
              -83.8348868,
              35.930775
            ],
            [
              -83.8352861,
              35.9318626
            ],
            [
              -83.8337397,
              35.9323388
            ],
            [
              -83.8339067,
              35.9329679
            ],
            [
              -83.8345305,
              35.93434
            ],
            [
              -83.8349094,
              35.934455
            ],
            [
              -83.8352409,
              35.9345931
            ],
            [
              -83.8355582,
              35.9346698
            ],
            [
              -83.8358897,
              35.9346659
            ],
            [
              -83.8363491,
              35.9345585
            ],
            [
              -83.8370295,
              35.9341771
            ],
            [
              -83.8376122,
              35.9340008
            ],
            [
              -83.8379713,
              35.9338483
            ],
            [
              -83.8385246,
              35.933448
            ],
            [
              -83.8393898,
              35.933081
            ],
            [
              -83.8400432,
              35.9328332
            ],
            [
              -83.8394899,
              35.9316321
            ],
            [
              -83.8411026,
              35.9314224
            ],
            [
              -83.8421739,
              35.9313366
            ],
            [
              -83.8424387,
              35.9314892
            ],
            [
              -83.8425563,
              35.9316302
            ],
            [
              -83.8425231,
              35.9317188
            ],
            [
              -83.8425716,
              35.9317614
            ],
            [
              -83.8426755,
              35.931831
            ],
            [
              -83.8427503,
              35.9319589
            ],
            [
              -83.8428196,
              35.9320509
            ],
            [
              -83.8429914,
              35.9320542
            ],
            [
              -83.8431147,
              35.9320868
            ],
            [
              -83.8432588,
              35.9321709
            ],
            [
              -83.8433516,
              35.9322427
            ],
            [
              -83.843407,
              35.9322348
            ],
            [
              -83.8433204,
              35.9318245
            ],
            [
              -83.8442296,
              35.9317761
            ],
            [
              -83.8441206,
              35.932184
            ],
            [
              -83.8463015,
              35.9326324
            ],
            [
              -83.846564,
              35.9323927
            ],
            [
              -83.8466924,
              35.9320852
            ],
            [
              -83.8463529,
              35.93148
            ],
            [
              -83.846177,
              35.9308362
            ],
            [
              -83.8463987,
              35.9304029
            ],
            [
              -83.8468727,
              35.9301244
            ],
            [
              -83.8471479,
              35.9299758
            ],
            [
              -83.8473696,
              35.9290659
            ],
            [
              -83.8479658,
              35.9292578
            ],
            [
              -83.8477976,
              35.9299573
            ],
            [
              -83.8476906,
              35.9307619
            ],
            [
              -83.8478588,
              35.9311395
            ],
            [
              -83.8490437,
              35.9318266
            ],
            [
              -83.8489825,
              35.9320123
            ],
            [
              -83.8482716,
              35.9333369
            ],
            [
              -83.8486691,
              35.9335906
            ],
            [
              -83.8488296,
              35.9338568
            ],
            [
              -83.8489366,
              35.9346305
            ],
            [
              -83.8496705,
              35.9345872
            ],
            [
              -83.8498845,
              35.9348224
            ],
            [
              -83.8496705,
              35.9351566
            ],
            [
              -83.8498157,
              35.9353237
            ],
            [
              -83.8505037,
              35.9352742
            ],
            [
              -83.8507407,
              35.9354908
            ],
            [
              -83.8507866,
              35.9357755
            ],
            [
              -83.8508744,
              35.9363597
            ],
            [
              -83.8511821,
              35.9363582
            ],
            [
              -83.8515428,
              35.9364166
            ],
            [
              -83.8517593,
              35.9365119
            ],
            [
              -83.8523136,
              35.9369269
            ],
            [
              -83.8530898,
              35.936522
            ],
            [
              -83.8544923,
              35.9357838
            ],
            [
              -83.855301,
              35.9354536
            ],
            [
              -83.8560117,
              35.9354109
            ],
            [
              -83.8572764,
              35.9354833
            ],
            [
              -83.8575133,
              35.9354652
            ],
            [
              -83.8577278,
              35.9353567
            ],
            [
              -83.8579467,
              35.9336814
            ],
            [
              -83.8593499,
              35.9329613
            ],
            [
              -83.860409,
              35.9326755
            ],
            [
              -83.8613028,
              35.932339
            ],
            [
              -83.8622323,
              35.9320495
            ],
            [
              -83.8638277,
              35.9313294
            ],
            [
              -83.8649717,
              35.9309242
            ],
            [
              -83.8650029,
              35.9316008
            ],
            [
              -83.8658565,
              35.9313439
            ],
            [
              -83.8661067,
              35.9310653
            ],
            [
              -83.8660665,
              35.9306238
            ],
            [
              -83.8660174,
              35.9295021
            ],
            [
              -83.8664275,
              35.9294205
            ],
            [
              -83.8664957,
              35.9293883
            ],
            [
              -83.8665071,
              35.9293177
            ],
            [
              -83.8664862,
              35.929238
            ],
            [
              -83.8664483,
              35.9291383
            ],
            [
              -83.8662418,
              35.9291751
            ],
            [
              -83.8662513,
              35.929218
            ],
            [
              -83.8662229,
              35.929261
            ],
            [
              -83.8661774,
              35.9293776
            ],
            [
              -83.8653344,
              35.9295433
            ],
            [
              -83.8651032,
              35.9295755
            ],
            [
              -83.865071,
              35.9293975
            ],
            [
              -83.8650095,
              35.9292999
            ],
            [
              -83.8648517,
              35.9292885
            ],
            [
              -83.8645352,
              35.9293537
            ],
            [
              -83.8643865,
              35.9293844
            ],
            [
              -83.863741,
              35.9295829
            ],
            [
              -83.8628164,
              35.9296971
            ],
            [
              -83.8619659,
              35.9298019
            ],
            [
              -83.8615628,
              35.9299537
            ],
            [
              -83.8611363,
              35.9303029
            ],
            [
              -83.8604707,
              35.931024
            ],
            [
              -83.8601534,
              35.9311116
            ],
            [
              -83.8591749,
              35.9309661
            ],
            [
              -83.8575217,
              35.9308434
            ],
            [
              -83.8570809,
              35.9296331
            ],
            [
              -83.8568467,
              35.9292761
            ],
            [
              -83.8562818,
              35.9291534
            ],
            [
              -83.8558892,
              35.9291924
            ],
            [
              -83.8558134,
              35.9285398
            ],
            [
              -83.8557308,
              35.9279932
            ],
            [
              -83.8555591,
              35.9278477
            ],
            [
              -83.8552508,
              35.9277819
            ],
            [
              -83.8552021,
              35.9275585
            ],
            [
              -83.8552143,
              35.9265236
            ],
            [
              -83.8554496,
              35.9263034
            ],
            [
              -83.8557133,
              35.9261359
            ],
            [
              -83.8568819,
              35.9257482
            ],
            [
              -83.8563382,
              35.924838
            ],
            [
              -83.8559162,
              35.9251074
            ],
            [
              -83.8555957,
              35.9250976
            ],
            [
              -83.8553928,
              35.92493
            ],
            [
              -83.8551737,
              35.924654
            ],
            [
              -83.8548288,
              35.9245522
            ],
            [
              -83.8546943,
              35.9245419
            ]
          ]
        ]
      },
      "id": "way/1019772776"
    },
    {
      "type": "Feature",
      "properties": {
        "@id": "way/1054685802",
        "leisure": "park",
        "operator": "City of Knoxville"
      },
      "geometry": {
        "type": "Polygon",
        "coordinates": [
          [
            [
              -90.2848864,
              40.9075607
            ],
            [
              -90.2835993,
              40.9075424
            ],
            [
              -90.2835975,
              40.9078911
            ],
            [
              -90.2848845,
              40.9079024
            ],
            [
              -90.2848864,
              40.9075607
            ]
          ]
        ]
      },
      "id": "way/1054685802"
    },
    {
      "type": "Feature",
      "properties": {
        "@id": "way/1076579484",
        "leisure": "park",
        "name": "Urban Wilderness Gateway Park",
        "operator": "City of Knoxville",
        "operator:type": "government",
        "operator:wikidata": "Q185582"
      },
      "geometry": {
        "type": "Polygon",
        "coordinates": [
          [
            [
              -83.8965074,
              35.944376
            ],
            [
              -83.8963167,
              35.9442256
            ],
            [
              -83.8961513,
              35.9440677
            ],
            [
              -83.8960199,
              35.9438995
            ],
            [
              -83.8957357,
              35.943357
            ],
            [
              -83.8955661,
              35.9429656
            ],
            [
              -83.8955803,
              35.9427983
            ],
            [
              -83.8954373,
              35.9427686
            ],
            [
              -83.8951842,
              35.9422519
            ],
            [
              -83.8950852,
              35.9420767
            ],
            [
              -83.8949238,
              35.9419906
            ],
            [
              -83.8946964,
              35.94205
            ],
            [
              -83.894381,
              35.9421242
            ],
            [
              -83.8939042,
              35.9421632
            ],
            [
              -83.8935822,
              35.9420923
            ],
            [
              -83.8920413,
              35.9414493
            ],
            [
              -83.8913353,
              35.9412859
            ],
            [
              -83.89111,
              35.9412685
            ],
            [
              -83.8912316,
              35.9415117
            ],
            [
              -83.8913174,
              35.941749
            ],
            [
              -83.8913424,
              35.9418996
            ],
            [
              -83.8913225,
              35.9421639
            ],
            [
              -83.891311,
              35.9422386
            ],
            [
              -83.8913214,
              35.9422617
            ],
            [
              -83.891333,
              35.9422768
            ],
            [
              -83.8913632,
              35.942289
            ],
            [
              -83.8913483,
              35.9423535
            ],
            [
              -83.8924695,
              35.9424964
            ],
            [
              -83.893026,
              35.9425799
            ],
            [
              -83.8934007,
              35.9426371
            ],
            [
              -83.8934224,
              35.9426546
            ],
            [
              -83.893436,
              35.942681
            ],
            [
              -83.8934495,
              35.9427316
            ],
            [
              -83.8934088,
              35.9429162
            ],
            [
              -83.8933925,
              35.9429755
            ],
            [
              -83.8935446,
              35.9430371
            ],
            [
              -83.8939167,
              35.9432094
            ],
            [
              -83.8940147,
              35.9432348
            ],
            [
              -83.8941599,
              35.9433047
            ],
            [
              -83.8942697,
              35.9433873
            ],
            [
              -83.8943364,
              35.9434635
            ],
            [
              -83.8943325,
              35.9435746
            ],
            [
              -83.8943268,
              35.943636
            ],
            [
              -83.8944777,
              35.9437006
            ],
            [
              -83.8945403,
              35.9437789
            ],
            [
              -83.894603,
              35.9439126
            ],
            [
              -83.8946172,
              35.9440371
            ],
            [
              -83.8946884,
              35.9442584
            ],
            [
              -83.8947254,
              35.944505
            ],
            [
              -83.8947055,
              35.944664
            ],
            [
              -83.8946677,
              35.9448625
            ],
            [
              -83.8946788,
              35.9448923
            ],
            [
              -83.8947102,
              35.9449416
            ],
            [
              -83.8947305,
              35.9450089
            ],
            [
              -83.8947452,
              35.9450776
            ],
            [
              -83.8947655,
              35.9452136
            ],
            [
              -83.8948816,
              35.9451603
            ],
            [
              -83.8950218,
              35.9450955
            ],
            [
              -83.8950743,
              35.9450505
            ],
            [
              -83.8965074,
              35.944376
            ]
          ]
        ]
      },
      "id": "way/1076579484"
    },
    {
      "type": "Feature",
      "properties": {
        "@id": "way/1124705838",
        "leisure": "park"
      },
      "geometry": {
        "type": "Polygon",
        "coordinates": [
          [
            [
              -83.867753,
              35.9946014
            ],
            [
              -83.8670646,
              35.9938638
            ],
            [
              -83.8666678,
              35.9934014
            ],
            [
              -83.8666678,
              35.9933249
            ],
            [
              -83.8663986,
              35.9931606
            ],
            [
              -83.8658714,
              35.9928057
            ],
            [
              -83.864359,
              35.9927136
            ],
            [
              -83.864294,
              35.9928451
            ],
            [
              -83.8644512,
              35.9930337
            ],
            [
              -83.8643388,
              35.9931193
            ],
            [
              -83.8658507,
              35.994567
            ],
            [
              -83.8662758,
              35.9949721
            ],
            [
              -83.8665153,
              35.9951638
            ],
            [
              -83.8667467,
              35.9950492
            ],
            [
              -83.8670784,
              35.9949162
            ],
            [
              -83.8674649,
              35.9947942
            ],
            [
              -83.867753,
              35.9946014
            ]
          ]
        ]
      },
      "id": "way/1124705838"
    },
    {
      "type": "Feature",
      "properties": {
        "@id": "way/1154154867",
        "leisure": "park",
        "name": "Asheville Highway River Access",
        "operator": "City of Knoxville",
        "operator:type": "public",
        "operator:wikidata": "Q185582"
      },
      "geometry": {
        "type": "Polygon",
        "coordinates": [
          [
            [
              -83.8291752,
              36.0157158
            ],
            [
              -83.8294222,
              36.0156284
            ],
            [
              -83.8299504,
              36.0154416
            ],
            [
              -83.8299422,
              36.0153555
            ],
            [
              -83.8299384,
              36.0153341
            ],
            [
              -83.8298108,
              36.0150269
            ],
            [
              -83.8297872,
              36.0149949
            ],
            [
              -83.8285953,
              36.0155276
            ],
            [
              -83.8287568,
              36.0157981
            ],
            [
              -83.8284925,
              36.0158929
            ],
            [
              -83.8283102,
              36.0159922
            ],
            [
              -83.8285117,
              36.0162327
            ],
            [
              -83.8289995,
              36.016071
            ],
            [
              -83.8291752,
              36.0157158
            ]
          ]
        ]
      },
      "id": "way/1154154867"
    },
    {
      "type": "Feature",
      "properties": {
        "@id": "way/1173487385",
        "addr:city": "Knoxville",
        "addr:housenumber": "1240",
        "addr:postcode": "37917",
        "addr:state": "TN",
        "addr:street": "Cottage Place Northeast",
        "leisure": "park",
        "name": "First Creek Park",
        "opening_hours": "dawn-dusk",
        "operator": "City of Knoxville",
        "operator:type": "public",
        "operator:wikidata": "Q185582"
      },
      "geometry": {
        "type": "Polygon",
        "coordinates": [
          [
            [
              -83.9160858,
              35.9878283
            ],
            [
              -83.9162331,
              35.987838
            ],
            [
              -83.9163348,
              35.9878276
            ],
            [
              -83.9164426,
              35.9877984
            ],
            [
              -83.9166173,
              35.9877532
            ],
            [
              -83.9167062,
              35.9876697
            ],
            [
              -83.9167664,
              35.9875573
            ],
            [
              -83.9168166,
              35.9874652
            ],
            [
              -83.9168758,
              35.9873184
            ],
            [
              -83.9168969,
              35.9872307
            ],
            [
              -83.9169074,
              35.9871358
            ],
            [
              -83.9168728,
              35.9869865
            ],
            [
              -83.9168028,
              35.9868687
            ],
            [
              -83.9167332,
              35.9867835
            ],
            [
              -83.9166458,
              35.9867069
            ],
            [
              -83.9165585,
              35.9866548
            ],
            [
              -83.9164161,
              35.9865973
            ],
            [
              -83.9161799,
              35.9865229
            ],
            [
              -83.9160414,
              35.9864925
            ],
            [
              -83.916049,
              35.9864371
            ],
            [
              -83.916076,
              35.9862404
            ],
            [
              -83.9160926,
              35.9861091
            ],
            [
              -83.9156048,
              35.9860995
            ],
            [
              -83.9153374,
              35.9860824
            ],
            [
              -83.9152904,
              35.9861691
            ],
            [
              -83.9152746,
              35.9862337
            ],
            [
              -83.9152783,
              35.9862954
            ],
            [
              -83.9152832,
              35.986386
            ],
            [
              -83.9153129,
              35.9864666
            ],
            [
              -83.9153673,
              35.986558
            ],
            [
              -83.9153955,
              35.9866518
            ],
            [
              -83.915432,
              35.9867166
            ],
            [
              -83.9154676,
              35.9868164
            ],
            [
              -83.9154595,
              35.9868924
            ],
            [
              -83.9154568,
              35.9869586
            ],
            [
              -83.915426,
              35.9870649
            ],
            [
              -83.9154206,
              35.9871344
            ],
            [
              -83.915426,
              35.9871951
            ],
            [
              -83.9154239,
              35.9872858
            ],
            [
              -83.9154307,
              35.98734
            ],
            [
              -83.9154461,
              35.9874057
            ],
            [
              -83.9154809,
              35.9874779
            ],
            [
              -83.9155776,
              35.987524
            ],
            [
              -83.9157116,
              35.9876102
            ],
            [
              -83.9158115,
              35.987691
            ],
            [
              -83.9159041,
              35.987755
            ],
            [
              -83.9160858,
              35.9878283
            ]
          ]
        ]
      },
      "id": "way/1173487385"
    },
    {
      "type": "Feature",
      "properties": {
        "@id": "way/1173500768",
        "addr:city": "Knoxville",
        "addr:housenumber": "416",
        "addr:postcode": "37917",
        "addr:state": "TN",
        "addr:street": "East Oklahoma Avenue",
        "leisure": "park",
        "name": "Beth Ann Booker Park",
        "opening_hours": "dawn-dusk",
        "operator": "City of Knoxville",
        "operator:type": "public",
        "operator:wikidata": "Q185582"
      },
      "geometry": {
        "type": "Polygon",
        "coordinates": [
          [
            [
              -83.9258706,
              35.9853456
            ],
            [
              -83.9257094,
              35.9854964
            ],
            [
              -83.9261238,
              35.9857806
            ],
            [
              -83.9262809,
              35.9856435
            ],
            [
              -83.9262424,
              35.9856198
            ],
            [
              -83.9261946,
              35.9855899
            ],
            [
              -83.9258706,
              35.9853456
            ]
          ]
        ]
      },
      "id": "way/1173500768"
    },
    {
      "type": "Feature",
      "properties": {
        "@id": "way/1173502880",
        "addr:city": "Knoxville",
        "addr:housenumber": "1028",
        "addr:postcode": "37917",
        "addr:state": "TN",
        "addr:street": "Ledgerwood Avenue",
        "leisure": "park",
        "name": "Scott-Roberts Park",
        "opening_hours": "dawn-dusk",
        "operator": "City of Knoxville",
        "operator:type": "public",
        "operator:wikidata": "Q185582"
      },
      "geometry": {
        "type": "Polygon",
        "coordinates": [
          [
            [
              -83.9273033,
              35.9948162
            ],
            [
              -83.9270635,
              35.9946089
            ],
            [
              -83.926506,
              35.995082
            ],
            [
              -83.9273033,
              35.9948162
            ]
          ]
        ]
      },
      "id": "way/1173502880"
    },
    {
      "type": "Feature",
      "properties": {
        "@id": "way/1173503179",
        "addr:city": "Knoxville",
        "addr:housenumber": "1070",
        "addr:postcode": "37917",
        "addr:state": "TN",
        "addr:street": "Ledgerwood Avenue",
        "leisure": "park",
        "name": "Fulton Bicentennial Park",
        "opening_hours": "dawn-dusk",
        "operator": "City of Knoxville",
        "operator:type": "public",
        "operator:wikidata": "Q185582"
      },
      "geometry": {
        "type": "Polygon",
        "coordinates": [
          [
            [
              -83.9255575,
              35.9951159
            ],
            [
              -83.9255186,
              35.9950841
            ],
            [
              -83.9262776,
              35.9944483
            ],
            [
              -83.924877,
              35.9934758
            ],
            [
              -83.9248249,
              35.9935194
            ],
            [
              -83.9240954,
              35.9941175
            ],
            [
              -83.9245245,
              35.9944526
            ],
            [
              -83.9242939,
              35.994726
            ],
            [
              -83.9243207,
              35.9948909
            ],
            [
              -83.9245299,
              35.9949604
            ],
            [
              -83.9247767,
              35.9949994
            ],
            [
              -83.9250985,
              35.9950342
            ],
            [
              -83.9252594,
              35.995121
            ],
            [
              -83.925407,
              35.9952395
            ],
            [
              -83.9255575,
              35.9951159
            ]
          ]
        ]
      },
      "id": "way/1173503179"
    },
    {
      "type": "Feature",
      "properties": {
        "@id": "way/1180725538",
        "gnis:feature_id": "1321638",
        "leisure": "park",
        "name": "Mead Park",
        "operator": "City of Knoxville",
        "operator:type": "public",
        "operator:wikidata": "Q185582"
      },
      "geometry": {
        "type": "Polygon",
        "coordinates": [
          [
            [
              -83.9701418,
              36.0056708
            ],
            [
              -83.96939,
              36.0060519
            ],
            [
              -83.9689422,
              36.0063071
            ],
            [
              -83.9687554,
              36.0064367
            ],
            [
              -83.9688956,
              36.0065358
            ],
            [
              -83.9709722,
              36.0079416
            ],
            [
              -83.971454,
              36.008085
            ],
            [
              -83.971953,
              36.0082336
            ],
            [
              -83.9721303,
              36.0082589
            ],
            [
              -83.9722133,
              36.0081943
            ],
            [
              -83.9726081,
              36.0079015
            ],
            [
              -83.9716122,
              36.0069912
            ],
            [
              -83.9713607,
              36.0067088
            ],
            [
              -83.9711117,
              36.0068431
            ],
            [
              -83.9704458,
              36.0060397
            ],
            [
              -83.9702769,
              36.005836
            ],
            [
              -83.9701418,
              36.0056708
            ]
          ]
        ]
      },
      "id": "way/1180725538"
    },
    {
      "type": "Feature",
      "properties": {
        "@id": "way/1188377481",
        "leisure": "park"
      },
      "geometry": {
        "type": "Polygon",
        "coordinates": [
          [
            [
              -84.0046496,
              35.9433552
            ],
            [
              -84.0047431,
              35.9434988
            ],
            [
              -84.0048314,
              35.9436516
            ],
            [
              -84.0048736,
              35.9438386
            ],
            [
              -84.0049619,
              35.94398
            ],
            [
              -84.0053214,
              35.9445149
            ],
            [
              -84.0055945,
              35.9450832
            ],
            [
              -84.0058595,
              35.9449102
            ],
            [
              -84.0057525,
              35.9447652
            ],
            [
              -84.0058381,
              35.9447003
            ],
            [
              -84.0061749,
              35.9444817
            ],
            [
              -84.0059423,
              35.9438585
            ],
            [
              -84.0058541,
              35.9436897
            ],
            [
              -84.0058461,
              35.9435469
            ],
            [
              -84.0059396,
              35.9434755
            ],
            [
              -84.0061134,
              35.9433153
            ],
            [
              -84.0061481,
              35.9432309
            ],
            [
              -84.0058808,
              35.9425363
            ],
            [
              -84.0056857,
              35.9424108
            ],
            [
              -84.0055467,
              35.9424346
            ],
            [
              -84.0053382,
              35.9424671
            ],
            [
              -84.0045123,
              35.9427852
            ],
            [
              -84.0044401,
              35.9428674
            ],
            [
              -84.0046496,
              35.9433552
            ]
          ]
        ]
      },
      "id": "way/1188377481"
    },
    {
      "type": "Feature",
      "properties": {
        "@id": "way/1188377482",
        "description": "A tennis club that has outdoor and indoor tennis courts and a swimming pool.",
        "leisure": "park",
        "name": "Knoxville Racquet Club"
      },
      "geometry": {
        "type": "Polygon",
        "coordinates": [
          [
            [
              -84.0058666,
              35.9450759
            ],
            [
              -84.006266,
              35.9454829
            ],
            [
              -84.0065808,
              35.9457644
            ],
            [
              -84.0068016,
              35.9459907
            ],
            [
              -84.0068157,
              35.946063
            ],
            [
              -84.0064563,
              35.9463235
            ],
            [
              -84.0061388,
              35.9465037
            ],
            [
              -84.0066892,
              35.9468782
            ],
            [
              -84.0073924,
              35.9474832
            ],
            [
              -84.0083602,
              35.9483599
            ],
            [
              -84.0086779,
              35.9486589
            ],
            [
              -84.0102811,
              35.9478159
            ],
            [
              -84.0105062,
              35.9477005
            ],
            [
              -84.0106412,
              35.9475213
            ],
            [
              -84.0107163,
              35.947251
            ],
            [
              -84.0107305,
              35.9462167
            ],
            [
              -84.0097978,
              35.9453358
            ],
            [
              -84.0092944,
              35.9455016
            ],
            [
              -84.0077561,
              35.9455218
            ],
            [
              -84.007216,
              35.9455289
            ],
            [
              -84.0068221,
              35.9454955
            ],
            [
              -84.0066157,
              35.945453
            ],
            [
              -84.0062818,
              35.945207
            ],
            [
              -84.0060117,
              35.9450065
            ],
            [
              -84.0058666,
              35.9450759
            ]
          ]
        ]
      },
      "id": "way/1188377482"
    },
    {
      "type": "Feature",
      "properties": {
        "@id": "way/1199162414",
        "gnis:feature_id": "1321718",
        "leisure": "park",
        "name": "South Knoxville Optimist Park",
        "operator": "City of Knoxville",
        "operator:type": "public",
        "operator:wikidata": "Q185582"
      },
      "geometry": {
        "type": "Polygon",
        "coordinates": [
          [
            [
              -83.919392,
              35.9214748
            ],
            [
              -83.919291,
              35.9215239
            ],
            [
              -83.9191734,
              35.9215923
            ],
            [
              -83.9190963,
              35.9216652
            ],
            [
              -83.9187367,
              35.9220483
            ],
            [
              -83.9185187,
              35.9222892
            ],
            [
              -83.9185058,
              35.9223086
            ],
            [
              -83.9185058,
              35.92234
            ],
            [
              -83.9185098,
              35.9223602
            ],
            [
              -83.9185367,
              35.9223956
            ],
            [
              -83.9187805,
              35.9225914
            ],
            [
              -83.9191029,
              35.9228727
            ],
            [
              -83.9195294,
              35.9232539
            ],
            [
              -83.9196662,
              35.9233856
            ],
            [
              -83.9197593,
              35.9233725
            ],
            [
              -83.9203715,
              35.9232337
            ],
            [
              -83.9203603,
              35.9231622
            ],
            [
              -83.9203572,
              35.9229159
            ],
            [
              -83.920373,
              35.9228569
            ],
            [
              -83.9204601,
              35.9228159
            ],
            [
              -83.9205995,
              35.9228133
            ],
            [
              -83.9208118,
              35.9227902
            ],
            [
              -83.9209686,
              35.9227504
            ],
            [
              -83.9213393,
              35.9226773
            ],
            [
              -83.9215689,
              35.9225491
            ],
            [
              -83.9216667,
              35.9224819
            ],
            [
              -83.9216319,
              35.9223029
            ],
            [
              -83.9216061,
              35.9221975
            ],
            [
              -83.9215915,
              35.9220721
            ],
            [
              -83.9215825,
              35.921994
            ],
            [
              -83.9215623,
              35.9218904
            ],
            [
              -83.9215433,
              35.9218486
            ],
            [
              -83.9214726,
              35.9217023
            ],
            [
              -83.9214378,
              35.9216669
            ],
            [
              -83.9211842,
              35.9217487
            ],
            [
              -83.9206636,
              35.9217459
            ],
            [
              -83.9206535,
              35.9218813
            ],
            [
              -83.9206557,
              35.9219377
            ],
            [
              -83.9206266,
              35.9219813
            ],
            [
              -83.9205301,
              35.9220258
            ],
            [
              -83.9203573,
              35.9220776
            ],
            [
              -83.9202978,
              35.9220858
            ],
            [
              -83.9202462,
              35.9220776
            ],
            [
              -83.9201341,
              35.9220163
            ],
            [
              -83.920057,
              35.9218943
            ],
            [
              -83.9200276,
              35.9218333
            ],
            [
              -83.9196528,
              35.9219136
            ],
            [
              -83.919392,
              35.9214748
            ]
          ]
        ]
      },
      "id": "way/1199162414"
    },
    {
      "type": "Feature",
      "properties": {
        "@id": "way/1251836856",
        "leisure": "park",
        "name": "Veterans Park"
      },
      "geometry": {
        "type": "Polygon",
        "coordinates": [
          [
            [
              -93.1178649,
              41.3214594
            ],
            [
              -93.1178557,
              41.3212164
            ],
            [
              -93.1179234,
              41.3211146
            ],
            [
              -93.1180005,
              41.3210614
            ],
            [
              -93.1179974,
              41.3208462
            ],
            [
              -93.1155849,
              41.3208369
            ],
            [
              -93.1156096,
              41.3214779
            ],
            [
              -93.1177262,
              41.3214686
            ],
            [
              -93.1178649,
              41.3214594
            ]
          ]
        ]
      },
      "id": "way/1251836856"
    },
    {
      "type": "Feature",
      "properties": {
        "@id": "way/1278046486",
        "leisure": "park",
        "name": "Sterchi Hills Park"
      },
      "geometry": {
        "type": "Polygon",
        "coordinates": [
          [
            [
              -83.9753652,
              36.0327076
            ],
            [
              -83.975253,
              36.0327359
            ],
            [
              -83.9734205,
              36.0336326
            ],
            [
              -83.9740648,
              36.0344655
            ],
            [
              -83.9744138,
              36.0343608
            ],
            [
              -83.9754039,
              36.0339507
            ],
            [
              -83.9750774,
              36.0334394
            ],
            [
              -83.9749349,
              36.0331388
            ],
            [
              -83.9749523,
              36.0330124
            ],
            [
              -83.9753205,
              36.0328045
            ],
            [
              -83.9754021,
              36.0327713
            ],
            [
              -83.9753652,
              36.0327076
            ]
          ]
        ]
      },
      "id": "way/1278046486"
    },
    {
      "type": "Feature",
      "properties": {
        "@id": "way/1309042241",
        "addr:city": "Knoxville",
        "addr:housenumber": "165",
        "addr:postcode": "37919",
        "addr:state": "TN",
        "addr:street": "Safety City Way",
        "leisure": "park",
        "name": "Safety City Park",
        "operator": "City of Knoxville",
        "operator:type": "government",
        "operator:wikidata": "Q185582"
      },
      "geometry": {
        "type": "Polygon",
        "coordinates": [
          [
            [
              -83.9543894,
              35.9539057
            ],
            [
              -83.9545129,
              35.9540559
            ],
            [
              -83.9575769,
              35.952453
            ],
            [
              -83.9568919,
              35.9515214
            ],
            [
              -83.9568151,
              35.9514683
            ],
            [
              -83.956726,
              35.9514396
            ],
            [
              -83.9566192,
              35.9514417
            ],
            [
              -83.9564982,
              35.95146
            ],
            [
              -83.9564078,
              35.9514994
            ],
            [
              -83.9563442,
              35.9515489
            ],
            [
              -83.9562966,
              35.9516191
            ],
            [
              -83.956247,
              35.9516972
            ],
            [
              -83.9561904,
              35.9517447
            ],
            [
              -83.9561275,
              35.9517651
            ],
            [
              -83.9560492,
              35.9517781
            ],
            [
              -83.9559821,
              35.9517759
            ],
            [
              -83.9558982,
              35.9517532
            ],
            [
              -83.9557738,
              35.951751
            ],
            [
              -83.9556983,
              35.9517696
            ],
            [
              -83.9556584,
              35.9518042
            ],
            [
              -83.9556444,
              35.9518562
            ],
            [
              -83.9556424,
              35.9520079
            ],
            [
              -83.9556179,
              35.9520927
            ],
            [
              -83.9555608,
              35.9521798
            ],
            [
              -83.9555123,
              35.9522181
            ],
            [
              -83.9554449,
              35.9522466
            ],
            [
              -83.9553673,
              35.9522491
            ],
            [
              -83.9552689,
              35.9522392
            ],
            [
              -83.9552064,
              35.9522171
            ],
            [
              -83.9550656,
              35.9521164
            ],
            [
              -83.955005,
              35.9520894
            ],
            [
              -83.9549364,
              35.9520786
            ],
            [
              -83.954852,
              35.9521066
            ],
            [
              -83.9547914,
              35.9521439
            ],
            [
              -83.9546973,
              35.9522245
            ],
            [
              -83.954605,
              35.9523065
            ],
            [
              -83.9544819,
              35.9524004
            ],
            [
              -83.9543981,
              35.9524765
            ],
            [
              -83.9543253,
              35.9525757
            ],
            [
              -83.9542579,
              35.9526509
            ],
            [
              -83.9542027,
              35.9526848
            ],
            [
              -83.9541323,
              35.9527108
            ],
            [
              -83.9539563,
              35.9527693
            ],
            [
              -83.9537744,
              35.9528337
            ],
            [
              -83.9535998,
              35.9529044
            ],
            [
              -83.9541388,
              35.9535917
            ],
            [
              -83.954168,
              35.9536287
            ],
            [
              -83.9543894,
              35.9539057
            ]
          ]
        ]
      },
      "id": "way/1309042241"
    },
    {
      "type": "Feature",
      "properties": {
        "@id": "way/1312258355",
        "leisure": "park",
        "name": "Billing's Park",
        "opening_hours": "sunrise-sunset",
        "operator": "Borough of Knoxville",
        "operator:type": "government",
        "start_date": "1892"
      },
      "geometry": {
        "type": "Polygon",
        "coordinates": [
          [
            [
              -77.4381355,
              41.9583535
            ],
            [
              -77.4381114,
              41.9574759
            ],
            [
              -77.4373228,
              41.9574799
            ],
            [
              -77.4372853,
              41.9568237
            ],
            [
              -77.4371002,
              41.9567858
            ],
            [
              -77.4369419,
              41.9571328
            ],
            [
              -77.4368776,
              41.9572206
            ],
            [
              -77.4368937,
              41.9574827
            ],
            [
              -77.4360162,
              41.9574905
            ],
            [
              -77.4361078,
              41.9580603
            ],
            [
              -77.4361587,
              41.958164
            ],
            [
              -77.4362231,
              41.95819
            ],
            [
              -77.4369902,
              41.9582099
            ],
            [
              -77.4371994,
              41.9582418
            ],
            [
              -77.4375401,
              41.9583236
            ],
            [
              -77.4378217,
              41.9583475
            ],
            [
              -77.4381355,
              41.9583535
            ]
          ]
        ]
      },
      "id": "way/1312258355"
    },
    {
      "type": "Feature",
      "properties": {
        "@id": "way/1497403438",
        "leisure": "park"
      },
      "geometry": {
        "type": "Polygon",
        "coordinates": [
          [
            [
              -83.9263986,
              36.0041086
            ],
            [
              -83.9263468,
              36.0038626
            ],
            [
              -83.9263274,
              36.0036758
            ],
            [
              -83.9263367,
              36.0034893
            ],
            [
              -83.9262726,
              36.003577
            ],
            [
              -83.9262669,
              36.0035849
            ],
            [
              -83.9257413,
              36.003964
            ],
            [
              -83.9260811,
              36.0042794
            ],
            [
              -83.9261973,
              36.004196
            ],
            [
              -83.9263159,
              36.0041393
            ],
            [
              -83.9263623,
              36.004121
            ],
            [
              -83.9263986,
              36.0041086
            ]
          ]
        ]
      },
      "id": "way/1497403438"
    },
    {
      "type": "Feature",
      "properties": {
        "@id": "relation/7092227",
        "addr:city": "Knoxville",
        "addr:housenumber": "4901",
        "addr:postcode": "37912",
        "addr:state": "TN",
        "addr:street": "Bradshaw Road",
        "leisure": "park",
        "name": "Victor Ashe Park",
        "opening_hours": "sunrise-sunset",
        "operator": "City of Knoxville",
        "operator:type": "government",
        "operator:wikidata": "Q185582",
        "type": "multipolygon",
        "@geometry": "bounds"
      },
      "geometry": {
        "type": "Polygon",
        "coordinates": [
          [
            [
              -84.0045835,
              35.9797122
            ],
            [
              -83.991252,
              35.9797122
            ],
            [
              -83.991252,
              35.9865604
            ],
            [
              -84.0045835,
              35.9865604
            ],
            [
              -84.0045835,
              35.9797122
            ]
          ]
        ]
      },
      "id": "relation/7092227"
    },
    {
      "type": "Feature",
      "properties": {
        "@id": "relation/11768484",
        "gnis:feature_id": "1975915",
        "leisure": "park",
        "name": "Auld Park",
        "type": "multipolygon",
        "@geometry": "bounds"
      },
      "geometry": {
        "type": "Polygon",
        "coordinates": [
          [
            [
              -93.0987344,
              41.3226907
            ],
            [
              -93.0945975,
              41.3226907
            ],
            [
              -93.0945975,
              41.3246052
            ],
            [
              -93.0987344,
              41.3246052
            ],
            [
              -93.0987344,
              41.3226907
            ]
          ]
        ]
      },
      "id": "relation/11768484"
    },
    {
      "type": "Feature",
      "properties": {
        "@id": "relation/13533713",
        "leisure": "park",
        "name": "New Harvest Park",
        "type": "multipolygon",
        "@geometry": "bounds"
      },
      "geometry": {
        "type": "Polygon",
        "coordinates": [
          [
            [
              -83.8852677,
              36.0377088
            ],
            [
              -83.8814441,
              36.0377088
            ],
            [
              -83.8814441,
              36.0405838
            ],
            [
              -83.8852677,
              36.0405838
            ],
            [
              -83.8852677,
              36.0377088
            ]
          ]
        ]
      },
      "id": "relation/13533713"
    },
    {
      "type": "Feature",
      "properties": {
        "@id": "relation/13654222",
        "gnis:feature_id": "1288894",
        "leisure": "park",
        "name": "I.C. King Park",
        "operator": "City of Knoxville",
        "operator:type": "government",
        "operator:wikidata": "Q185582",
        "type": "multipolygon",
        "@geometry": "bounds"
      },
      "geometry": {
        "type": "Polygon",
        "coordinates": [
          [
            [
              -83.9539909,
              35.8906105
            ],
            [
              -83.9376126,
              35.8906105
            ],
            [
              -83.9376126,
              35.9048614
            ],
            [
              -83.9539909,
              35.9048614
            ],
            [
              -83.9539909,
              35.8906105
            ]
          ]
        ]
      },
      "id": "relation/13654222"
    },
    {
      "type": "Feature",
      "properties": {
        "@id": "relation/13654223",
        "leisure": "park",
        "name": "High Ground Park",
        "type": "multipolygon",
        "@geometry": "bounds"
      },
      "geometry": {
        "type": "Polygon",
        "coordinates": [
          [
            [
              -83.9262385,
              35.9378628
            ],
            [
              -83.9208261,
              35.9378628
            ],
            [
              -83.9208261,
              35.9413414
            ],
            [
              -83.9262385,
              35.9413414
            ],
            [
              -83.9262385,
              35.9378628
            ]
          ]
        ]
      },
      "id": "relation/13654223"
    },
    {
      "type": "Feature",
      "properties": {
        "@id": "relation/13654335",
        "boundary": "protected_area",
        "gnis:feature_id": "1321481",
        "leisure": "nature_reserve",
        "name": "Forks Of The River Wildlife Management Area",
        "operator": "Tennessee Wildlife Resources Agency",
        "protected_area": "game_land",
        "protection_title": "Wildlife Management Area",
        "type": "multipolygon",
        "@geometry": "bounds"
      },
      "geometry": {
        "type": "Polygon",
        "coordinates": [
          [
            [
              -83.8613226,
              35.9339256
            ],
            [
              -83.839141,
              35.9339256
            ],
            [
              -83.839141,
              35.9585545
            ],
            [
              -83.8613226,
              35.9585545
            ],
            [
              -83.8613226,
              35.9339256
            ]
          ]
        ]
      },
      "id": "relation/13654335"
    },
    {
      "type": "Feature",
      "properties": {
        "@id": "relation/13697678",
        "addr:city": "Knoxville",
        "addr:housenumber": "701",
        "addr:postcode": "37920",
        "addr:state": "TN",
        "addr:street": "Langford Avenue Southeast",
        "leisure": "park",
        "name": "Suttree Landing Park",
        "operator": "City of Knoxville",
        "operator:type": "government",
        "operator:wikidata": "Q185582",
        "type": "multipolygon",
        "website": "https://www.knoxvilletn.gov/government/city_departments_offices/parks_and_recreation/parks/suttree_landing_park",
        "@geometry": "bounds"
      },
      "geometry": {
        "type": "Polygon",
        "coordinates": [
          [
            [
              -83.9088207,
              35.960111
            ],
            [
              -83.9022732,
              35.960111
            ],
            [
              -83.9022732,
              35.9620522
            ],
            [
              -83.9088207,
              35.9620522
            ],
            [
              -83.9088207,
              35.960111
            ]
          ]
        ]
      },
      "id": "relation/13697678"
    },
    {
      "type": "Feature",
      "properties": {
        "@id": "relation/13851926",
        "gnis:feature_id": "1292865",
        "leisure": "park",
        "name": "Mary Vestal Park",
        "operator": "City of Knoxville",
        "operator:type": "government",
        "operator:wikidata": "Q185582",
        "type": "multipolygon",
        "@geometry": "bounds"
      },
      "geometry": {
        "type": "Polygon",
        "coordinates": [
          [
            [
              -83.918299,
              35.9323179
            ],
            [
              -83.913426,
              35.9323179
            ],
            [
              -83.913426,
              35.9420836
            ],
            [
              -83.918299,
              35.9420836
            ],
            [
              -83.918299,
              35.9323179
            ]
          ]
        ]
      },
      "id": "relation/13851926"
    },
    {
      "type": "Feature",
      "properties": {
        "@id": "relation/14222597",
        "ele": "251",
        "gnis:feature_id": "1304213",
        "leisure": "park",
        "name": "Tyson McGhee Park",
        "operator": "City of Knoxville",
        "operator:type": "government",
        "operator:wikidata": "Q185582",
        "type": "multipolygon",
        "@geometry": "bounds"
      },
      "geometry": {
        "type": "Polygon",
        "coordinates": [
          [
            [
              -83.9480702,
              35.9531378
            ],
            [
              -83.9411612,
              35.9531378
            ],
            [
              -83.9411612,
              35.9580639
            ],
            [
              -83.9480702,
              35.9580639
            ],
            [
              -83.9480702,
              35.9531378
            ]
          ]
        ]
      },
      "id": "relation/14222597"
    },
    {
      "type": "Feature",
      "properties": {
        "@id": "relation/14712127",
        "leisure": "park",
        "name": "Third Creek Greenway Park",
        "operator": "City of Knoxville",
        "operator:type": "government",
        "operator:wikidata": "Q185582",
        "type": "multipolygon",
        "@geometry": "bounds"
      },
      "geometry": {
        "type": "Polygon",
        "coordinates": [
          [
            [
              -83.9713233,
              35.9463599
            ],
            [
              -83.9517281,
              35.9463599
            ],
            [
              -83.9517281,
              35.9551058
            ],
            [
              -83.9713233,
              35.9551058
            ],
            [
              -83.9713233,
              35.9463599
            ]
          ]
        ]
      },
      "id": "relation/14712127"
    },
    {
      "type": "Feature",
      "properties": {
        "@id": "relation/15267920",
        "leisure": "park",
        "name": "Historic Middlebrook Farm",
        "operator": "HISTORIC MIDDLEBROOK PRESERVATION TRUST INC.",
        "type": "multipolygon",
        "@geometry": "bounds"
      },
      "geometry": {
        "type": "Polygon",
        "coordinates": [
          [
            [
              -83.9823654,
              35.9621791
            ],
            [
              -83.9750823,
              35.9621791
            ],
            [
              -83.9750823,
              35.9680454
            ],
            [
              -83.9823654,
              35.9680454
            ],
            [
              -83.9823654,
              35.9621791
            ]
          ]
        ]
      },
      "id": "relation/15267920"
    },
    {
      "type": "Feature",
      "properties": {
        "@id": "relation/16868870",
        "leisure": "park",
        "name": "Spring Place Park",
        "operator": "City of Knoxville",
        "operator:type": "public",
        "operator:wikidata": "Q185582",
        "type": "multipolygon",
        "@geometry": "bounds"
      },
      "geometry": {
        "type": "Polygon",
        "coordinates": [
          [
            [
              -83.8625416,
              36.0199672
            ],
            [
              -83.8572712,
              36.0199672
            ],
            [
              -83.8572712,
              36.0287568
            ],
            [
              -83.8625416,
              36.0287568
            ],
            [
              -83.8625416,
              36.0199672
            ]
          ]
        ]
      },
      "id": "relation/16868870"
    }
  ]
}