{
  "type": "FeatureCollection",
  "generator": "overpass-turbo",
  "copyright": "The data included in this document is from www.openstreetmap.org. The data is made available under ODbL.",
  "timestamp": "2026-05-03T01:43:54Z",
  "features": [
    {
      "type": "Feature",
      "properties": {
        "@id": "way/19515854",
        "bicycle": "designated",
        "foot": "designated",
        "highway": "cycleway",
        "name": "Parkside Greenway",
        "surface": "asphalt",
        "tiger:cfcc": "A41",
        "tiger:county": "Knox, TN",
        "tiger:reviewed": "no"
      },
      "geometry": {
        "type": "LineString",
        "coordinates": [
          [
            -84.1430012,
            35.9028576
          ],
          [
            -84.1430504,
            35.9028183
          ],
          [
            -84.1430833,
            35.902786
          ],
          [
            -84.1431588,
            35.9026872
          ],
          [
            -84.1432387,
            35.902597
          ],
          [
            -84.143385,
            35.9024823
          ],
          [
            -84.1435357,
            35.9023764
          ],
          [
            -84.1437049,
            35.9022622
          ],
          [
            -84.1438273,
            35.9022012
          ],
          [
            -84.1438755,
            35.902184
          ],
          [
            -84.1439318,
            35.9021749
          ],
          [
            -84.143985,
            35.9021841
          ],
          [
            -84.1443177,
            35.9022949
          ],
          [
            -84.1443865,
            35.9023149
          ],
          [
            -84.1445197,
            35.9023395
          ],
          [
            -84.1447842,
            35.9023634
          ],
          [
            -84.1448337,
            35.9023778
          ],
          [
            -84.1448889,
            35.9023973
          ],
          [
            -84.1449319,
            35.9024295
          ],
          [
            -84.1449611,
            35.902467
          ],
          [
            -84.144981,
            35.902503
          ],
          [
            -84.1450269,
            35.9026714
          ],
          [
            -84.1450469,
            35.9027852
          ],
          [
            -84.1450644,
            35.9028982
          ],
          [
            -84.1451558,
            35.9030235
          ],
          [
            -84.1453093,
            35.9031079
          ],
          [
            -84.1454148,
            35.903199
          ],
          [
            -84.1454769,
            35.9032417
          ],
          [
            -84.145505,
            35.9032702
          ],
          [
            -84.1456667,
            35.9033727
          ],
          [
            -84.1458623,
            35.9034743
          ],
          [
            -84.1460006,
            35.9035208
          ],
          [
            -84.1461846,
            35.9035549
          ],
          [
            -84.1463334,
            35.9036271
          ],
          [
            -84.1464072,
            35.903665
          ],
          [
            -84.1465454,
            35.9037372
          ],
          [
            -84.1467388,
            35.9038634
          ],
          [
            -84.1468524,
            35.9039421
          ],
          [
            -84.1469994,
            35.90404
          ],
          [
            -84.1470164,
            35.9040513
          ],
          [
            -84.147225,
            35.9041851
          ],
          [
            -84.1474218,
            35.904298
          ],
          [
            -84.1476175,
            35.9044081
          ],
          [
            -84.1477839,
            35.9044774
          ],
          [
            -84.1480557,
            35.9045932
          ],
          [
            -84.1482889,
            35.9047052
          ],
          [
            -84.1484459,
            35.9047479
          ],
          [
            -84.148597,
            35.9047488
          ],
          [
            -84.1489028,
            35.9046881
          ],
          [
            -84.1490317,
            35.9046606
          ],
          [
            -84.1491934,
            35.9046701
          ],
          [
            -84.1494558,
            35.9046131
          ],
          [
            -84.1496023,
            35.9045638
          ],
          [
            -84.1498495,
            35.9044964
          ],
          [
            -84.1499784,
            35.9044575
          ],
          [
            -84.1501436,
            35.9044129
          ],
          [
            -84.1503123,
            35.9043882
          ],
          [
            -84.1505033,
            35.9043417
          ],
          [
            -84.1505599,
            35.9043286
          ],
          [
            -84.1506755,
            35.9043018
          ],
          [
            -84.1509665,
            35.9042263
          ],
          [
            -84.1515104,
            35.9041027
          ],
          [
            -84.151716,
            35.9040539
          ],
          [
            -84.1519767,
            35.9039744
          ],
          [
            -84.1524225,
            35.9038729
          ],
          [
            -84.1525291,
            35.9038466
          ],
          [
            -84.1529261,
            35.9037555
          ],
          [
            -84.1531009,
            35.9037058
          ],
          [
            -84.1533177,
            35.903629
          ],
          [
            -84.1540874,
            35.9034515
          ],
          [
            -84.1545089,
            35.9033565
          ],
          [
            -84.1547338,
            35.9032908
          ],
          [
            -84.1548121,
            35.9032703
          ],
          [
            -84.1549975,
            35.9032311
          ],
          [
            -84.1550775,
            35.9032019
          ],
          [
            -84.1551829,
            35.9031535
          ],
          [
            -84.1552767,
            35.903106
          ],
          [
            -84.1554184,
            35.9030861
          ],
          [
            -84.155716,
            35.9030443
          ]
        ]
      },
      "id": "way/19515854"
    },
    {
      "type": "Feature",
      "properties": {
        "@id": "way/19540215",
        "abandoned:railway": "rail",
        "bicycle": "designated",
        "foot": "designated",
        "highway": "path",
        "historic:electrified": "no",
        "historic:gauge": "1435",
        "historic:service": "spur",
        "name": "SoKno Rail Trail",
        "old_name": "KXHR (K&A Branch Line)",
        "proposed": "cycleway",
        "start_date": "2026",
        "surface": "unpaved",
        "tiger:cfcc": "B11",
        "tiger:county": "Knox, TN",
        "tiger:name_base": "Southern Railway",
        "tiger:reviewed": "no",
        "usage": "industrial"
      },
      "geometry": {
        "type": "LineString",
        "coordinates": [
          [
            -83.8792109,
            35.9534654
          ],
          [
            -83.8805036,
            35.9541428
          ],
          [
            -83.881156,
            35.9544815
          ],
          [
            -83.8826831,
            35.9552791
          ],
          [
            -83.8843491,
            35.9561408
          ],
          [
            -83.8869129,
            35.9574732
          ],
          [
            -83.8882975,
            35.9581908
          ]
        ]
      },
      "id": "way/19540215"
    },
    {
      "type": "Feature",
      "properties": {
        "@id": "way/243482302",
        "bicycle": "yes",
        "foot": "yes",
        "highway": "path",
        "horse": "no",
        "motor_vehicle": "no",
        "mtb:scale:imba": "1",
        "name": "Fort Dickerson Quarry Greenway",
        "surface": "gravel"
      },
      "geometry": {
        "type": "LineString",
        "coordinates": [
          [
            -83.9185543,
            35.9439368
          ],
          [
            -83.9185483,
            35.9438644
          ],
          [
            -83.9185344,
            35.9437984
          ],
          [
            -83.9185382,
            35.9436824
          ],
          [
            -83.9185419,
            35.9435944
          ],
          [
            -83.9185296,
            35.9435242
          ],
          [
            -83.9184972,
            35.9434595
          ],
          [
            -83.9183501,
            35.9432059
          ],
          [
            -83.9182972,
            35.9431366
          ],
          [
            -83.9182262,
            35.9430586
          ],
          [
            -83.918173,
            35.9430141
          ],
          [
            -83.9181027,
            35.9429537
          ],
          [
            -83.9180324,
            35.9429205
          ],
          [
            -83.9179538,
            35.9428899
          ],
          [
            -83.9178594,
            35.9428736
          ],
          [
            -83.9177623,
            35.9428633
          ],
          [
            -83.9176692,
            35.942861
          ],
          [
            -83.9175845,
            35.9428615
          ],
          [
            -83.9175006,
            35.9428585
          ],
          [
            -83.9174048,
            35.9428459
          ]
        ]
      },
      "id": "way/243482302"
    },
    {
      "type": "Feature",
      "properties": {
        "@id": "way/244055814",
        "bicycle": "designated",
        "bridge": "yes",
        "foot": "designated",
        "highway": "cycleway",
        "layer": "1",
        "name": "Neyland Greenway"
      },
      "geometry": {
        "type": "LineString",
        "coordinates": [
          [
            -83.9221977,
            35.9563536
          ],
          [
            -83.9224627,
            35.9561571
          ]
        ]
      },
      "id": "way/244055814"
    },
    {
      "type": "Feature",
      "properties": {
        "@id": "way/244055815",
        "bicycle": "designated",
        "foot": "designated",
        "highway": "cycleway",
        "name": "Neyland Greenway",
        "surface": "concrete"
      },
      "geometry": {
        "type": "LineString",
        "coordinates": [
          [
            -83.9221977,
            35.9563536
          ],
          [
            -83.9221368,
            35.9562859
          ],
          [
            -83.9220995,
            35.9562398
          ],
          [
            -83.922072,
            35.9561858
          ],
          [
            -83.9220652,
            35.9561604
          ],
          [
            -83.9220592,
            35.9561285
          ],
          [
            -83.9220546,
            35.9560888
          ],
          [
            -83.9220358,
            35.9560475
          ],
          [
            -83.922014,
            35.9560162
          ],
          [
            -83.9219849,
            35.9559959
          ],
          [
            -83.9219564,
            35.9559756
          ],
          [
            -83.9219233,
            35.9559479
          ],
          [
            -83.9218604,
            35.9558873
          ],
          [
            -83.9218051,
            35.9558504
          ],
          [
            -83.9217978,
            35.9558467
          ],
          [
            -83.9217622,
            35.9558285
          ],
          [
            -83.9217333,
            35.9558158
          ],
          [
            -83.9216978,
            35.9558108
          ],
          [
            -83.9210548,
            35.9564743
          ],
          [
            -83.9207767,
            35.9567762
          ],
          [
            -83.9206131,
            35.9569325
          ],
          [
            -83.9203268,
            35.9571603
          ],
          [
            -83.9202669,
            35.9572008
          ],
          [
            -83.9200487,
            35.9573483
          ],
          [
            -83.9199453,
            35.9574081
          ],
          [
            -83.9196773,
            35.9575642
          ],
          [
            -83.9184011,
            35.9582409
          ],
          [
            -83.918249,
            35.9582502
          ],
          [
            -83.9172429,
            35.9586417
          ],
          [
            -83.9171904,
            35.9586621
          ],
          [
            -83.9168132,
            35.9588217
          ],
          [
            -83.9165114,
            35.9589494
          ],
          [
            -83.9164666,
            35.9591173
          ],
          [
            -83.9161548,
            35.959213
          ],
          [
            -83.9154545,
            35.9594871
          ],
          [
            -83.9153351,
            35.9594778
          ],
          [
            -83.9149817,
            35.9595983
          ],
          [
            -83.9148148,
            35.9595705
          ],
          [
            -83.9137808,
            35.9599811
          ],
          [
            -83.91338,
            35.9601334
          ],
          [
            -83.9133629,
            35.9601858
          ],
          [
            -83.9133576,
            35.9602054
          ],
          [
            -83.9133331,
            35.9602953
          ],
          [
            -83.9133375,
            35.9603648
          ],
          [
            -83.9132849,
            35.9604067
          ],
          [
            -83.9132164,
            35.9604406
          ],
          [
            -83.9130495,
            35.9605095
          ],
          [
            -83.9129864,
            35.9605344
          ]
        ]
      },
      "id": "way/244055815"
    },
    {
      "type": "Feature",
      "properties": {
        "@id": "way/244055817",
        "foot": "yes",
        "highway": "cycleway",
        "horse": "no",
        "name": "Third Creek Greenway",
        "surface": "asphalt"
      },
      "geometry": {
        "type": "LineString",
        "coordinates": [
          [
            -83.9808643,
            35.9424914
          ],
          [
            -83.9808494,
            35.942284
          ],
          [
            -83.9808649,
            35.9421006
          ],
          [
            -83.9808861,
            35.9419405
          ],
          [
            -83.9815502,
            35.9415153
          ],
          [
            -83.9816103,
            35.9415003
          ],
          [
            -83.9817451,
            35.9415077
          ],
          [
            -83.9822715,
            35.9415758
          ],
          [
            -83.9824879,
            35.9416043
          ],
          [
            -83.9825923,
            35.9416598
          ],
          [
            -83.9826461,
            35.9416637
          ],
          [
            -83.9827299,
            35.9416238
          ]
        ]
      },
      "id": "way/244055817"
    },
    {
      "type": "Feature",
      "properties": {
        "@id": "way/244055819",
        "bicycle": "designated",
        "foot": "designated",
        "highway": "cycleway",
        "name": "Knox-Blount Greenway",
        "oneway": "no",
        "segregated": "no",
        "surface": "paved"
      },
      "geometry": {
        "type": "LineString",
        "coordinates": [
          [
            -83.9438374,
            35.9475132
          ],
          [
            -83.9437039,
            35.9476085
          ],
          [
            -83.943539,
            35.9477611
          ],
          [
            -83.9435076,
            35.9479328
          ],
          [
            -83.9435311,
            35.9480854
          ],
          [
            -83.9436646,
            35.9482157
          ],
          [
            -83.9438256,
            35.9482952
          ],
          [
            -83.9439631,
            35.9483174
          ],
          [
            -83.9441358,
            35.9483047
          ],
          [
            -83.9443204,
            35.9482379
          ],
          [
            -83.9443681,
            35.9481937
          ]
        ]
      },
      "id": "way/244055819"
    },
    {
      "type": "Feature",
      "properties": {
        "@id": "way/244055820",
        "bicycle": "designated",
        "foot": "designated",
        "highway": "cycleway",
        "name": "Third Creek Greenway",
        "segregated": "no",
        "surface": "asphalt"
      },
      "geometry": {
        "type": "LineString",
        "coordinates": [
          [
            -83.9361125,
            35.9431963
          ],
          [
            -83.9361242,
            35.9432417
          ],
          [
            -83.9361103,
            35.9433002
          ],
          [
            -83.9360548,
            35.9433788
          ],
          [
            -83.9360346,
            35.9433996
          ],
          [
            -83.9359937,
            35.9434418
          ],
          [
            -83.9359798,
            35.94348
          ],
          [
            -83.9360437,
            35.9436868
          ],
          [
            -83.9360686,
            35.9439273
          ],
          [
            -83.9361297,
            35.9441229
          ],
          [
            -83.9368183,
            35.9452648
          ],
          [
            -83.9371571,
            35.9457414
          ],
          [
            -83.9375458,
            35.9463033
          ],
          [
            -83.9376485,
            35.9465573
          ],
          [
            -83.9377568,
            35.9466967
          ],
          [
            -83.9380789,
            35.9471418
          ],
          [
            -83.9382205,
            35.947425
          ],
          [
            -83.938512,
            35.9480521
          ],
          [
            -83.9386814,
            35.9483691
          ],
          [
            -83.9390646,
            35.9488366
          ],
          [
            -83.9391812,
            35.9489984
          ],
          [
            -83.9392562,
            35.9490816
          ],
          [
            -83.9393728,
            35.9491423
          ],
          [
            -83.9395116,
            35.9491468
          ]
        ]
      },
      "id": "way/244055820"
    },
    {
      "type": "Feature",
      "properties": {
        "@id": "way/244055824",
        "bicycle": "designated",
        "foot": "designated",
        "highway": "cycleway",
        "name": "Third Creek Greenway",
        "surface": "asphalt"
      },
      "geometry": {
        "type": "LineString",
        "coordinates": [
          [
            -83.9661018,
            35.9484822
          ],
          [
            -83.9660086,
            35.9483262
          ],
          [
            -83.9659116,
            35.9481979
          ],
          [
            -83.9658694,
            35.9481701
          ],
          [
            -83.9658212,
            35.9481462
          ],
          [
            -83.9657652,
            35.9481345
          ],
          [
            -83.9656824,
            35.9481445
          ],
          [
            -83.9655482,
            35.9482044
          ],
          [
            -83.9654325,
            35.9482812
          ],
          [
            -83.9653654,
            35.9483093
          ],
          [
            -83.9652751,
            35.9483205
          ],
          [
            -83.9650854,
            35.9483842
          ],
          [
            -83.9648934,
            35.9484591
          ],
          [
            -83.9647337,
            35.9485004
          ],
          [
            -83.9646481,
            35.9485416
          ],
          [
            -83.9645046,
            35.9486146
          ],
          [
            -83.9644028,
            35.9486483
          ],
          [
            -83.9642941,
            35.9486933
          ],
          [
            -83.9641576,
            35.9487233
          ],
          [
            -83.9640488,
            35.9487532
          ],
          [
            -83.9638452,
            35.9488694
          ],
          [
            -83.9636763,
            35.948978
          ],
          [
            -83.9636023,
            35.9491016
          ],
          [
            -83.9635236,
            35.9491915
          ],
          [
            -83.9633917,
            35.9492477
          ],
          [
            -83.9633015,
            35.9493208
          ],
          [
            -83.9631534,
            35.9493938
          ],
          [
            -83.9631071,
            35.94945
          ],
          [
            -83.9630609,
            35.9495287
          ],
          [
            -83.9629752,
            35.9495661
          ],
          [
            -83.9627416,
            35.9496673
          ],
          [
            -83.9624801,
            35.9497947
          ],
          [
            -83.9623621,
            35.9498602
          ],
          [
            -83.9619549,
            35.9500663
          ],
          [
            -83.9618623,
            35.9501093
          ],
          [
            -83.9617304,
            35.9501637
          ],
          [
            -83.9616518,
            35.9502367
          ],
          [
            -83.9614782,
            35.9502854
          ],
          [
            -83.961307,
            35.9503341
          ],
          [
            -83.9611173,
            35.9504746
          ],
          [
            -83.9610109,
            35.9505233
          ],
          [
            -83.9608767,
            35.9505739
          ],
          [
            -83.9607563,
            35.9506731
          ],
          [
            -83.9605944,
            35.9507537
          ],
          [
            -83.9604509,
            35.9507949
          ],
          [
            -83.9603746,
            35.9508511
          ],
          [
            -83.9602751,
            35.9508623
          ],
          [
            -83.9601501,
            35.9508941
          ],
          [
            -83.9599673,
            35.9509766
          ],
          [
            -83.9595902,
            35.9512069
          ],
          [
            -83.9594236,
            35.9513886
          ],
          [
            -83.959338,
            35.9514617
          ],
          [
            -83.9592107,
            35.9515347
          ],
          [
            -83.9590603,
            35.9515553
          ],
          [
            -83.9589609,
            35.9515703
          ],
          [
            -83.9588359,
            35.9516059
          ],
          [
            -83.9587272,
            35.951619
          ],
          [
            -83.9586346,
            35.9516396
          ],
          [
            -83.9584403,
            35.9517089
          ],
          [
            -83.9583199,
            35.9517801
          ],
          [
            -83.9582251,
            35.9517726
          ],
          [
            -83.9579862,
            35.9516998
          ],
          [
            -83.9577293,
            35.9516402
          ],
          [
            -83.9574864,
            35.951617
          ],
          [
            -83.9567859,
            35.9516605
          ],
          [
            -83.9566412,
            35.9516265
          ],
          [
            -83.9564871,
            35.9515093
          ]
        ]
      },
      "id": "way/244055824"
    },
    {
      "type": "Feature",
      "properties": {
        "@id": "way/244055825",
        "bicycle": "designated",
        "foot": "designated",
        "highway": "cycleway",
        "name": "Third Creek Greenway",
        "surface": "asphalt"
      },
      "geometry": {
        "type": "LineString",
        "coordinates": [
          [
            -83.966321,
            35.9483505
          ],
          [
            -83.9665778,
            35.9482475
          ],
          [
            -83.9667143,
            35.9481557
          ],
          [
            -83.9668439,
            35.9480452
          ],
          [
            -83.9669943,
            35.9479628
          ],
          [
            -83.9671007,
            35.947871
          ],
          [
            -83.967265,
            35.9477717
          ],
          [
            -83.9673899,
            35.9476837
          ],
          [
            -83.9675472,
            35.9475863
          ],
          [
            -83.9678295,
            35.9474589
          ],
          [
            -83.9680169,
            35.9473578
          ],
          [
            -83.9682807,
            35.9473072
          ],
          [
            -83.9686,
            35.9472379
          ],
          [
            -83.9688684,
            35.9471255
          ],
          [
            -83.9692132,
            35.9470562
          ],
          [
            -83.9694145,
            35.9469719
          ],
          [
            -83.9698009,
            35.946749
          ],
          [
            -83.9701364,
            35.9466403
          ],
          [
            -83.9703862,
            35.9465916
          ],
          [
            -83.9706384,
            35.9465767
          ],
          [
            -83.9708189,
            35.9465916
          ],
          [
            -83.9709068,
            35.9466254
          ],
          [
            -83.9709948,
            35.9466535
          ],
          [
            -83.9711174,
            35.9466291
          ],
          [
            -83.9711997,
            35.946591
          ],
          [
            -83.9712713,
            35.9465553
          ],
          [
            -83.9713136,
            35.9465254
          ],
          [
            -83.9713188,
            35.9464769
          ],
          [
            -83.9712952,
            35.9463918
          ],
          [
            -83.9713126,
            35.9463363
          ],
          [
            -83.9713615,
            35.9462897
          ],
          [
            -83.9714735,
            35.9462457
          ],
          [
            -83.9716325,
            35.9461991
          ],
          [
            -83.9722169,
            35.9460722
          ],
          [
            -83.9724234,
            35.9460185
          ],
          [
            -83.9725647,
            35.9459777
          ],
          [
            -83.9727116,
            35.945936
          ],
          [
            -83.9728828,
            35.9458724
          ],
          [
            -83.9731165,
            35.9458049
          ],
          [
            -83.9734528,
            35.9457114
          ],
          [
            -83.9738453,
            35.9455989
          ],
          [
            -83.9739471,
            35.9455708
          ],
          [
            -83.9740559,
            35.9455577
          ],
          [
            -83.9742225,
            35.9455221
          ],
          [
            -83.9747848,
            35.9454109
          ],
          [
            -83.974895,
            35.9454203
          ],
          [
            -83.9750269,
            35.9454472
          ],
          [
            -83.9750829,
            35.9454521
          ],
          [
            -83.9751581,
            35.9454259
          ],
          [
            -83.9753181,
            35.9452618
          ],
          [
            -83.9753949,
            35.9451884
          ],
          [
            -83.9754303,
            35.9451474
          ],
          [
            -83.975576,
            35.9450819
          ],
          [
            -83.9760064,
            35.944917
          ],
          [
            -83.9762355,
            35.9448084
          ],
          [
            -83.9768023,
            35.9445368
          ],
          [
            -83.9772003,
            35.9442895
          ],
          [
            -83.9772628,
            35.9442577
          ],
          [
            -83.9774294,
            35.9442071
          ],
          [
            -83.9777857,
            35.9440835
          ],
          [
            -83.9779268,
            35.9439992
          ],
          [
            -83.978024,
            35.9439261
          ],
          [
            -83.9781119,
            35.9438343
          ],
          [
            -83.9781952,
            35.9437013
          ],
          [
            -83.9782716,
            35.9435814
          ],
          [
            -83.9783826,
            35.9435084
          ],
          [
            -83.9790073,
            35.9430944
          ],
          [
            -83.9792526,
            35.9430064
          ],
          [
            -83.97944,
            35.9429389
          ],
          [
            -83.9795935,
            35.9428159
          ],
          [
            -83.9796575,
            35.9427067
          ],
          [
            -83.979723,
            35.9426317
          ],
          [
            -83.9802544,
            35.9422733
          ],
          [
            -83.9803725,
            35.9422365
          ],
          [
            -83.9805008,
            35.9422323
          ],
          [
            -83.9805871,
            35.9422468
          ],
          [
            -83.9806377,
            35.9422787
          ],
          [
            -83.9807473,
            35.9424425
          ],
          [
            -83.9808107,
            35.9424854
          ],
          [
            -83.9808643,
            35.9424914
          ]
        ]
      },
      "id": "way/244055825"
    },
    {
      "type": "Feature",
      "properties": {
        "@id": "way/244223737",
        "highway": "footway",
        "name": "Sequoyah Hills Greenway",
        "surface": "gravel"
      },
      "geometry": {
        "type": "LineString",
        "coordinates": [
          [
            -83.9569551,
            35.9359495
          ],
          [
            -83.9569464,
            35.935853
          ],
          [
            -83.9569724,
            35.9356957
          ],
          [
            -83.9570411,
            35.9347299
          ],
          [
            -83.9570966,
            35.9343155
          ],
          [
            -83.9571299,
            35.9340965
          ],
          [
            -83.9571818,
            35.9338265
          ],
          [
            -83.9572421,
            35.9336461
          ],
          [
            -83.9572706,
            35.9335878
          ],
          [
            -83.957274,
            35.9335111
          ],
          [
            -83.9572773,
            35.9334386
          ],
          [
            -83.9573292,
            35.9332609
          ],
          [
            -83.9573795,
            35.9331212
          ],
          [
            -83.9575138,
            35.9327024
          ],
          [
            -83.9576057,
            35.9324158
          ],
          [
            -83.9576916,
            35.9321455
          ],
          [
            -83.9577196,
            35.9320577
          ],
          [
            -83.9577782,
            35.9318976
          ],
          [
            -83.9578469,
            35.9316467
          ],
          [
            -83.9580751,
            35.9307986
          ],
          [
            -83.9581337,
            35.9304871
          ],
          [
            -83.9582355,
            35.9301744
          ],
          [
            -83.9583895,
            35.9298905
          ],
          [
            -83.9589866,
            35.9289601
          ],
          [
            -83.9590553,
            35.9288239
          ],
          [
            -83.9590909,
            35.9287561
          ],
          [
            -83.9591429,
            35.928657
          ],
          [
            -83.9592685,
            35.928467
          ],
          [
            -83.9593633,
            35.9283366
          ],
          [
            -83.9594912,
            35.9282464
          ],
          [
            -83.9596902,
            35.9281754
          ],
          [
            -83.9598655,
            35.9281025
          ],
          [
            -83.9599139,
            35.9280823
          ],
          [
            -83.960857,
            35.927687
          ],
          [
            -83.9611733,
            35.92755
          ],
          [
            -83.9614884,
            35.9274484
          ],
          [
            -83.9622821,
            35.9272565
          ],
          [
            -83.9629699,
            35.9270994
          ],
          [
            -83.9632653,
            35.927034
          ],
          [
            -83.9636586,
            35.9270071
          ],
          [
            -83.9642651,
            35.9270858
          ],
          [
            -83.9650075,
            35.9271963
          ],
          [
            -83.9663144,
            35.9273908
          ],
          [
            -83.9667195,
            35.9274656
          ],
          [
            -83.9668516,
            35.9275133
          ],
          [
            -83.9671389,
            35.9276172
          ],
          [
            -83.9674753,
            35.9278052
          ],
          [
            -83.968141,
            35.9281774
          ],
          [
            -83.9685699,
            35.9283922
          ],
          [
            -83.968667,
            35.9284306
          ],
          [
            -83.9688482,
            35.928483
          ],
          [
            -83.9694299,
            35.9285706
          ],
          [
            -83.9700719,
            35.9286781
          ],
          [
            -83.9703752,
            35.928751
          ],
          [
            -83.9707211,
            35.9288661
          ],
          [
            -83.9711679,
            35.9290315
          ],
          [
            -83.9724458,
            35.929457
          ],
          [
            -83.9726661,
            35.9295107
          ],
          [
            -83.9734243,
            35.9297466
          ],
          [
            -83.9735427,
            35.9297927
          ],
          [
            -83.973647,
            35.9298502
          ],
          [
            -83.9739313,
            35.9300785
          ],
          [
            -83.9752154,
            35.9311049
          ],
          [
            -83.9753517,
            35.9312275
          ],
          [
            -83.9753198,
            35.9312896
          ]
        ]
      },
      "id": "way/244223737"
    },
    {
      "type": "Feature",
      "properties": {
        "@id": "way/244223739",
        "highway": "footway",
        "name": "Sequoyah Hills Greenway",
        "surface": "gravel"
      },
      "geometry": {
        "type": "LineString",
        "coordinates": [
          [
            -83.96168,
            35.9473192
          ],
          [
            -83.9616538,
            35.9472229
          ],
          [
            -83.9616272,
            35.947127
          ],
          [
            -83.9615649,
            35.947155
          ],
          [
            -83.9614848,
            35.9471964
          ],
          [
            -83.9614065,
            35.9470343
          ],
          [
            -83.9611973,
            35.9465592
          ],
          [
            -83.9610527,
            35.9462144
          ],
          [
            -83.9608883,
            35.9458256
          ],
          [
            -83.9608586,
            35.9456895
          ],
          [
            -83.960883,
            35.9455203
          ],
          [
            -83.9609545,
            35.9453806
          ],
          [
            -83.9610419,
            35.9452912
          ],
          [
            -83.9611391,
            35.9452254
          ],
          [
            -83.9613162,
            35.9451189
          ],
          [
            -83.9614277,
            35.9450574
          ],
          [
            -83.9620066,
            35.9447601
          ],
          [
            -83.962324,
            35.9445837
          ],
          [
            -83.9625917,
            35.9444149
          ],
          [
            -83.9627909,
            35.944236
          ],
          [
            -83.9628905,
            35.9440798
          ],
          [
            -83.9629216,
            35.9440067
          ],
          [
            -83.9629248,
            35.9439109
          ],
          [
            -83.9629248,
            35.9438202
          ],
          [
            -83.9628874,
            35.9437144
          ],
          [
            -83.962805,
            35.9435976
          ],
          [
            -83.9627878,
            35.9435733
          ],
          [
            -83.9625762,
            35.9434498
          ],
          [
            -83.9624299,
            35.9433994
          ],
          [
            -83.9622587,
            35.9433868
          ],
          [
            -83.9619941,
            35.9433843
          ],
          [
            -83.9616829,
            35.9434145
          ],
          [
            -83.9614059,
            35.9434397
          ],
          [
            -83.9612004,
            35.9434473
          ],
          [
            -83.9610977,
            35.9434246
          ],
          [
            -83.9609989,
            35.9433741
          ],
          [
            -83.9608581,
            35.9432659
          ],
          [
            -83.9607865,
            35.9431928
          ],
          [
            -83.960718,
            35.9430668
          ],
          [
            -83.9606807,
            35.9429736
          ],
          [
            -83.9606744,
            35.9428652
          ],
          [
            -83.96069,
            35.9427568
          ],
          [
            -83.9608052,
            35.9425527
          ],
          [
            -83.9611259,
            35.9422153
          ],
          [
            -83.9615055,
            35.9418169
          ],
          [
            -83.9616051,
            35.9416783
          ],
          [
            -83.9616922,
            35.9415196
          ],
          [
            -83.9617109,
            35.941386
          ],
          [
            -83.9616829,
            35.941134
          ],
          [
            -83.9615615,
            35.9408342
          ],
          [
            -83.9614463,
            35.9405545
          ],
          [
            -83.9612876,
            35.9402823
          ],
          [
            -83.961104,
            35.9401135
          ],
          [
            -83.9609336,
            35.9399752
          ],
          [
            -83.9607211,
            35.9398716
          ],
          [
            -83.9604877,
            35.9398086
          ],
          [
            -83.9602294,
            35.9397506
          ],
          [
            -83.9598061,
            35.9396725
          ],
          [
            -83.9589283,
            35.9395062
          ],
          [
            -83.9586762,
            35.9394507
          ],
          [
            -83.9585051,
            35.9393902
          ],
          [
            -83.9584148,
            35.9393499
          ],
          [
            -83.9582996,
            35.9392567
          ],
          [
            -83.9582374,
            35.9391937
          ],
          [
            -83.9581689,
            35.9390853
          ],
          [
            -83.9581035,
            35.9388862
          ],
          [
            -83.957939,
            35.9382595
          ],
          [
            -83.9579137,
            35.938163
          ],
          [
            -83.9578916,
            35.9381081
          ],
          [
            -83.957867,
            35.9380471
          ],
          [
            -83.9578546,
            35.9378833
          ],
          [
            -83.9577581,
            35.937664
          ],
          [
            -83.957674,
            35.937533
          ],
          [
            -83.9576115,
            35.9374688
          ],
          [
            -83.957425,
            35.9373163
          ],
          [
            -83.9571542,
            35.9371248
          ],
          [
            -83.9570546,
            35.9370366
          ],
          [
            -83.956955,
            35.9368854
          ],
          [
            -83.9569146,
            35.9367467
          ],
          [
            -83.9569052,
            35.9365325
          ],
          [
            -83.9569303,
            35.9361788
          ],
          [
            -83.9569491,
            35.9360764
          ]
        ]
      },
      "id": "way/244223739"
    },
    {
      "type": "Feature",
      "properties": {
        "@id": "way/244375410",
        "bicycle": "designated",
        "foot": "designated",
        "highway": "cycleway",
        "name": "Third Creek Greenway",
        "surface": "asphalt"
      },
      "geometry": {
        "type": "LineString",
        "coordinates": [
          [
            -83.9428613,
            35.9543686
          ],
          [
            -83.9432295,
            35.9544221
          ],
          [
            -83.9435293,
            35.9544535
          ],
          [
            -83.9443186,
            35.954418
          ],
          [
            -83.9444789,
            35.9543884
          ],
          [
            -83.9446483,
            35.9543209
          ],
          [
            -83.9447371,
            35.9542782
          ],
          [
            -83.9449426,
            35.9542535
          ],
          [
            -83.9451897,
            35.9542288
          ],
          [
            -83.9453036,
            35.9541703
          ],
          [
            -83.9453952,
            35.9540715
          ],
          [
            -83.9454787,
            35.9539269
          ],
          [
            -83.9455146,
            35.9538647
          ],
          [
            -83.9456423,
            35.9536781
          ],
          [
            -83.9457312,
            35.9535882
          ],
          [
            -83.9458533,
            35.9534961
          ],
          [
            -83.9459838,
            35.9534354
          ],
          [
            -83.9460671,
            35.9534174
          ],
          [
            -83.9462309,
            35.9534376
          ],
          [
            -83.9464586,
            35.9535163
          ],
          [
            -83.9467529,
            35.9536579
          ],
          [
            -83.9468612,
            35.9537433
          ],
          [
            -83.9469751,
            35.9538894
          ],
          [
            -83.9470695,
            35.9540467
          ],
          [
            -83.9471833,
            35.9541366
          ],
          [
            -83.947436,
            35.9543074
          ],
          [
            -83.9474971,
            35.9543699
          ],
          [
            -83.9476581,
            35.9545345
          ],
          [
            -83.9477858,
            35.9546738
          ],
          [
            -83.9478941,
            35.9547705
          ],
          [
            -83.9479524,
            35.9548649
          ],
          [
            -83.9479964,
            35.9549312
          ],
          [
            -83.9480406,
            35.9549939
          ],
          [
            -83.9481078,
            35.9550331
          ]
        ]
      },
      "id": "way/244375410"
    },
    {
      "type": "Feature",
      "properties": {
        "@id": "way/268512484",
        "bicycle": "designated",
        "foot": "designated",
        "highway": "cycleway",
        "name": "First Creek Greenway",
        "segregated": "no",
        "surface": "paved"
      },
      "geometry": {
        "type": "LineString",
        "coordinates": [
          [
            -83.912679,
            35.9824088
          ],
          [
            -83.9126338,
            35.9823032
          ],
          [
            -83.9125339,
            35.9821716
          ],
          [
            -83.9123673,
            35.9819241
          ],
          [
            -83.9123458,
            35.9818894
          ],
          [
            -83.9123136,
            35.981859
          ],
          [
            -83.9122546,
            35.9818286
          ],
          [
            -83.9122224,
            35.9817939
          ],
          [
            -83.912201,
            35.9817331
          ],
          [
            -83.9122063,
            35.9816897
          ],
          [
            -83.9122117,
            35.9816506
          ],
          [
            -83.9122171,
            35.9815855
          ],
          [
            -83.9122053,
            35.9815397
          ],
          [
            -83.9121772,
            35.9814941
          ],
          [
            -83.9121356,
            35.9814518
          ],
          [
            -83.9121021,
            35.9814083
          ],
          [
            -83.9120883,
            35.9813554
          ],
          [
            -83.9120806,
            35.9812933
          ],
          [
            -83.9120726,
            35.9810665
          ],
          [
            -83.912086,
            35.9810079
          ],
          [
            -83.9121098,
            35.9809431
          ],
          [
            -83.9121634,
            35.9808258
          ],
          [
            -83.9122161,
            35.9807464
          ],
          [
            -83.9122546,
            35.9806435
          ],
          [
            -83.912263,
            35.9806031
          ],
          [
            -83.912263,
            35.9805695
          ],
          [
            -83.9122509,
            35.9804978
          ],
          [
            -83.9122171,
            35.98037
          ]
        ]
      },
      "id": "way/268512484"
    },
    {
      "type": "Feature",
      "properties": {
        "@id": "way/268517504",
        "bicycle": "designated",
        "foot": "designated",
        "highway": "cycleway",
        "name": "First Creek Greenway",
        "surface": "asphalt"
      },
      "geometry": {
        "type": "LineString",
        "coordinates": [
          [
            -83.9131835,
            35.9791456
          ],
          [
            -83.9131204,
            35.9791867
          ],
          [
            -83.9131052,
            35.9791966
          ],
          [
            -83.9130864,
            35.9792596
          ],
          [
            -83.9130864,
            35.9792667
          ],
          [
            -83.9130864,
            35.9793008
          ],
          [
            -83.9130972,
            35.9793355
          ],
          [
            -83.9132018,
            35.97952
          ],
          [
            -83.9131589,
            35.9796394
          ],
          [
            -83.913073,
            35.9796893
          ],
          [
            -83.9129738,
            35.979774
          ],
          [
            -83.9128895,
            35.9798485
          ],
          [
            -83.9128344,
            35.9798881
          ],
          [
            -83.9127418,
            35.9799586
          ],
          [
            -83.9126626,
            35.9799954
          ],
          [
            -83.9125902,
            35.9800257
          ],
          [
            -83.9124883,
            35.9800605
          ],
          [
            -83.9124078,
            35.9801256
          ],
          [
            -83.9123166,
            35.9802016
          ],
          [
            -83.9122362,
            35.9802688
          ],
          [
            -83.9122171,
            35.98037
          ]
        ]
      },
      "id": "way/268517504"
    },
    {
      "type": "Feature",
      "properties": {
        "@id": "way/268517509",
        "highway": "cycleway",
        "name": "First Creek Greenway"
      },
      "geometry": {
        "type": "LineString",
        "coordinates": [
          [
            -83.9157434,
            35.9851195
          ],
          [
            -83.9157512,
            35.9852521
          ],
          [
            -83.9157512,
            35.9853346
          ],
          [
            -83.9157271,
            35.9854062
          ],
          [
            -83.9156895,
            35.9855104
          ],
          [
            -83.9156332,
            35.9856233
          ],
          [
            -83.9155232,
            35.9858056
          ],
          [
            -83.9153998,
            35.9859467
          ],
          [
            -83.9153382,
            35.9860161
          ],
          [
            -83.9152899,
            35.9861116
          ],
          [
            -83.9152577,
            35.9861897
          ],
          [
            -83.9152577,
            35.9862744
          ],
          [
            -83.9152631,
            35.9863438
          ],
          [
            -83.9152738,
            35.9864111
          ],
          [
            -83.9152899,
            35.9864567
          ],
          [
            -83.9153955,
            35.9866518
          ]
        ]
      },
      "id": "way/268517509"
    },
    {
      "type": "Feature",
      "properties": {
        "@id": "way/268517518",
        "foot": "yes",
        "highway": "cycleway",
        "name": "First Creek Greenway",
        "surface": "paved"
      },
      "geometry": {
        "type": "LineString",
        "coordinates": [
          [
            -83.9200818,
            35.9902273
          ],
          [
            -83.9199927,
            35.990211
          ],
          [
            -83.9197847,
            35.9901998
          ],
          [
            -83.9197185,
            35.9901998
          ],
          [
            -83.9196292,
            35.9902322
          ],
          [
            -83.9195876,
            35.9902484
          ],
          [
            -83.919546,
            35.9902559
          ],
          [
            -83.9195044,
            35.9902459
          ],
          [
            -83.9194736,
            35.9902235
          ],
          [
            -83.919452,
            35.9901961
          ],
          [
            -83.9194427,
            35.9901674
          ],
          [
            -83.9194489,
            35.9900203
          ],
          [
            -83.9194443,
            35.9899842
          ],
          [
            -83.9194381,
            35.9899518
          ],
          [
            -83.9193904,
            35.9898807
          ],
          [
            -83.9193626,
            35.9898533
          ],
          [
            -83.9193272,
            35.9898309
          ],
          [
            -83.9192841,
            35.9898184
          ],
          [
            -83.9191747,
            35.9897972
          ],
          [
            -83.9190977,
            35.9897785
          ],
          [
            -83.919036,
            35.9897598
          ],
          [
            -83.9189621,
            35.9897336
          ],
          [
            -83.9188897,
            35.9896838
          ],
          [
            -83.9187572,
            35.9895317
          ],
          [
            -83.9186586,
            35.989427
          ],
          [
            -83.9185955,
            35.9893784
          ],
          [
            -83.9185215,
            35.9893298
          ],
          [
            -83.9184322,
            35.9893061
          ],
          [
            -83.9182904,
            35.9892924
          ],
          [
            -83.9182119,
            35.9892936
          ],
          [
            -83.9181148,
            35.9892999
          ],
          [
            -83.9180208,
            35.9893011
          ],
          [
            -83.9179715,
            35.9892936
          ],
          [
            -83.9179068,
            35.9892674
          ],
          [
            -83.9178221,
            35.989235
          ],
          [
            -83.9177343,
            35.9891889
          ],
          [
            -83.9176573,
            35.9891553
          ],
          [
            -83.9176034,
            35.9891303
          ],
          [
            -83.9175618,
            35.9891253
          ],
          [
            -83.9174801,
            35.9891353
          ],
          [
            -83.9174508,
            35.9891565
          ],
          [
            -83.9174247,
            35.9892014
          ],
          [
            -83.9172537,
            35.9894307
          ],
          [
            -83.9171612,
            35.9895442
          ],
          [
            -83.9171196,
            35.9895841
          ],
          [
            -83.9170519,
            35.9896389
          ],
          [
            -83.9169872,
            35.9896775
          ],
          [
            -83.9168823,
            35.9897195
          ],
          [
            -83.9167129,
            35.9897872
          ],
          [
            -83.9166806,
            35.989791
          ],
          [
            -83.9166421,
            35.9897897
          ],
          [
            -83.9165219,
            35.9897561
          ],
          [
            -83.916448,
            35.9897411
          ],
          [
            -83.9163833,
            35.9897336
          ],
          [
            -83.9163078,
            35.9897324
          ],
          [
            -83.9162754,
            35.9897274
          ],
          [
            -83.9162277,
            35.9897087
          ],
          [
            -83.9162277,
            35.9897075
          ],
          [
            -83.9161198,
            35.9896202
          ],
          [
            -83.9160582,
            35.9895654
          ],
          [
            -83.9160166,
            35.9895342
          ],
          [
            -83.9159766,
            35.9895192
          ],
          [
            -83.9158903,
            35.9894881
          ],
          [
            -83.915784,
            35.9894669
          ],
          [
            -83.9157101,
            35.989442
          ],
          [
            -83.9156315,
            35.9894307
          ],
          [
            -83.9155468,
            35.9894158
          ],
          [
            -83.9154697,
            35.9894345
          ],
          [
            -83.9153838,
            35.9894759
          ]
        ]
      },
      "id": "way/268517518"
    },
    {
      "type": "Feature",
      "properties": {
        "@id": "way/268517521",
        "foot": "yes",
        "highway": "cycleway",
        "name": "First Creek Greenway",
        "surface": "paved"
      },
      "geometry": {
        "type": "LineString",
        "coordinates": [
          [
            -83.9156502,
            35.988404
          ],
          [
            -83.9156489,
            35.9884571
          ],
          [
            -83.915669,
            35.9884962
          ],
          [
            -83.9156972,
            35.9885288
          ],
          [
            -83.9157481,
            35.9885808
          ],
          [
            -83.9158045,
            35.9886481
          ],
          [
            -83.9158568,
            35.9887132
          ],
          [
            -83.9159037,
            35.9887957
          ],
          [
            -83.9159185,
            35.9888272
          ],
          [
            -83.9161505,
            35.9892623
          ],
          [
            -83.916192,
            35.9893014
          ],
          [
            -83.9162926,
            35.9893686
          ],
          [
            -83.9163516,
            35.9893979
          ],
          [
            -83.9164066,
            35.9894175
          ],
          [
            -83.9164482,
            35.9894207
          ],
          [
            -83.916479,
            35.9894218
          ],
          [
            -83.9164911,
            35.9894207
          ],
          [
            -83.9165957,
            35.9894207
          ],
          [
            -83.9166494,
            35.9894283
          ],
          [
            -83.9166869,
            35.9894392
          ],
          [
            -83.9167084,
            35.9894598
          ],
          [
            -83.9167325,
            35.9894945
          ]
        ]
      },
      "id": "way/268517521"
    },
    {
      "type": "Feature",
      "properties": {
        "@id": "way/268646613",
        "bicycle": "designated",
        "foot": "designated",
        "highway": "cycleway",
        "name": "Second Creek Greenway",
        "segregated": "no",
        "surface": "concrete"
      },
      "geometry": {
        "type": "LineString",
        "coordinates": [
          [
            -83.9233715,
            35.9591374
          ],
          [
            -83.9231311,
            35.958589
          ],
          [
            -83.9229971,
            35.9582864
          ],
          [
            -83.9229617,
            35.9581592
          ],
          [
            -83.9229373,
            35.9580796
          ],
          [
            -83.9229327,
            35.9580456
          ],
          [
            -83.9229338,
            35.9580112
          ],
          [
            -83.9229412,
            35.9579353
          ],
          [
            -83.9229399,
            35.957894
          ],
          [
            -83.9229332,
            35.9578522
          ],
          [
            -83.9229133,
            35.9577875
          ],
          [
            -83.9229003,
            35.9577618
          ],
          [
            -83.9228668,
            35.9576959
          ],
          [
            -83.9228567,
            35.9576497
          ],
          [
            -83.9228527,
            35.9576231
          ],
          [
            -83.922852,
            35.9575656
          ],
          [
            -83.9228477,
            35.9575118
          ],
          [
            -83.9228469,
            35.9574931
          ],
          [
            -83.9228438,
            35.9574731
          ],
          [
            -83.9228299,
            35.9574369
          ],
          [
            -83.9228098,
            35.9574011
          ],
          [
            -83.9227706,
            35.9573409
          ],
          [
            -83.9227206,
            35.9572817
          ],
          [
            -83.9225049,
            35.9570498
          ],
          [
            -83.9224564,
            35.9569957
          ],
          [
            -83.9224448,
            35.9569762
          ],
          [
            -83.9224383,
            35.9569528
          ],
          [
            -83.9224276,
            35.9569132
          ],
          [
            -83.922424,
            35.9568746
          ],
          [
            -83.9224286,
            35.956831
          ],
          [
            -83.9224294,
            35.9567966
          ],
          [
            -83.9224271,
            35.9567611
          ],
          [
            -83.922424,
            35.9567274
          ],
          [
            -83.9224132,
            35.9566894
          ],
          [
            -83.9224017,
            35.9566564
          ],
          [
            -83.9223919,
            35.9566355
          ],
          [
            -83.922387,
            35.9566252
          ],
          [
            -83.9223393,
            35.9565385
          ],
          [
            -83.9222884,
            35.9564655
          ],
          [
            -83.9221977,
            35.9563536
          ]
        ]
      },
      "id": "way/268646613"
    },
    {
      "type": "Feature",
      "properties": {
        "@id": "way/268825562",
        "bicycle": "designated",
        "foot": "designated",
        "highway": "cycleway",
        "name": "Neyland Greenway",
        "oneway": "no",
        "segregated": "no",
        "surface": "paved"
      },
      "geometry": {
        "type": "LineString",
        "coordinates": [
          [
            -83.9248517,
            35.9495668
          ],
          [
            -83.9247812,
            35.9495345
          ],
          [
            -83.9247157,
            35.9495148
          ],
          [
            -83.9248395,
            35.9489799
          ],
          [
            -83.9250687,
            35.9479123
          ],
          [
            -83.9251812,
            35.9474905
          ],
          [
            -83.9252964,
            35.9471144
          ],
          [
            -83.9255516,
            35.9467122
          ],
          [
            -83.9258206,
            35.9464086
          ],
          [
            -83.9262643,
            35.9459715
          ],
          [
            -83.9264116,
            35.9458523
          ],
          [
            -83.9264155,
            35.9456886
          ],
          [
            -83.9264477,
            35.9454534
          ],
          [
            -83.9264721,
            35.9454083
          ],
          [
            -83.9265256,
            35.9453094
          ],
          [
            -83.9265431,
            35.9451339
          ],
          [
            -83.9268533,
            35.9449368
          ],
          [
            -83.9275896,
            35.9444838
          ],
          [
            -83.9277329,
            35.9443391
          ],
          [
            -83.9279469,
            35.9442597
          ],
          [
            -83.9281118,
            35.944185
          ],
          [
            -83.928369,
            35.9440403
          ],
          [
            -83.9286164,
            35.9439481
          ],
          [
            -83.9287303,
            35.9438925
          ],
          [
            -83.9287931,
            35.9438671
          ],
          [
            -83.9288501,
            35.9438575
          ],
          [
            -83.9289423,
            35.943848
          ],
          [
            -83.9290071,
            35.9438845
          ],
          [
            -83.9293036,
            35.9443916
          ],
          [
            -83.9293461,
            35.9444273
          ],
          [
            -83.9294246,
            35.9445473
          ]
        ]
      },
      "id": "way/268825562"
    },
    {
      "type": "Feature",
      "properties": {
        "@id": "way/268836708",
        "bicycle": "designated",
        "foot": "designated",
        "highway": "cycleway",
        "name": "Morningside Greenway",
        "oneway": "no",
        "segregated": "no",
        "surface": "asphalt"
      },
      "geometry": {
        "type": "LineString",
        "coordinates": [
          [
            -83.9005547,
            35.9657014
          ],
          [
            -83.9006074,
            35.9656956
          ],
          [
            -83.9011117,
            35.9655874
          ],
          [
            -83.9025183,
            35.9653176
          ],
          [
            -83.9026118,
            35.9653011
          ],
          [
            -83.9028151,
            35.9652732
          ],
          [
            -83.9029879,
            35.96526
          ],
          [
            -83.9031708,
            35.9652468
          ],
          [
            -83.9033314,
            35.9652468
          ],
          [
            -83.9035245,
            35.9652567
          ],
          [
            -83.9036993,
            35.9652715
          ],
          [
            -83.9038498,
            35.9652929
          ],
          [
            -83.9039311,
            35.965311
          ],
          [
            -83.903988,
            35.9653274
          ],
          [
            -83.9040429,
            35.9653554
          ],
          [
            -83.9040957,
            35.9653867
          ],
          [
            -83.9041791,
            35.9654475
          ],
          [
            -83.9042624,
            35.9655528
          ],
          [
            -83.9043498,
            35.9656548
          ],
          [
            -83.9043884,
            35.9657207
          ],
          [
            -83.904421,
            35.9658013
          ],
          [
            -83.904381,
            35.9659139
          ],
          [
            -83.9042685,
            35.9662307
          ],
          [
            -83.9042136,
            35.9663623
          ],
          [
            -83.9040876,
            35.9666025
          ],
          [
            -83.9040246,
            35.9667012
          ],
          [
            -83.9039311,
            35.9668081
          ],
          [
            -83.9038701,
            35.9669546
          ],
          [
            -83.9038274,
            35.96705
          ],
          [
            -83.9038111,
            35.9671158
          ],
          [
            -83.9038294,
            35.9671635
          ],
          [
            -83.9038884,
            35.967203
          ],
          [
            -83.9039555,
            35.9672194
          ],
          [
            -83.9040347,
            35.9671997
          ],
          [
            -83.9041303,
            35.9671569
          ],
          [
            -83.9042218,
            35.9671174
          ],
          [
            -83.9042726,
            35.9671125
          ],
          [
            -83.9043315,
            35.967124
          ],
          [
            -83.9043762,
            35.9671503
          ],
          [
            -83.904421,
            35.9671948
          ],
          [
            -83.9044393,
            35.9672491
          ],
          [
            -83.9044515,
            35.9673083
          ],
          [
            -83.9044352,
            35.9673873
          ],
          [
            -83.9043864,
            35.9674514
          ],
          [
            -83.9043782,
            35.9674718
          ],
          [
            -83.904362,
            35.9675123
          ],
          [
            -83.9043884,
            35.9675748
          ],
          [
            -83.9044535,
            35.9676143
          ],
          [
            -83.9045795,
            35.9676604
          ],
          [
            -83.9046436,
            35.9676992
          ]
        ]
      },
      "id": "way/268836708"
    },
    {
      "type": "Feature",
      "properties": {
        "@id": "way/268836709",
        "bicycle": "designated",
        "foot": "designated",
        "highway": "cycleway",
        "lit": "no",
        "name": "Morningside Greenway",
        "oneway": "no",
        "segregated": "no",
        "surface": "asphalt"
      },
      "geometry": {
        "type": "LineString",
        "coordinates": [
          [
            -83.9046436,
            35.9676992
          ],
          [
            -83.9047583,
            35.9677122
          ],
          [
            -83.904889,
            35.9677084
          ],
          [
            -83.9051175,
            35.9676784
          ],
          [
            -83.9051692,
            35.9676816
          ],
          [
            -83.9052117,
            35.9676952
          ],
          [
            -83.905229,
            35.967717
          ],
          [
            -83.9052713,
            35.9677702
          ]
        ]
      },
      "id": "way/268836709"
    },
    {
      "type": "Feature",
      "properties": {
        "@id": "way/277833136",
        "bicycle": "designated",
        "foot": "designated",
        "highway": "cycleway",
        "name": "Will Skelton Greenway",
        "oneway": "no",
        "segregated": "no",
        "surface": "asphalt"
      },
      "geometry": {
        "type": "LineString",
        "coordinates": [
          [
            -83.8450232,
            35.9542684
          ],
          [
            -83.8449649,
            35.9542964
          ],
          [
            -83.8449432,
            35.954316
          ],
          [
            -83.8449317,
            35.9543343
          ],
          [
            -83.8449289,
            35.9543633
          ],
          [
            -83.844939,
            35.9543923
          ],
          [
            -83.844967,
            35.9544508
          ],
          [
            -83.8450195,
            35.9545281
          ],
          [
            -83.8450358,
            35.954561
          ],
          [
            -83.8450384,
            35.9545873
          ],
          [
            -83.84502,
            35.9547035
          ],
          [
            -83.8450191,
            35.9547298
          ],
          [
            -83.8450229,
            35.9547562
          ],
          [
            -83.8450387,
            35.954841
          ],
          [
            -83.8450474,
            35.9549239
          ],
          [
            -83.845044,
            35.9549957
          ],
          [
            -83.8450271,
            35.9550674
          ],
          [
            -83.8450046,
            35.9551202
          ],
          [
            -83.8449365,
            35.9552487
          ],
          [
            -83.844864,
            35.955404
          ],
          [
            -83.8448378,
            35.9554475
          ],
          [
            -83.8448081,
            35.9554901
          ],
          [
            -83.8447747,
            35.955536
          ],
          [
            -83.8447592,
            35.9555627
          ],
          [
            -83.8447472,
            35.9555913
          ],
          [
            -83.8447383,
            35.9556179
          ],
          [
            -83.8447327,
            35.955631
          ],
          [
            -83.8447224,
            35.9556422
          ],
          [
            -83.8447037,
            35.9556531
          ],
          [
            -83.8446838,
            35.9556584
          ],
          [
            -83.8446275,
            35.955649
          ],
          [
            -83.8445859,
            35.9556509
          ],
          [
            -83.8445559,
            35.9556675
          ],
          [
            -83.8445269,
            35.9557003
          ],
          [
            -83.8445036,
            35.9557351
          ],
          [
            -83.8444917,
            35.9557601
          ],
          [
            -83.8444852,
            35.9557851
          ],
          [
            -83.844487,
            35.9558176
          ],
          [
            -83.8444935,
            35.955857
          ],
          [
            -83.8445108,
            35.9559029
          ],
          [
            -83.8445458,
            35.9559821
          ],
          [
            -83.8445634,
            35.9560581
          ],
          [
            -83.8445683,
            35.9561246
          ],
          [
            -83.8445638,
            35.9561738
          ],
          [
            -83.8445583,
            35.9561971
          ],
          [
            -83.8445554,
            35.9562216
          ],
          [
            -83.8445604,
            35.956265
          ],
          [
            -83.8445717,
            35.9563074
          ],
          [
            -83.8446232,
            35.9564331
          ],
          [
            -83.8446613,
            35.9565588
          ],
          [
            -83.8446757,
            35.9566072
          ],
          [
            -83.8446958,
            35.9566547
          ],
          [
            -83.8447152,
            35.9566919
          ],
          [
            -83.8447368,
            35.9567216
          ],
          [
            -83.8447585,
            35.9567498
          ],
          [
            -83.8447995,
            35.956795
          ],
          [
            -83.8448465,
            35.9568409
          ],
          [
            -83.8448705,
            35.9568662
          ],
          [
            -83.8449027,
            35.9568923
          ],
          [
            -83.8449419,
            35.9569199
          ],
          [
            -83.8449775,
            35.9569475
          ],
          [
            -83.8450852,
            35.9570464
          ],
          [
            -83.845179,
            35.957134
          ],
          [
            -83.8453898,
            35.957362
          ],
          [
            -83.845417,
            35.95739
          ],
          [
            -83.8454465,
            35.9574162
          ],
          [
            -83.8454928,
            35.9574492
          ],
          [
            -83.8455472,
            35.9574841
          ],
          [
            -83.8456245,
            35.9575416
          ],
          [
            -83.845687,
            35.957581
          ],
          [
            -83.8457518,
            35.9576162
          ],
          [
            -83.8458317,
            35.9576523
          ],
          [
            -83.8459053,
            35.9576821
          ],
          [
            -83.8459566,
            35.9577038
          ],
          [
            -83.8461434,
            35.9577841
          ],
          [
            -83.8461814,
            35.9578011
          ],
          [
            -83.8462193,
            35.9578228
          ],
          [
            -83.8462631,
            35.9578502
          ],
          [
            -83.8462934,
            35.9578743
          ],
          [
            -83.8463518,
            35.9579167
          ],
          [
            -83.8464207,
            35.9579655
          ],
          [
            -83.8464605,
            35.9579895
          ],
          [
            -83.8464993,
            35.9580096
          ],
          [
            -83.8465347,
            35.9580253
          ],
          [
            -83.8465704,
            35.9580391
          ],
          [
            -83.8466061,
            35.9580501
          ],
          [
            -83.8467733,
            35.9580948
          ],
          [
            -83.8469956,
            35.9581634
          ],
          [
            -83.8472534,
            35.9582223
          ],
          [
            -83.8473775,
            35.9582537
          ],
          [
            -83.847413,
            35.9582598
          ],
          [
            -83.8474491,
            35.9582627
          ],
          [
            -83.847502,
            35.9582627
          ],
          [
            -83.8475401,
            35.9582619
          ],
          [
            -83.8475746,
            35.9582584
          ],
          [
            -83.847681,
            35.9582466
          ],
          [
            -83.8477357,
            35.9582475
          ],
          [
            -83.8477904,
            35.9582522
          ],
          [
            -83.8478444,
            35.958259
          ],
          [
            -83.8479043,
            35.9582706
          ],
          [
            -83.8482995,
            35.9583464
          ],
          [
            -83.8483547,
            35.9583524
          ],
          [
            -83.8484088,
            35.9583528
          ],
          [
            -83.8484666,
            35.9583469
          ],
          [
            -83.8485205,
            35.9583399
          ],
          [
            -83.8488281,
            35.9582889
          ],
          [
            -83.8489109,
            35.9582711
          ],
          [
            -83.8492832,
            35.95817
          ],
          [
            -83.8493439,
            35.9581539
          ],
          [
            -83.8493906,
            35.9581379
          ],
          [
            -83.8494361,
            35.958118
          ],
          [
            -83.8494793,
            35.9580975
          ],
          [
            -83.8496638,
            35.9579975
          ],
          [
            -83.8496926,
            35.9579828
          ],
          [
            -83.849732,
            35.9579703
          ],
          [
            -83.8497761,
            35.9579594
          ],
          [
            -83.8499187,
            35.9579237
          ],
          [
            -83.8500519,
            35.9578815
          ],
          [
            -83.8501014,
            35.957862
          ],
          [
            -83.8501509,
            35.9578392
          ],
          [
            -83.8502096,
            35.9578066
          ],
          [
            -83.8502427,
            35.9577868
          ],
          [
            -83.8502745,
            35.9577616
          ],
          [
            -83.850438,
            35.9576325
          ],
          [
            -83.8505026,
            35.9575842
          ],
          [
            -83.8505329,
            35.9575646
          ],
          [
            -83.8505786,
            35.9575411
          ],
          [
            -83.8506392,
            35.9575203
          ],
          [
            -83.8507736,
            35.9574729
          ],
          [
            -83.8508208,
            35.9574526
          ],
          [
            -83.850863,
            35.95743
          ],
          [
            -83.8508975,
            35.9574082
          ],
          [
            -83.8509373,
            35.9573756
          ],
          [
            -83.8511462,
            35.9571916
          ],
          [
            -83.8512538,
            35.9571063
          ],
          [
            -83.8512929,
            35.9570753
          ],
          [
            -83.851328,
            35.957042
          ],
          [
            -83.8514044,
            35.9569523
          ],
          [
            -83.8514943,
            35.9568376
          ],
          [
            -83.8515237,
            35.9568102
          ],
          [
            -83.8516269,
            35.9567225
          ],
          [
            -83.851832,
            35.956541
          ],
          [
            -83.851901,
            35.9564711
          ],
          [
            -83.851916,
            35.9564519
          ],
          [
            -83.851927,
            35.9564359
          ],
          [
            -83.8519344,
            35.9564162
          ],
          [
            -83.851939,
            35.9563966
          ],
          [
            -83.8519497,
            35.9563529
          ],
          [
            -83.8519603,
            35.9562682
          ],
          [
            -83.8519714,
            35.9562296
          ],
          [
            -83.8519853,
            35.9562083
          ],
          [
            -83.8520099,
            35.9561806
          ],
          [
            -83.8520383,
            35.9561595
          ],
          [
            -83.8520833,
            35.9561407
          ],
          [
            -83.8521507,
            35.956116
          ],
          [
            -83.8523015,
            35.9560633
          ],
          [
            -83.8523773,
            35.9560335
          ],
          [
            -83.852441,
            35.9560025
          ],
          [
            -83.852524,
            35.955958
          ],
          [
            -83.8526298,
            35.9558932
          ],
          [
            -83.8527303,
            35.9558285
          ],
          [
            -83.8529353,
            35.9556957
          ],
          [
            -83.8529795,
            35.9556688
          ],
          [
            -83.853025,
            35.9556457
          ],
          [
            -83.8530919,
            35.9556135
          ],
          [
            -83.8532125,
            35.9555586
          ],
          [
            -83.8533357,
            35.955496
          ],
          [
            -83.8534567,
            35.9554216
          ],
          [
            -83.8535019,
            35.9553847
          ],
          [
            -83.853664,
            35.9552771
          ],
          [
            -83.8537329,
            35.9552355
          ],
          [
            -83.8538091,
            35.9551962
          ],
          [
            -83.8539563,
            35.9551185
          ],
          [
            -83.8541059,
            35.9550476
          ],
          [
            -83.8542461,
            35.9549875
          ],
          [
            -83.8544637,
            35.9549073
          ],
          [
            -83.8546867,
            35.9548243
          ],
          [
            -83.8547372,
            35.9548043
          ],
          [
            -83.8547849,
            35.9547811
          ],
          [
            -83.8548617,
            35.9547335
          ],
          [
            -83.8549036,
            35.9547029
          ],
          [
            -83.8549401,
            35.9546712
          ],
          [
            -83.8549639,
            35.9546473
          ],
          [
            -83.8549798,
            35.9546224
          ],
          [
            -83.8549898,
            35.9546014
          ],
          [
            -83.8549972,
            35.9545533
          ],
          [
            -83.8549905,
            35.9545266
          ],
          [
            -83.8549744,
            35.9544916
          ],
          [
            -83.8549081,
            35.9543707
          ],
          [
            -83.8549037,
            35.954343
          ],
          [
            -83.8549051,
            35.9543148
          ],
          [
            -83.8549147,
            35.9542877
          ],
          [
            -83.8549316,
            35.954269
          ],
          [
            -83.8549594,
            35.9542524
          ],
          [
            -83.8550001,
            35.9542443
          ],
          [
            -83.8550493,
            35.9542453
          ],
          [
            -83.8551064,
            35.9542596
          ],
          [
            -83.85515,
            35.9542794
          ],
          [
            -83.8551902,
            35.9543029
          ],
          [
            -83.8552324,
            35.9543347
          ],
          [
            -83.855327,
            35.9544072
          ],
          [
            -83.8553586,
            35.9544308
          ],
          [
            -83.8554167,
            35.9544576
          ],
          [
            -83.8554613,
            35.9544686
          ],
          [
            -83.8555039,
            35.9544696
          ],
          [
            -83.8555443,
            35.9544619
          ],
          [
            -83.8557069,
            35.954419
          ],
          [
            -83.8558696,
            35.9543811
          ],
          [
            -83.8559204,
            35.9543666
          ],
          [
            -83.8559652,
            35.9543473
          ],
          [
            -83.8559923,
            35.954312
          ],
          [
            -83.8560011,
            35.9542767
          ],
          [
            -83.8559932,
            35.9542406
          ],
          [
            -83.8559547,
            35.9541523
          ],
          [
            -83.8559437,
            35.954096
          ],
          [
            -83.855954,
            35.9540378
          ],
          [
            -83.8559783,
            35.9539657
          ],
          [
            -83.8560088,
            35.9538974
          ],
          [
            -83.8560309,
            35.9538705
          ],
          [
            -83.8560607,
            35.9538498
          ],
          [
            -83.856111,
            35.9538284
          ],
          [
            -83.856149,
            35.9538188
          ],
          [
            -83.8562002,
            35.9538112
          ],
          [
            -83.8562455,
            35.9538083
          ],
          [
            -83.8564331,
            35.9538243
          ],
          [
            -83.8564898,
            35.9538093
          ],
          [
            -83.8565126,
            35.9537936
          ],
          [
            -83.8565303,
            35.9537687
          ],
          [
            -83.8565325,
            35.9537437
          ],
          [
            -83.8565279,
            35.9537308
          ],
          [
            -83.8565186,
            35.953718
          ],
          [
            -83.8564948,
            35.9537006
          ],
          [
            -83.8564621,
            35.9536895
          ],
          [
            -83.8564217,
            35.9536858
          ],
          [
            -83.8563431,
            35.9536821
          ],
          [
            -83.8562388,
            35.9536785
          ],
          [
            -83.856173,
            35.9536708
          ],
          [
            -83.8561362,
            35.953655
          ],
          [
            -83.8561182,
            35.9536392
          ],
          [
            -83.8561095,
            35.9536137
          ],
          [
            -83.8561264,
            35.9535863
          ]
        ]
      },
      "id": "way/277833136"
    },
    {
      "type": "Feature",
      "properties": {
        "@id": "way/278752858",
        "access": "no",
        "bicycle": "designated",
        "foot": "designated",
        "highway": "cycleway",
        "name": "Ten Mile Creek Greenway",
        "segregated": "no",
        "source": "Strava heatmap.",
        "surface": "paved",
        "width": "2.4"
      },
      "geometry": {
        "type": "LineString",
        "coordinates": [
          [
            -84.0781376,
            35.9199548
          ],
          [
            -84.0779139,
            35.9200058
          ],
          [
            -84.0778385,
            35.920009
          ],
          [
            -84.0774675,
            35.9204676
          ],
          [
            -84.0774142,
            35.9205002
          ],
          [
            -84.0773375,
            35.9205199
          ]
        ]
      },
      "id": "way/278752858"
    },
    {
      "type": "Feature",
      "properties": {
        "@id": "way/296974222",
        "bicycle": "no",
        "foot": "yes",
        "highway": "path",
        "horse": "no",
        "motor_vehicle": "no",
        "name": "Tharp Trace Trail",
        "surface": "dirt"
      },
      "geometry": {
        "type": "LineString",
        "coordinates": [
          [
            -83.8655442,
            35.9523485
          ],
          [
            -83.8655791,
            35.9524684
          ],
          [
            -83.8655862,
            35.9525091
          ],
          [
            -83.8656389,
            35.9525828
          ],
          [
            -83.8656533,
            35.9526487
          ],
          [
            -83.8658617,
            35.9529202
          ],
          [
            -83.8659911,
            35.9530365
          ],
          [
            -83.8662311,
            35.9532817
          ],
          [
            -83.8662675,
            35.9533776
          ],
          [
            -83.866576,
            35.9534479
          ],
          [
            -83.8668366,
            35.9535213
          ],
          [
            -83.8672893,
            35.9536861
          ],
          [
            -83.8676127,
            35.9537462
          ],
          [
            -83.8676654,
            35.953752
          ],
          [
            -83.8677301,
            35.953752
          ],
          [
            -83.8680774,
            35.9537326
          ],
          [
            -83.8681445,
            35.9537249
          ],
          [
            -83.8682369,
            35.9536949
          ],
          [
            -83.8687888,
            35.9535077
          ],
          [
            -83.8688846,
            35.9534573
          ],
          [
            -83.8689325,
            35.9533914
          ],
          [
            -83.86899,
            35.9531781
          ],
          [
            -83.8689038,
            35.9529454
          ],
          [
            -83.8688247,
            35.9528911
          ],
          [
            -83.868578,
            35.9528252
          ],
          [
            -83.8683553,
            35.9527127
          ],
          [
            -83.8682283,
            35.9525847
          ],
          [
            -83.8682091,
            35.9525382
          ],
          [
            -83.8682259,
            35.9524936
          ],
          [
            -83.8682714,
            35.9524703
          ],
          [
            -83.8683984,
            35.952449
          ],
          [
            -83.8685708,
            35.9524645
          ],
          [
            -83.8689781,
            35.9524025
          ],
          [
            -83.8691793,
            35.9524044
          ],
          [
            -83.8694954,
            35.952259
          ],
          [
            -83.869644,
            35.9522784
          ],
          [
            -83.8698619,
            35.9522241
          ],
          [
            -83.8699554,
            35.9521291
          ],
          [
            -83.8700416,
            35.9519953
          ],
          [
            -83.8700296,
            35.9519565
          ],
          [
            -83.8700703,
            35.9519216
          ],
          [
            -83.8700823,
            35.9518615
          ],
          [
            -83.8701134,
            35.9518285
          ],
          [
            -83.8702548,
            35.9517122
          ],
          [
            -83.8703242,
            35.9516811
          ],
          [
            -83.8704919,
            35.9516598
          ],
          [
            -83.8705374,
            35.9516365
          ],
          [
            -83.8706141,
            35.9514737
          ],
          [
            -83.8706548,
            35.9512487
          ],
          [
            -83.8708392,
            35.9512662
          ],
          [
            -83.8710955,
            35.9513263
          ],
          [
            -83.8712393,
            35.9513341
          ],
          [
            -83.8713207,
            35.951272
          ],
          [
            -83.8714429,
            35.9512216
          ],
          [
            -83.8717159,
            35.9509656
          ],
          [
            -83.8717686,
            35.9508919
          ],
          [
            -83.8719099,
            35.9508027
          ],
          [
            -83.8719076,
            35.9507155
          ],
          [
            -83.8718285,
            35.9506127
          ],
          [
            -83.8716704,
            35.9505662
          ],
          [
            -83.8716057,
            35.9505061
          ],
          [
            -83.8715722,
            35.9503761
          ],
          [
            -83.8715243,
            35.9499379
          ],
          [
            -83.8714644,
            35.9497537
          ],
          [
            -83.8712967,
            35.9497459
          ],
          [
            -83.8712369,
            35.9497169
          ],
          [
            -83.8711027,
            35.9495986
          ],
          [
            -83.8710548,
            35.9495036
          ],
          [
            -83.8709303,
            35.9494008
          ],
          [
            -83.870856,
            35.9492631
          ],
          [
            -83.8707362,
            35.9491623
          ],
          [
            -83.8706716,
            35.9490828
          ],
          [
            -83.8705518,
            35.9490304
          ],
          [
            -83.8703266,
            35.9489761
          ],
          [
            -83.8701781,
            35.9489606
          ],
          [
            -83.8694068,
            35.9490653
          ],
          [
            -83.8692032,
            35.9491332
          ],
          [
            -83.8689996,
            35.9492553
          ],
          [
            -83.8688439,
            35.9494008
          ],
          [
            -83.8685565,
            35.9495598
          ],
          [
            -83.8683337,
            35.9496024
          ],
          [
            -83.8680654,
            35.9497343
          ],
          [
            -83.8679552,
            35.9498313
          ],
          [
            -83.8679409,
            35.9498797
          ],
          [
            -83.8679768,
            35.9499146
          ],
          [
            -83.8680702,
            35.9499825
          ],
          [
            -83.8682858,
            35.9500523
          ],
          [
            -83.8684343,
            35.9501318
          ],
          [
            -83.8685732,
            35.9501338
          ],
          [
            -83.8686499,
            35.9501124
          ],
          [
            -83.8687433,
            35.9500581
          ],
          [
            -83.8689733,
            35.9500368
          ],
          [
            -83.8690691,
            35.9499903
          ],
          [
            -83.8693062,
            35.9497382
          ],
          [
            -83.8693996,
            35.9495385
          ],
          [
            -83.8695505,
            35.9494842
          ],
          [
            -83.8697709,
            35.9493678
          ],
          [
            -83.8699673,
            35.9492999
          ],
          [
            -83.8700237,
            35.9492781
          ],
          [
            -83.8701504,
            35.9492921
          ]
        ]
      },
      "id": "way/296974222"
    },
    {
      "type": "Feature",
      "properties": {
        "@id": "way/296974224",
        "bicycle": "no",
        "foot": "designated",
        "highway": "path",
        "horse": "no",
        "motor_vehicle": "no",
        "name": "Secret Pond Trail",
        "surface": "dirt"
      },
      "geometry": {
        "type": "LineString",
        "coordinates": [
          [
            -83.8700156,
            35.9569623
          ],
          [
            -83.8700696,
            35.9569692
          ],
          [
            -83.8701386,
            35.9569803
          ],
          [
            -83.870552,
            35.9570243
          ],
          [
            -83.870725,
            35.9570129
          ],
          [
            -83.8708846,
            35.9569907
          ],
          [
            -83.8710347,
            35.9569615
          ],
          [
            -83.8711465,
            35.9569368
          ],
          [
            -83.8711906,
            35.9568874
          ],
          [
            -83.8711956,
            35.9568188
          ],
          [
            -83.8712312,
            35.9566982
          ],
          [
            -83.8712854,
            35.9566571
          ],
          [
            -83.8713565,
            35.9566571
          ],
          [
            -83.8714311,
            35.9566928
          ],
          [
            -83.8714412,
            35.9567503
          ],
          [
            -83.8713396,
            35.95686
          ],
          [
            -83.8712549,
            35.9568874
          ],
          [
            -83.8711906,
            35.9568874
          ]
        ]
      },
      "id": "way/296974224"
    },
    {
      "type": "Feature",
      "properties": {
        "@id": "way/296974229",
        "bicycle": "no",
        "foot": "designated",
        "highway": "path",
        "horse": "no",
        "motor_vehicle": "no",
        "name": "North Cove Trail"
      },
      "geometry": {
        "type": "LineString",
        "coordinates": [
          [
            -83.8667544,
            35.9573395
          ],
          [
            -83.8667911,
            35.9573161
          ],
          [
            -83.8668641,
            35.9572906
          ],
          [
            -83.86691,
            35.9572748
          ],
          [
            -83.8670178,
            35.9572352
          ],
          [
            -83.8670586,
            35.9571963
          ],
          [
            -83.8670967,
            35.9571575
          ],
          [
            -83.8671183,
            35.9571186
          ],
          [
            -83.867155,
            35.9569593
          ],
          [
            -83.8671419,
            35.9569331
          ],
          [
            -83.8671062,
            35.9569028
          ],
          [
            -83.8670731,
            35.9568982
          ],
          [
            -83.8670438,
            35.956906
          ],
          [
            -83.8670181,
            35.956918
          ],
          [
            -83.8669602,
            35.9570454
          ],
          [
            -83.8669479,
            35.9570567
          ],
          [
            -83.8669303,
            35.9570664
          ],
          [
            -83.8669116,
            35.9570706
          ],
          [
            -83.8668969,
            35.9570674
          ],
          [
            -83.8668792,
            35.9570602
          ],
          [
            -83.8668685,
            35.9570473
          ],
          [
            -83.8668524,
            35.9570186
          ],
          [
            -83.8668378,
            35.9569023
          ],
          [
            -83.8668004,
            35.9568479
          ],
          [
            -83.8667409,
            35.9568193
          ],
          [
            -83.8667126,
            35.956783
          ],
          [
            -83.8666815,
            35.9567754
          ],
          [
            -83.8666625,
            35.9567866
          ],
          [
            -83.8666541,
            35.9568048
          ],
          [
            -83.8666382,
            35.9568249
          ],
          [
            -83.8665992,
            35.9568292
          ],
          [
            -83.8665568,
            35.9568207
          ],
          [
            -83.8664922,
            35.956815
          ],
          [
            -83.8664395,
            35.9568243
          ],
          [
            -83.866399,
            35.9568325
          ],
          [
            -83.8663559,
            35.95683
          ],
          [
            -83.8663296,
            35.9568381
          ],
          [
            -83.8663033,
            35.9568647
          ],
          [
            -83.8662723,
            35.9569288
          ],
          [
            -83.8662639,
            35.9569859
          ],
          [
            -83.866252,
            35.9570215
          ],
          [
            -83.8662264,
            35.9570602
          ],
          [
            -83.8661889,
            35.9570852
          ],
          [
            -83.8661318,
            35.9571095
          ],
          [
            -83.8660849,
            35.9571229
          ],
          [
            -83.8660345,
            35.9571249
          ],
          [
            -83.866013,
            35.9571197
          ],
          [
            -83.8660014,
            35.957102
          ],
          [
            -83.8660092,
            35.9570629
          ],
          [
            -83.8660202,
            35.9569778
          ],
          [
            -83.8660271,
            35.9568746
          ],
          [
            -83.8660114,
            35.9568127
          ],
          [
            -83.8660098,
            35.9567636
          ],
          [
            -83.866047,
            35.9566794
          ],
          [
            -83.8660991,
            35.9564514
          ],
          [
            -83.8661021,
            35.9564155
          ]
        ]
      },
      "id": "way/296974229"
    },
    {
      "type": "Feature",
      "properties": {
        "@id": "way/296974234",
        "foot": "designated",
        "highway": "path",
        "motor_vehicle": "no",
        "name": "Universal Trail"
      },
      "geometry": {
        "type": "LineString",
        "coordinates": [
          [
            -83.8665688,
            35.9563805
          ],
          [
            -83.8665229,
            35.9563905
          ],
          [
            -83.8664818,
            35.9563911
          ],
          [
            -83.8664147,
            35.9563886
          ],
          [
            -83.866377,
            35.9563916
          ],
          [
            -83.8663452,
            35.9563941
          ],
          [
            -83.8662919,
            35.9564085
          ],
          [
            -83.8662258,
            35.956429
          ],
          [
            -83.8661831,
            35.9564337
          ],
          [
            -83.8661527,
            35.9564314
          ],
          [
            -83.8661271,
            35.9564258
          ],
          [
            -83.8661021,
            35.9564155
          ],
          [
            -83.8660879,
            35.9564003
          ],
          [
            -83.8660843,
            35.9563847
          ],
          [
            -83.8660911,
            35.9563691
          ],
          [
            -83.8661053,
            35.9563529
          ],
          [
            -83.8661277,
            35.9563395
          ],
          [
            -83.8661678,
            35.9563311
          ],
          [
            -83.866188,
            35.9563242
          ],
          [
            -83.8662238,
            35.9562999
          ],
          [
            -83.8662476,
            35.9562854
          ],
          [
            -83.8662914,
            35.9562797
          ],
          [
            -83.8663416,
            35.9562797
          ],
          [
            -83.8663754,
            35.9562826
          ],
          [
            -83.8664103,
            35.9562789
          ],
          [
            -83.8664404,
            35.9562683
          ],
          [
            -83.866463,
            35.9562544
          ],
          [
            -83.866481,
            35.9562375
          ],
          [
            -83.8664961,
            35.9562198
          ],
          [
            -83.8665231,
            35.9561714
          ],
          [
            -83.8665263,
            35.9561636
          ],
          [
            -83.8665439,
            35.9561208
          ],
          [
            -83.8665452,
            35.9560947
          ],
          [
            -83.8665427,
            35.9560829
          ],
          [
            -83.8665352,
            35.9560736
          ],
          [
            -83.8665197,
            35.9560645
          ],
          [
            -83.8664886,
            35.9560584
          ],
          [
            -83.8664666,
            35.9560547
          ],
          [
            -83.866354,
            35.9560115
          ],
          [
            -83.8663003,
            35.9559891
          ],
          [
            -83.8662653,
            35.9559724
          ],
          [
            -83.8662377,
            35.9559532
          ],
          [
            -83.8662142,
            35.9559347
          ],
          [
            -83.8661179,
            35.9558451
          ],
          [
            -83.8660762,
            35.9557983
          ],
          [
            -83.8660557,
            35.9557726
          ],
          [
            -83.8660402,
            35.9557477
          ],
          [
            -83.8660314,
            35.9557166
          ],
          [
            -83.8660327,
            35.9556871
          ],
          [
            -83.866036,
            35.9556536
          ],
          [
            -83.8660453,
            35.9556268
          ],
          [
            -83.866064,
            35.9555911
          ],
          [
            -83.866072,
            35.9555713
          ],
          [
            -83.8661009,
            35.9555269
          ],
          [
            -83.8661322,
            35.9554862
          ],
          [
            -83.866179,
            35.9554374
          ],
          [
            -83.8662107,
            35.9554124
          ],
          [
            -83.8662482,
            35.955393
          ],
          [
            -83.8662891,
            35.9553804
          ],
          [
            -83.8663335,
            35.9553764
          ],
          [
            -83.866379,
            35.9553778
          ],
          [
            -83.8664231,
            35.9553848
          ],
          [
            -83.8664522,
            35.955394
          ],
          [
            -83.8664742,
            35.9554013
          ],
          [
            -83.8667381,
            35.9555103
          ],
          [
            -83.866763,
            35.955517
          ],
          [
            -83.8667927,
            35.9555153
          ],
          [
            -83.8668425,
            35.9555079
          ],
          [
            -83.8669225,
            35.9554911
          ],
          [
            -83.8669597,
            35.9554905
          ],
          [
            -83.867004,
            35.9554966
          ],
          [
            -83.8670666,
            35.9555021
          ],
          [
            -83.8671234,
            35.9555123
          ],
          [
            -83.8671629,
            35.9555253
          ],
          [
            -83.8671954,
            35.9555423
          ],
          [
            -83.8672118,
            35.9555544
          ],
          [
            -83.8672241,
            35.955573
          ],
          [
            -83.8672419,
            35.9556093
          ],
          [
            -83.8672508,
            35.9556358
          ],
          [
            -83.8672622,
            35.9556621
          ],
          [
            -83.8672662,
            35.9556949
          ],
          [
            -83.8672658,
            35.9557355
          ],
          [
            -83.8672555,
            35.955777
          ],
          [
            -83.8672427,
            35.9558102
          ],
          [
            -83.8671983,
            35.9558503
          ],
          [
            -83.8669143,
            35.9560397
          ]
        ]
      },
      "id": "way/296974234"
    },
    {
      "type": "Feature",
      "properties": {
        "@id": "way/296974237",
        "bicycle": "no",
        "foot": "designated",
        "highway": "path",
        "horse": "no",
        "motor_vehicle": "no",
        "name": "Tower Trail"
      },
      "geometry": {
        "type": "LineString",
        "coordinates": [
          [
            -83.8654606,
            35.9557296
          ],
          [
            -83.8650021,
            35.9557245
          ],
          [
            -83.8649638,
            35.9557529
          ],
          [
            -83.8649376,
            35.9557844
          ],
          [
            -83.8649073,
            35.955801
          ],
          [
            -83.864755,
            35.9557932
          ],
          [
            -83.8646353,
            35.9557928
          ],
          [
            -83.8645691,
            35.9558166
          ],
          [
            -83.8645192,
            35.9558502
          ],
          [
            -83.8644813,
            35.9559031
          ],
          [
            -83.8644188,
            35.9559532
          ],
          [
            -83.8643512,
            35.9559925
          ],
          [
            -83.8643225,
            35.9560333
          ],
          [
            -83.8642948,
            35.9560987
          ],
          [
            -83.8642393,
            35.956178
          ],
          [
            -83.864194,
            35.9562273
          ],
          [
            -83.8641485,
            35.9562501
          ],
          [
            -83.8640571,
            35.9562365
          ],
          [
            -83.8640022,
            35.9562074
          ],
          [
            -83.8639568,
            35.9561644
          ],
          [
            -83.8639357,
            35.9561066
          ],
          [
            -83.8639657,
            35.9559631
          ],
          [
            -83.8639692,
            35.9559002
          ],
          [
            -83.8639463,
            35.9558306
          ],
          [
            -83.8639323,
            35.9557969
          ],
          [
            -83.8638939,
            35.9557583
          ],
          [
            -83.8638798,
            35.9557265
          ],
          [
            -83.8638667,
            35.9556686
          ],
          [
            -83.8638515,
            35.9556387
          ],
          [
            -83.8637957,
            35.9556088
          ],
          [
            -83.8637134,
            35.9555904
          ],
          [
            -83.8636566,
            35.955577
          ],
          [
            -83.863615,
            35.9555514
          ],
          [
            -83.8635571,
            35.9555035
          ],
          [
            -83.8634298,
            35.9552193
          ],
          [
            -83.8633979,
            35.9551685
          ],
          [
            -83.8633229,
            35.9550784
          ],
          [
            -83.8632747,
            35.9550349
          ],
          [
            -83.8632292,
            35.9550218
          ],
          [
            -83.8631363,
            35.955014
          ],
          [
            -83.8631024,
            35.9549975
          ],
          [
            -83.8630916,
            35.954952
          ],
          [
            -83.8631148,
            35.9548744
          ],
          [
            -83.8631443,
            35.954843
          ],
          [
            -83.8631846,
            35.954817
          ],
          [
            -83.8633086,
            35.954791
          ],
          [
            -83.863392,
            35.9547309
          ],
          [
            -83.8634468,
            35.9546063
          ],
          [
            -83.8634806,
            35.9545235
          ],
          [
            -83.8636127,
            35.9544086
          ],
          [
            -83.8636093,
            35.9543537
          ],
          [
            -83.8633466,
            35.9540988
          ]
        ]
      },
      "id": "way/296974237"
    },
    {
      "type": "Feature",
      "properties": {
        "@id": "way/296974320",
        "bicycle": "yes",
        "foot": "yes",
        "highway": "path",
        "horse": "no",
        "motor_vehicle": "no",
        "name": "Gravel Road Trail",
        "surface": "dirt"
      },
      "geometry": {
        "type": "LineString",
        "coordinates": [
          [
            -83.871095,
            35.9479156
          ],
          [
            -83.8709766,
            35.9478111
          ],
          [
            -83.8708235,
            35.947671
          ],
          [
            -83.8707063,
            35.9475904
          ],
          [
            -83.8705235,
            35.9474936
          ],
          [
            -83.8703555,
            35.9474352
          ],
          [
            -83.8700347,
            35.9473011
          ],
          [
            -83.8699288,
            35.947245
          ],
          [
            -83.8697574,
            35.9471615
          ],
          [
            -83.8695839,
            35.9470942
          ],
          [
            -83.86949,
            35.9470302
          ],
          [
            -83.8694475,
            35.9469753
          ],
          [
            -83.8694732,
            35.9469166
          ],
          [
            -83.8694978,
            35.9468283
          ],
          [
            -83.8695134,
            35.9467834
          ],
          [
            -83.8695754,
            35.9466716
          ],
          [
            -83.869624,
            35.9465814
          ],
          [
            -83.8696856,
            35.9464351
          ],
          [
            -83.8698777,
            35.9462048
          ],
          [
            -83.8701392,
            35.9459553
          ],
          [
            -83.8704474,
            35.9457209
          ],
          [
            -83.8704568,
            35.9456604
          ],
          [
            -83.8704104,
            35.9455425
          ]
        ]
      },
      "id": "way/296974320"
    },
    {
      "type": "Feature",
      "properties": {
        "@id": "way/296974581",
        "bicycle": "no",
        "foot": "yes",
        "highway": "path",
        "horse": "no",
        "name": "Hayworth Trail"
      },
      "geometry": {
        "type": "LineString",
        "coordinates": [
          [
            -83.872607,
            35.9468466
          ],
          [
            -83.8726867,
            35.9468636
          ],
          [
            -83.8727793,
            35.9468728
          ],
          [
            -83.8728544,
            35.946865
          ],
          [
            -83.8729197,
            35.9468388
          ],
          [
            -83.873024,
            35.9467549
          ],
          [
            -83.8733175,
            35.9464856
          ],
          [
            -83.8739728,
            35.9462414
          ],
          [
            -83.8740768,
            35.946233
          ]
        ]
      },
      "id": "way/296974581"
    },
    {
      "type": "Feature",
      "properties": {
        "@id": "way/296974582",
        "bicycle": "no",
        "foot": "yes",
        "highway": "path",
        "horse": "no",
        "name": "Rock Bridge Trail",
        "surface": "dirt"
      },
      "geometry": {
        "type": "LineString",
        "coordinates": [
          [
            -83.8717634,
            35.9488021
          ],
          [
            -83.8718178,
            35.9487882
          ],
          [
            -83.8718661,
            35.9487719
          ],
          [
            -83.8719119,
            35.9487479
          ],
          [
            -83.8719317,
            35.9487336
          ],
          [
            -83.8719424,
            35.9487152
          ],
          [
            -83.8719478,
            35.9486961
          ],
          [
            -83.8719497,
            35.9486734
          ],
          [
            -83.8719506,
            35.9486496
          ],
          [
            -83.8719557,
            35.9486265
          ],
          [
            -83.8719598,
            35.9486024
          ],
          [
            -83.8719626,
            35.9485867
          ],
          [
            -83.871974,
            35.9485682
          ],
          [
            -83.8719936,
            35.9485496
          ],
          [
            -83.8720126,
            35.9485353
          ],
          [
            -83.8720306,
            35.9485194
          ],
          [
            -83.8720469,
            35.9485149
          ],
          [
            -83.8720739,
            35.9485077
          ],
          [
            -83.872087,
            35.9484956
          ],
          [
            -83.8720994,
            35.9484762
          ],
          [
            -83.8721048,
            35.9484441
          ],
          [
            -83.8720963,
            35.9484144
          ],
          [
            -83.872064,
            35.9483807
          ],
          [
            -83.872022,
            35.948343
          ],
          [
            -83.8719894,
            35.9483044
          ],
          [
            -83.8719705,
            35.9482826
          ],
          [
            -83.8719557,
            35.9482706
          ],
          [
            -83.8719383,
            35.9482658
          ],
          [
            -83.8716881,
            35.9484881
          ],
          [
            -83.871665,
            35.9484898
          ],
          [
            -83.8716326,
            35.9484791
          ],
          [
            -83.871591,
            35.9484725
          ],
          [
            -83.8715372,
            35.9484688
          ],
          [
            -83.8714535,
            35.9484621
          ],
          [
            -83.8713362,
            35.9484569
          ],
          [
            -83.8712734,
            35.9484449
          ],
          [
            -83.8712343,
            35.9484339
          ],
          [
            -83.8712117,
            35.9484228
          ],
          [
            -83.8711851,
            35.9484059
          ],
          [
            -83.8711378,
            35.9483718
          ],
          [
            -83.8710955,
            35.9483376
          ],
          [
            -83.8710771,
            35.9483187
          ],
          [
            -83.8710656,
            35.9482984
          ],
          [
            -83.8710602,
            35.9482764
          ],
          [
            -83.871062,
            35.9482478
          ],
          [
            -83.8710649,
            35.9482113
          ],
          [
            -83.8710683,
            35.9481881
          ],
          [
            -83.871068,
            35.9481682
          ],
          [
            -83.8710623,
            35.9481546
          ],
          [
            -83.8710525,
            35.9481476
          ],
          [
            -83.8710388,
            35.94814
          ],
          [
            -83.8710211,
            35.9481358
          ],
          [
            -83.870995,
            35.9481304
          ],
          [
            -83.8709679,
            35.9481284
          ]
        ]
      },
      "id": "way/296974582"
    },
    {
      "type": "Feature",
      "properties": {
        "@id": "way/300803434",
        "foot": "yes",
        "highway": "cycleway",
        "horse": "no",
        "name": "Third Creek Greenway",
        "surface": "asphalt"
      },
      "geometry": {
        "type": "LineString",
        "coordinates": [
          [
            -83.9827299,
            35.9416238
          ],
          [
            -83.9828258,
            35.94157
          ]
        ]
      },
      "id": "way/300803434"
    },
    {
      "type": "Feature",
      "properties": {
        "@id": "way/300803964",
        "bicycle": "designated",
        "foot": "designated",
        "highway": "cycleway",
        "horse": "no",
        "name": "Third Creek Greenway",
        "surface": "asphalt"
      },
      "geometry": {
        "type": "LineString",
        "coordinates": [
          [
            -83.9839187,
            35.9428788
          ],
          [
            -83.9839383,
            35.94291
          ],
          [
            -83.9840375,
            35.9430626
          ],
          [
            -83.9843124,
            35.9434958
          ],
          [
            -83.984525,
            35.9438035
          ]
        ]
      },
      "id": "way/300803964"
    },
    {
      "type": "Feature",
      "properties": {
        "@id": "way/351439754",
        "highway": "path",
        "horse": "no",
        "lit": "no",
        "name": "Sue Clancy Greenway",
        "surface": "paved"
      },
      "geometry": {
        "type": "LineString",
        "coordinates": [
          [
            -83.9424786,
            36.0208519
          ],
          [
            -83.9423672,
            36.0207275
          ],
          [
            -83.9422656,
            36.0206498
          ],
          [
            -83.9420917,
            36.0206056
          ],
          [
            -83.9420285,
            36.0205859
          ],
          [
            -83.9418986,
            36.0205166
          ],
          [
            -83.9417674,
            36.0204181
          ],
          [
            -83.9416195,
            36.0203291
          ],
          [
            -83.9415778,
            36.0202702
          ],
          [
            -83.941527,
            36.020205
          ],
          [
            -83.9414898,
            36.020156
          ],
          [
            -83.9414612,
            36.020088
          ],
          [
            -83.9414337,
            36.0198823
          ],
          [
            -83.9414326,
            36.0198537
          ],
          [
            -83.9414266,
            36.0197039
          ],
          [
            -83.9413986,
            36.0195377
          ]
        ]
      },
      "id": "way/351439754"
    },
    {
      "type": "Feature",
      "properties": {
        "@id": "way/351439755",
        "highway": "path",
        "horse": "no",
        "lit": "no",
        "name": "Sue Clancy Greenway",
        "surface": "paved"
      },
      "geometry": {
        "type": "LineString",
        "coordinates": [
          [
            -83.9424364,
            36.0199783
          ],
          [
            -83.9423442,
            36.0200594
          ],
          [
            -83.9423084,
            36.0201327
          ],
          [
            -83.9422751,
            36.0202096
          ],
          [
            -83.9422592,
            36.0203012
          ],
          [
            -83.9422814,
            36.0203807
          ],
          [
            -83.9423932,
            36.0205439
          ],
          [
            -83.9425741,
            36.0206982
          ],
          [
            -83.942727,
            36.0207727
          ],
          [
            -83.942783,
            36.0207735
          ],
          [
            -83.9430525,
            36.0206808
          ],
          [
            -83.9432855,
            36.0205982
          ],
          [
            -83.9433246,
            36.0205936
          ],
          [
            -83.9433712,
            36.0206036
          ],
          [
            -83.9434064,
            36.0206293
          ],
          [
            -83.9434504,
            36.0206755
          ],
          [
            -83.9435076,
            36.0207644
          ],
          [
            -83.9435086,
            36.0207938
          ],
          [
            -83.9434974,
            36.0208139
          ],
          [
            -83.9434742,
            36.0208338
          ],
          [
            -83.9433193,
            36.0208635
          ],
          [
            -83.9431195,
            36.0208757
          ],
          [
            -83.9427757,
            36.0209063
          ],
          [
            -83.9426605,
            36.0209013
          ],
          [
            -83.9425941,
            36.020893
          ],
          [
            -83.9425489,
            36.0208836
          ],
          [
            -83.9424786,
            36.0208519
          ]
        ]
      },
      "id": "way/351439755"
    },
    {
      "type": "Feature",
      "properties": {
        "@id": "way/351439756",
        "bridge": "yes",
        "highway": "footway",
        "layer": "1",
        "lit": "no",
        "name": "Sue Clancy Greenway",
        "surface": "wood"
      },
      "geometry": {
        "type": "LineString",
        "coordinates": [
          [
            -83.9416195,
            36.0203291
          ],
          [
            -83.9415162,
            36.0204216
          ]
        ]
      },
      "id": "way/351439756"
    },
    {
      "type": "Feature",
      "properties": {
        "@id": "way/351439757",
        "highway": "path",
        "horse": "no",
        "lit": "no",
        "name": "Sue Clancy Greenway",
        "surface": "paved"
      },
      "geometry": {
        "type": "LineString",
        "coordinates": [
          [
            -83.9428371,
            36.0198735
          ],
          [
            -83.9424364,
            36.0199783
          ]
        ]
      },
      "id": "way/351439757"
    },
    {
      "type": "Feature",
      "properties": {
        "@id": "way/351439758",
        "highway": "path",
        "horse": "no",
        "name": "Sue Clancy Greenway",
        "surface": "paved"
      },
      "geometry": {
        "type": "LineString",
        "coordinates": [
          [
            -83.9415162,
            36.0204216
          ],
          [
            -83.9414414,
            36.0203875
          ],
          [
            -83.9413834,
            36.0203385
          ],
          [
            -83.9412312,
            36.0202913
          ],
          [
            -83.9408459,
            36.0201831
          ],
          [
            -83.9405204,
            36.0201122
          ],
          [
            -83.9403896,
            36.0201485
          ],
          [
            -83.940112,
            36.0202672
          ],
          [
            -83.9400813,
            36.0202915
          ],
          [
            -83.9399356,
            36.0204658
          ],
          [
            -83.9397508,
            36.0206133
          ],
          [
            -83.9397518,
            36.0207452
          ],
          [
            -83.9398002,
            36.0208895
          ],
          [
            -83.9399736,
            36.0212154
          ],
          [
            -83.940025,
            36.0213572
          ],
          [
            -83.9400875,
            36.0215381
          ],
          [
            -83.9401158,
            36.0216142
          ],
          [
            -83.9401347,
            36.0216337
          ],
          [
            -83.9401964,
            36.0216594
          ],
          [
            -83.9402546,
            36.0216485
          ],
          [
            -83.9403381,
            36.0216348
          ],
          [
            -83.9405825,
            36.0215727
          ],
          [
            -83.9406988,
            36.021541
          ],
          [
            -83.9410728,
            36.0214923
          ],
          [
            -83.9414302,
            36.021422
          ],
          [
            -83.9417171,
            36.0213468
          ],
          [
            -83.9419746,
            36.0212832
          ],
          [
            -83.9420431,
            36.0212772
          ],
          [
            -83.9423191,
            36.0212872
          ],
          [
            -83.9423849,
            36.0212889
          ],
          [
            -83.9424405,
            36.021281
          ],
          [
            -83.9424755,
            36.0212724
          ],
          [
            -83.9425083,
            36.0212593
          ],
          [
            -83.942521,
            36.0212342
          ],
          [
            -83.9425182,
            36.0212091
          ],
          [
            -83.9425049,
            36.0211782
          ],
          [
            -83.9424652,
            36.021152
          ],
          [
            -83.9423059,
            36.021089
          ],
          [
            -83.9422383,
            36.0210519
          ],
          [
            -83.9423142,
            36.0209879
          ]
        ]
      },
      "id": "way/351439758"
    },
    {
      "type": "Feature",
      "properties": {
        "@id": "way/351439759",
        "highway": "path",
        "horse": "no",
        "lit": "no",
        "name": "Sue Clancy Greenway",
        "surface": "paved"
      },
      "geometry": {
        "type": "LineString",
        "coordinates": [
          [
            -83.9423442,
            36.0200594
          ],
          [
            -83.9422754,
            36.0198736
          ],
          [
            -83.9422524,
            36.0197705
          ],
          [
            -83.9422235,
            36.0195266
          ],
          [
            -83.942136,
            36.0194211
          ],
          [
            -83.9420416,
            36.0193646
          ]
        ]
      },
      "id": "way/351439759"
    },
    {
      "type": "Feature",
      "properties": {
        "@id": "way/351439760",
        "highway": "path",
        "horse": "no",
        "lit": "no",
        "name": "Sue Clancy Greenway",
        "surface": "paved"
      },
      "geometry": {
        "type": "LineString",
        "coordinates": [
          [
            -83.9413986,
            36.0195377
          ],
          [
            -83.9414106,
            36.0194932
          ],
          [
            -83.9414322,
            36.0194626
          ],
          [
            -83.9414841,
            36.0194454
          ],
          [
            -83.9420416,
            36.0193646
          ],
          [
            -83.9424963,
            36.0192746
          ],
          [
            -83.9427118,
            36.0192923
          ],
          [
            -83.9427896,
            36.019394
          ],
          [
            -83.9427777,
            36.0194699
          ],
          [
            -83.9425302,
            36.0195909
          ],
          [
            -83.9424643,
            36.0198088
          ],
          [
            -83.9424364,
            36.0199783
          ]
        ]
      },
      "id": "way/351439760"
    },
    {
      "type": "Feature",
      "properties": {
        "@id": "way/353931405",
        "bicycle": "designated",
        "foot": "designated",
        "highway": "cycleway",
        "lit": "yes",
        "name": "Lakeshore Greenway",
        "surface": "asphalt"
      },
      "geometry": {
        "type": "LineString",
        "coordinates": [
          [
            -83.9923342,
            35.9181605
          ],
          [
            -83.9923318,
            35.9180683
          ],
          [
            -83.9923526,
            35.9179455
          ],
          [
            -83.9923348,
            35.9179047
          ],
          [
            -83.9922832,
            35.9178701
          ],
          [
            -83.9920788,
            35.9178586
          ],
          [
            -83.9919769,
            35.917814
          ],
          [
            -83.9914146,
            35.9174992
          ],
          [
            -83.9911349,
            35.9173576
          ],
          [
            -83.9909684,
            35.9173092
          ],
          [
            -83.9907497,
            35.917277
          ],
          [
            -83.9905969,
            35.9172655
          ],
          [
            -83.9898977,
            35.9172353
          ],
          [
            -83.9898159,
            35.9172492
          ],
          [
            -83.9896936,
            35.9172866
          ],
          [
            -83.9894811,
            35.9172842
          ],
          [
            -83.9894361,
            35.9172924
          ],
          [
            -83.9893934,
            35.9173317
          ],
          [
            -83.9891031,
            35.9183054
          ],
          [
            -83.9890474,
            35.9183634
          ],
          [
            -83.9889537,
            35.9183961
          ],
          [
            -83.9889124,
            35.9183983
          ],
          [
            -83.9888554,
            35.9184014
          ],
          [
            -83.9886541,
            35.9183797
          ],
          [
            -83.9883459,
            35.9185313
          ],
          [
            -83.9881083,
            35.918586
          ]
        ]
      },
      "id": "way/353931405"
    },
    {
      "type": "Feature",
      "properties": {
        "@id": "way/353931414",
        "bicycle": "designated",
        "foot": "designated",
        "highway": "cycleway",
        "name": "Lakeshore Greenway",
        "surface": "asphalt"
      },
      "geometry": {
        "type": "LineString",
        "coordinates": [
          [
            -83.9878794,
            35.9185523
          ],
          [
            -83.9876576,
            35.9184549
          ],
          [
            -83.9874832,
            35.9182826
          ],
          [
            -83.9872967,
            35.9182124
          ],
          [
            -83.9871653,
            35.9182049
          ],
          [
            -83.9869532,
            35.9182669
          ],
          [
            -83.9867818,
            35.9182763
          ],
          [
            -83.9866714,
            35.9182678
          ],
          [
            -83.9865458,
            35.9182401
          ],
          [
            -83.9863286,
            35.9181532
          ],
          [
            -83.9860976,
            35.9181308
          ],
          [
            -83.9859242,
            35.918175
          ],
          [
            -83.9858068,
            35.9182742
          ],
          [
            -83.9857625,
            35.9184229
          ],
          [
            -83.9857268,
            35.9186281
          ],
          [
            -83.9855884,
            35.918832
          ],
          [
            -83.9855744,
            35.9189559
          ],
          [
            -83.9856376,
            35.9191193
          ],
          [
            -83.9857775,
            35.9193051
          ],
          [
            -83.9859888,
            35.919616
          ],
          [
            -83.9861474,
            35.919836
          ],
          [
            -83.9862415,
            35.9199882
          ],
          [
            -83.9863658,
            35.9201414
          ],
          [
            -83.9864306,
            35.9202949
          ],
          [
            -83.9867169,
            35.9210239
          ],
          [
            -83.9867317,
            35.921498
          ],
          [
            -83.9865762,
            35.9218006
          ],
          [
            -83.9864546,
            35.9219683
          ],
          [
            -83.9864549,
            35.9221055
          ],
          [
            -83.9864163,
            35.9222995
          ],
          [
            -83.9864577,
            35.9224569
          ],
          [
            -83.9865793,
            35.9227522
          ],
          [
            -83.9867335,
            35.9231228
          ],
          [
            -83.9867804,
            35.9231866
          ],
          [
            -83.9868056,
            35.9232856
          ],
          [
            -83.986798,
            35.9236059
          ],
          [
            -83.9868215,
            35.9236928
          ],
          [
            -83.9868961,
            35.9237987
          ],
          [
            -83.9869832,
            35.9238462
          ],
          [
            -83.987067,
            35.9238699
          ],
          [
            -83.9871433,
            35.9238903
          ],
          [
            -83.9871894,
            35.9239317
          ],
          [
            -83.9872866,
            35.9241006
          ],
          [
            -83.9873377,
            35.9241373
          ],
          [
            -83.9874869,
            35.924159
          ],
          [
            -83.9878237,
            35.9241861
          ],
          [
            -83.9879335,
            35.9242126
          ],
          [
            -83.9879528,
            35.9242547
          ],
          [
            -83.9879335,
            35.9243205
          ],
          [
            -83.9877567,
            35.9245723
          ],
          [
            -83.9877592,
            35.9245913
          ]
        ]
      },
      "id": "way/353931414"
    },
    {
      "type": "Feature",
      "properties": {
        "@id": "way/356102882",
        "bicycle": "designated",
        "foot": "designated",
        "highway": "cycleway",
        "name": "Victor Ashe Greenway",
        "oneway": "no",
        "segregated": "no",
        "surface": "paved"
      },
      "geometry": {
        "type": "LineString",
        "coordinates": [
          [
            -83.996104,
            35.9824113
          ],
          [
            -83.996186,
            35.9824947
          ],
          [
            -83.9963121,
            35.9825463
          ],
          [
            -83.9963737,
            35.9825833
          ],
          [
            -83.9964149,
            35.9826349
          ],
          [
            -83.9964415,
            35.9827021
          ],
          [
            -83.9964569,
            35.9827427
          ],
          [
            -83.9964412,
            35.9827604
          ],
          [
            -83.9963458,
            35.9828295
          ],
          [
            -83.9962858,
            35.982861
          ],
          [
            -83.9962378,
            35.9829141
          ],
          [
            -83.9962113,
            35.9829712
          ],
          [
            -83.996201,
            35.9830252
          ],
          [
            -83.9961206,
            35.9830677
          ]
        ]
      },
      "id": "way/356102882"
    },
    {
      "type": "Feature",
      "properties": {
        "@id": "way/356102891",
        "bicycle": "designated",
        "foot": "designated",
        "highway": "cycleway",
        "name": "Victor Ashe Greenway",
        "oneway": "no",
        "segregated": "no",
        "surface": "paved"
      },
      "geometry": {
        "type": "LineString",
        "coordinates": [
          [
            -83.9940276,
            35.9813391
          ],
          [
            -83.9937731,
            35.9814694
          ],
          [
            -83.9936299,
            35.981582
          ],
          [
            -83.9934987,
            35.9817091
          ],
          [
            -83.9933575,
            35.9819263
          ],
          [
            -83.993286,
            35.982121
          ],
          [
            -83.9932303,
            35.9823462
          ],
          [
            -83.9931965,
            35.9826277
          ],
          [
            -83.9931925,
            35.9827468
          ],
          [
            -83.9932143,
            35.9829465
          ],
          [
            -83.9932394,
            35.9830704
          ],
          [
            -83.9932913,
            35.9832275
          ],
          [
            -83.9933536,
            35.9833919
          ],
          [
            -83.9934053,
            35.983502
          ],
          [
            -83.9934616,
            35.9836024
          ],
          [
            -83.993517,
            35.9836854
          ],
          [
            -83.9935743,
            35.9837727
          ],
          [
            -83.9936462,
            35.9838606
          ],
          [
            -83.9937365,
            35.9839509
          ],
          [
            -83.993834,
            35.9840319
          ],
          [
            -83.9939385,
            35.9841008
          ],
          [
            -83.9940397,
            35.9841566
          ],
          [
            -83.9941465,
            35.9842019
          ],
          [
            -83.9942589,
            35.984243
          ],
          [
            -83.9944072,
            35.9842809
          ],
          [
            -83.9945592,
            35.9843075
          ],
          [
            -83.9946696,
            35.9843182
          ],
          [
            -83.994771,
            35.9843197
          ],
          [
            -83.9948877,
            35.9843111
          ],
          [
            -83.995048,
            35.9842895
          ],
          [
            -83.9951609,
            35.9842678
          ],
          [
            -83.9952859,
            35.9842312
          ],
          [
            -83.9954096,
            35.9841803
          ],
          [
            -83.9955105,
            35.9841268
          ],
          [
            -83.9956441,
            35.9840495
          ],
          [
            -83.9957579,
            35.9839597
          ],
          [
            -83.9958847,
            35.983831
          ],
          [
            -83.9959688,
            35.9837104
          ],
          [
            -83.9960246,
            35.9836058
          ],
          [
            -83.9960813,
            35.9834681
          ],
          [
            -83.9961193,
            35.9833544
          ],
          [
            -83.996143,
            35.9832671
          ],
          [
            -83.9961607,
            35.9831672
          ],
          [
            -83.9961522,
            35.9831089
          ],
          [
            -83.9961206,
            35.9830677
          ],
          [
            -83.9960954,
            35.9830576
          ],
          [
            -83.9959829,
            35.9830199
          ],
          [
            -83.9959127,
            35.9829837
          ],
          [
            -83.9958563,
            35.9829322
          ],
          [
            -83.9958143,
            35.9828638
          ],
          [
            -83.9957992,
            35.9828154
          ],
          [
            -83.9957955,
            35.9827699
          ],
          [
            -83.9958023,
            35.9827282
          ],
          [
            -83.9958212,
            35.9826855
          ],
          [
            -83.9958524,
            35.9826431
          ],
          [
            -83.9959132,
            35.9825933
          ],
          [
            -83.9959963,
            35.9825394
          ],
          [
            -83.9960302,
            35.9825147
          ],
          [
            -83.996104,
            35.9824113
          ],
          [
            -83.9960851,
            35.9820823
          ],
          [
            -83.9960562,
            35.9819375
          ],
          [
            -83.9959956,
            35.981779
          ],
          [
            -83.9959747,
            35.9817437
          ],
          [
            -83.9959022,
            35.9816608
          ],
          [
            -83.9955025,
            35.9814219
          ],
          [
            -83.9952331,
            35.981294
          ],
          [
            -83.9949896,
            35.9812489
          ],
          [
            -83.9947947,
            35.9812224
          ],
          [
            -83.9945874,
            35.981216
          ],
          [
            -83.9943583,
            35.9812361
          ],
          [
            -83.9941704,
            35.9812883
          ],
          [
            -83.9940276,
            35.9813391
          ]
        ]
      },
      "id": "way/356102891"
    },
    {
      "type": "Feature",
      "properties": {
        "@id": "way/356102895",
        "bicycle": "designated",
        "foot": "designated",
        "highway": "cycleway",
        "name": "Victor Ashe Greenway",
        "oneway": "no",
        "segregated": "no",
        "surface": "paved"
      },
      "geometry": {
        "type": "LineString",
        "coordinates": [
          [
            -83.9964569,
            35.9827427
          ],
          [
            -83.9965217,
            35.9826815
          ],
          [
            -83.9965952,
            35.9826295
          ],
          [
            -83.9966546,
            35.9826067
          ],
          [
            -83.9967845,
            35.9825853
          ],
          [
            -83.9969384,
            35.9825404
          ],
          [
            -83.9971353,
            35.982491
          ],
          [
            -83.9972798,
            35.9824741
          ],
          [
            -83.9974346,
            35.982466
          ],
          [
            -83.9975597,
            35.9824517
          ],
          [
            -83.9976854,
            35.9824092
          ],
          [
            -83.9977935,
            35.9823177
          ],
          [
            -83.9979792,
            35.9821089
          ],
          [
            -83.9980739,
            35.9820011
          ],
          [
            -83.9981208,
            35.9819436
          ],
          [
            -83.9981378,
            35.9819126
          ],
          [
            -83.9981442,
            35.9818806
          ],
          [
            -83.9981465,
            35.9818335
          ],
          [
            -83.9981362,
            35.981785
          ],
          [
            -83.9981181,
            35.9817419
          ],
          [
            -83.9980902,
            35.981699
          ],
          [
            -83.9980558,
            35.9816566
          ],
          [
            -83.9979966,
            35.9816086
          ],
          [
            -83.9978498,
            35.9815173
          ],
          [
            -83.9977969,
            35.9814822
          ],
          [
            -83.9977494,
            35.9814416
          ],
          [
            -83.9977341,
            35.9814033
          ],
          [
            -83.9977219,
            35.9813562
          ],
          [
            -83.9977112,
            35.9812951
          ],
          [
            -83.997707,
            35.9812215
          ],
          [
            -83.9977063,
            35.9811676
          ],
          [
            -83.9977086,
            35.9811148
          ],
          [
            -83.9977303,
            35.9810304
          ],
          [
            -83.9977855,
            35.9808482
          ],
          [
            -83.9978008,
            35.9808083
          ],
          [
            -83.9978289,
            35.9807603
          ],
          [
            -83.9978648,
            35.9807284
          ],
          [
            -83.9978974,
            35.9807021
          ],
          [
            -83.9979462,
            35.9806815
          ],
          [
            -83.9980264,
            35.980665
          ],
          [
            -83.9981298,
            35.9806597
          ],
          [
            -83.9982452,
            35.9806563
          ],
          [
            -83.9983912,
            35.9806642
          ],
          [
            -83.9986083,
            35.9806914
          ],
          [
            -83.9990599,
            35.9807479
          ],
          [
            -83.9993142,
            35.9807869
          ],
          [
            -83.9994963,
            35.9808036
          ],
          [
            -83.9996789,
            35.9808052
          ],
          [
            -83.9999332,
            35.980809
          ],
          [
            -84.0002012,
            35.9808231
          ],
          [
            -84.0006736,
            35.9808733
          ],
          [
            -84.0010588,
            35.9809043
          ],
          [
            -84.0011845,
            35.980918
          ],
          [
            -84.0015442,
            35.9809573
          ],
          [
            -84.0016991,
            35.9809656
          ],
          [
            -84.0018889,
            35.9809758
          ],
          [
            -84.0020365,
            35.9809622
          ],
          [
            -84.0022755,
            35.9809383
          ],
          [
            -84.0027408,
            35.9810027
          ],
          [
            -84.0030186,
            35.9811047
          ],
          [
            -84.0032771,
            35.9812336
          ],
          [
            -84.0034407,
            35.981311
          ],
          [
            -84.0035267,
            35.9813615
          ],
          [
            -84.0036828,
            35.9814297
          ],
          [
            -84.0038318,
            35.9815446
          ],
          [
            -84.0038993,
            35.9816356
          ],
          [
            -84.0039344,
            35.98168
          ],
          [
            -84.0039935,
            35.9817005
          ],
          [
            -84.0040891,
            35.9816868
          ],
          [
            -84.0042549,
            35.9816652
          ],
          [
            -84.0043857,
            35.9816823
          ],
          [
            -84.0044377,
            35.9817028
          ],
          [
            -84.004452,
            35.9817457
          ]
        ]
      },
      "id": "way/356102895"
    },
    {
      "type": "Feature",
      "properties": {
        "@id": "way/367698029",
        "bicycle": "designated",
        "bridge": "yes",
        "foot": "designated",
        "highway": "cycleway",
        "layer": "1",
        "name": "Knox-Blount Greenway",
        "oneway": "no",
        "segregated": "no",
        "surface": "concrete"
      },
      "geometry": {
        "type": "LineString",
        "coordinates": [
          [
            -83.9443681,
            35.9481937
          ],
          [
            -83.9446605,
            35.9479229
          ],
          [
            -83.9470076,
            35.9457494
          ]
        ]
      },
      "id": "way/367698029"
    },
    {
      "type": "Feature",
      "properties": {
        "@id": "way/367698030",
        "bicycle": "designated",
        "foot": "designated",
        "highway": "cycleway",
        "name": "Knox-Blount Greenway",
        "oneway": "no",
        "segregated": "no",
        "surface": "paved"
      },
      "geometry": {
        "type": "LineString",
        "coordinates": [
          [
            -83.9470076,
            35.9457494
          ],
          [
            -83.9470494,
            35.9457107
          ],
          [
            -83.9471044,
            35.9456217
          ],
          [
            -83.9470808,
            35.9454914
          ],
          [
            -83.9470049,
            35.9454162
          ]
        ]
      },
      "id": "way/367698030"
    },
    {
      "type": "Feature",
      "properties": {
        "@id": "way/375629704",
        "abandoned:railway": "rail",
        "bicycle": "designated",
        "foot": "designated",
        "highway": "path",
        "historic:electrified": "no",
        "historic:gauge": "1435",
        "historic:service": "spur",
        "layer": "-1",
        "name": "SoKno Rail Trail",
        "old_name": "KXHR (K&A Branch Line)",
        "proposed": "cycleway",
        "start_date": "2026",
        "surface": "unpaved",
        "tiger:cfcc": "B11",
        "tiger:county": "Knox, TN",
        "tiger:name_base": "Southern Railway",
        "tunnel": "yes",
        "usage": "industrial"
      },
      "geometry": {
        "type": "LineString",
        "coordinates": [
          [
            -83.912346,
            35.9548359
          ],
          [
            -83.9122053,
            35.9548827
          ],
          [
            -83.9112432,
            35.9552254
          ],
          [
            -83.9111644,
            35.9552492
          ]
        ]
      },
      "id": "way/375629704"
    },
    {
      "type": "Feature",
      "properties": {
        "@id": "way/375629706",
        "abandoned:railway": "rail",
        "bicycle": "designated",
        "foot": "designated",
        "highway": "path",
        "historic:electrified": "no",
        "historic:gauge": "1435",
        "historic:service": "spur",
        "name": "SoKno Rail Trail",
        "old_name": "KXHR (K&A Branch Line)",
        "proposed": "cycleway",
        "start_date": "2026",
        "surface": "unpaved",
        "tiger:cfcc": "B11",
        "tiger:county": "Knox, TN",
        "tiger:name_base": "Southern Railway",
        "tiger:reviewed": "no",
        "usage": "industrial"
      },
      "geometry": {
        "type": "LineString",
        "coordinates": [
          [
            -83.9111644,
            35.9552492
          ],
          [
            -83.910297,
            35.9553599
          ],
          [
            -83.9097789,
            35.955469
          ],
          [
            -83.9094454,
            35.9555658
          ],
          [
            -83.9093195,
            35.9556006
          ],
          [
            -83.9088531,
            35.9557999
          ],
          [
            -83.9083535,
            35.9560596
          ],
          [
            -83.9081105,
            35.9562224
          ],
          [
            -83.9078773,
            35.9563875
          ],
          [
            -83.9075235,
            35.9566824
          ],
          [
            -83.9073308,
            35.9568924
          ],
          [
            -83.9068588,
            35.9574138
          ]
        ]
      },
      "id": "way/375629706"
    },
    {
      "type": "Feature",
      "properties": {
        "@id": "way/383493561",
        "abandoned:railway": "rail",
        "bicycle": "designated",
        "bridge": "yes",
        "foot": "designated",
        "highway": "path",
        "historic:electrified": "no",
        "historic:gauge": "1435",
        "historic:service": "spur",
        "layer": "1",
        "name": "SoKno Rail Trail",
        "old_name": "KXHR (K&A Branch Line)",
        "proposed": "cycleway",
        "start_date": "2026",
        "surface": "unpaved",
        "tiger:cfcc": "B11",
        "tiger:county": "Knox, TN",
        "tiger:name_base": "Southern Railway",
        "usage": "industrial"
      },
      "geometry": {
        "type": "LineString",
        "coordinates": [
          [
            -83.8786661,
            35.9531488
          ],
          [
            -83.8789322,
            35.9533156
          ],
          [
            -83.8792109,
            35.9534654
          ]
        ]
      },
      "id": "way/383493561"
    },
    {
      "type": "Feature",
      "properties": {
        "@id": "way/383493562",
        "abandoned:railway": "rail",
        "bicycle": "designated",
        "foot": "designated",
        "highway": "path",
        "historic:electrified": "no",
        "historic:gauge": "1435",
        "historic:service": "spur",
        "name": "SoKno Rail Trail",
        "old_name": "KXHR (K&A Branch Line)",
        "proposed": "cycleway",
        "start_date": "2026",
        "surface": "unpaved",
        "tiger:cfcc": "B11",
        "tiger:county": "Knox, TN",
        "tiger:name_base": "Southern Railway",
        "tiger:reviewed": "no",
        "usage": "industrial"
      },
      "geometry": {
        "type": "LineString",
        "coordinates": [
          [
            -83.8633213,
            35.9537616
          ],
          [
            -83.8634224,
            35.9537046
          ],
          [
            -83.8639779,
            35.953346
          ],
          [
            -83.8645208,
            35.9529721
          ],
          [
            -83.865165,
            35.9524853
          ],
          [
            -83.8653192,
            35.9523757
          ],
          [
            -83.8657513,
            35.9520448
          ],
          [
            -83.8658192,
            35.9519928
          ],
          [
            -83.8662585,
            35.9516772
          ],
          [
            -83.8663742,
            35.9515949
          ],
          [
            -83.8665184,
            35.9514848
          ],
          [
            -83.866831,
            35.9512456
          ],
          [
            -83.8669586,
            35.9511412
          ],
          [
            -83.8670757,
            35.9510198
          ],
          [
            -83.8672773,
            35.9507389
          ],
          [
            -83.8676389,
            35.9499483
          ],
          [
            -83.8677702,
            35.9496525
          ],
          [
            -83.8679329,
            35.9493702
          ],
          [
            -83.8681795,
            35.9491236
          ],
          [
            -83.8683152,
            35.9490303
          ],
          [
            -83.8684654,
            35.9489471
          ],
          [
            -83.8686786,
            35.9488464
          ],
          [
            -83.8690154,
            35.94877
          ],
          [
            -83.8693247,
            35.9487538
          ],
          [
            -83.8696402,
            35.9487646
          ],
          [
            -83.8703936,
            35.9487907
          ],
          [
            -83.8708252,
            35.9488313
          ],
          [
            -83.871238,
            35.9489023
          ],
          [
            -83.8732447,
            35.949281
          ],
          [
            -83.8742386,
            35.9494409
          ],
          [
            -83.8746552,
            35.9494584
          ],
          [
            -83.8749939,
            35.9494431
          ],
          [
            -83.8753173,
            35.9494325
          ],
          [
            -83.8756592,
            35.9494596
          ],
          [
            -83.875839,
            35.9494952
          ],
          [
            -83.8760209,
            35.9495477
          ],
          [
            -83.8762647,
            35.9496361
          ],
          [
            -83.8764831,
            35.9497677
          ],
          [
            -83.8767117,
            35.9499322
          ],
          [
            -83.8769584,
            35.9502126
          ],
          [
            -83.8770448,
            35.9503491
          ],
          [
            -83.877103,
            35.950483
          ],
          [
            -83.8773923,
            35.9511678
          ],
          [
            -83.8774973,
            35.9514388
          ],
          [
            -83.8775926,
            35.9516664
          ],
          [
            -83.8778863,
            35.9523163
          ],
          [
            -83.8780605,
            35.9525636
          ],
          [
            -83.878266,
            35.9528126
          ],
          [
            -83.8784598,
            35.95299
          ],
          [
            -83.8786661,
            35.9531488
          ]
        ]
      },
      "id": "way/383493562"
    },
    {
      "type": "Feature",
      "properties": {
        "@id": "way/410048531",
        "foot": "yes",
        "highway": "cycleway",
        "name": "Third Creek Greenway",
        "surface": "asphalt"
      },
      "geometry": {
        "type": "LineString",
        "coordinates": [
          [
            -83.9661018,
            35.9484822
          ],
          [
            -83.9661634,
            35.9484403
          ]
        ]
      },
      "id": "way/410048531"
    },
    {
      "type": "Feature",
      "properties": {
        "@id": "way/410048532",
        "bridge": "yes",
        "foot": "yes",
        "highway": "cycleway",
        "layer": "1",
        "name": "Third Creek Greenway",
        "surface": "asphalt"
      },
      "geometry": {
        "type": "LineString",
        "coordinates": [
          [
            -83.9661634,
            35.9484403
          ],
          [
            -83.966321,
            35.9483505
          ]
        ]
      },
      "id": "way/410048532"
    },
    {
      "type": "Feature",
      "properties": {
        "@id": "way/435490964",
        "access": "permissive",
        "bicycle": "designated",
        "foot": "designated",
        "highway": "cycleway",
        "horse": "no",
        "motor_vehicle": "no",
        "name": "Jean Teague Greenway",
        "surface": "asphalt",
        "tiger:cfcc": "A41",
        "tiger:county": "Knox, TN",
        "tiger:name_base": "Walker Springs",
        "tiger:name_direction_prefix": "E",
        "tiger:name_type": "Ln",
        "tiger:reviewed": "no",
        "tiger:zip_left": "37923",
        "tiger:zip_right": "37923",
        "width": "2.4"
      },
      "geometry": {
        "type": "LineString",
        "coordinates": [
          [
            -84.0471533,
            35.9301902
          ],
          [
            -84.0472034,
            35.9301642
          ],
          [
            -84.0472224,
            35.9301543
          ],
          [
            -84.0473435,
            35.9301298
          ],
          [
            -84.0474849,
            35.9301251
          ],
          [
            -84.047554,
            35.9300894
          ],
          [
            -84.048118,
            35.9297957
          ],
          [
            -84.0482135,
            35.9297481
          ],
          [
            -84.0483286,
            35.9297269
          ],
          [
            -84.048488,
            35.929674
          ],
          [
            -84.048642,
            35.929599
          ],
          [
            -84.0487159,
            35.929557
          ],
          [
            -84.048774,
            35.929502
          ],
          [
            -84.049301,
            35.928964
          ],
          [
            -84.049694,
            35.928724
          ],
          [
            -84.049885,
            35.928631
          ],
          [
            -84.050344,
            35.928487
          ],
          [
            -84.050992,
            35.92824
          ],
          [
            -84.05108,
            35.928228
          ],
          [
            -84.051169,
            35.928234
          ],
          [
            -84.051332,
            35.928292
          ],
          [
            -84.051419,
            35.928307
          ],
          [
            -84.05155,
            35.928284
          ],
          [
            -84.051829,
            35.928171
          ],
          [
            -84.052282,
            35.927936
          ],
          [
            -84.052485,
            35.927862
          ],
          [
            -84.052751,
            35.927832
          ],
          [
            -84.05284,
            35.927839
          ],
          [
            -84.053055,
            35.927887
          ],
          [
            -84.053142,
            35.927877
          ],
          [
            -84.053212,
            35.927832
          ],
          [
            -84.053273,
            35.927736
          ],
          [
            -84.053351,
            35.927307
          ],
          [
            -84.053405,
            35.927132
          ],
          [
            -84.053467,
            35.927037
          ],
          [
            -84.053606,
            35.926946
          ],
          [
            -84.05392,
            35.926806
          ],
          [
            -84.054047,
            35.926772
          ],
          [
            -84.0544334,
            35.926759
          ]
        ]
      },
      "id": "way/435490964"
    },
    {
      "type": "Feature",
      "properties": {
        "@id": "way/435491248",
        "bicycle": "designated",
        "foot": "designated",
        "highway": "cycleway",
        "name": "Cavet Station Greenway",
        "oneway": "no",
        "surface": "asphalt",
        "width": "2.4"
      },
      "geometry": {
        "type": "LineString",
        "coordinates": [
          [
            -84.0598214,
            35.9298414
          ],
          [
            -84.0599294,
            35.9300405
          ],
          [
            -84.0601041,
            35.9302875
          ],
          [
            -84.060167,
            35.9303605
          ],
          [
            -84.0602714,
            35.9304175
          ],
          [
            -84.0604931,
            35.9304425
          ],
          [
            -84.0610449,
            35.9305483
          ],
          [
            -84.0618436,
            35.9308865
          ],
          [
            -84.0622777,
            35.931131
          ],
          [
            -84.0623692,
            35.9312268
          ],
          [
            -84.0623967,
            35.9312641
          ],
          [
            -84.0624178,
            35.9312953
          ],
          [
            -84.0624291,
            35.9313121
          ],
          [
            -84.0624765,
            35.9314998
          ],
          [
            -84.0624944,
            35.9318206
          ],
          [
            -84.0625419,
            35.9321526
          ],
          [
            -84.062535,
            35.9322641
          ],
          [
            -84.0623761,
            35.9326122
          ],
          [
            -84.061988,
            35.9333682
          ],
          [
            -84.0619519,
            35.9334309
          ],
          [
            -84.0619121,
            35.9335479
          ],
          [
            -84.0618259,
            35.9343388
          ],
          [
            -84.0611028,
            35.9354487
          ],
          [
            -84.0601696,
            35.9369512
          ],
          [
            -84.0601132,
            35.9370481
          ],
          [
            -84.0600171,
            35.9372455
          ],
          [
            -84.0599365,
            35.9374443
          ],
          [
            -84.0598744,
            35.9376811
          ],
          [
            -84.0597244,
            35.9385209
          ],
          [
            -84.0596772,
            35.9387843
          ],
          [
            -84.0596141,
            35.9391386
          ],
          [
            -84.0595588,
            35.9394413
          ],
          [
            -84.0595457,
            35.9395648
          ],
          [
            -84.059538,
            35.9397334
          ],
          [
            -84.0595456,
            35.9398628
          ],
          [
            -84.0595804,
            35.9400566
          ],
          [
            -84.0596157,
            35.9401988
          ],
          [
            -84.0596598,
            35.9403046
          ],
          [
            -84.0596772,
            35.9403597
          ],
          [
            -84.0596705,
            35.9404332
          ],
          [
            -84.0597013,
            35.9405002
          ],
          [
            -84.0597327,
            35.9405496
          ],
          [
            -84.0597917,
            35.9405816
          ],
          [
            -84.059857,
            35.9406489
          ],
          [
            -84.0599068,
            35.9407314
          ],
          [
            -84.0601853,
            35.9411932
          ],
          [
            -84.0603034,
            35.9413843
          ],
          [
            -84.0604214,
            35.9416535
          ],
          [
            -84.0604503,
            35.9417724
          ],
          [
            -84.0604321,
            35.9418446
          ]
        ]
      },
      "id": "way/435491248"
    },
    {
      "type": "Feature",
      "properties": {
        "@id": "way/464615291",
        "bicycle": "designated",
        "foot": "designated",
        "highway": "cycleway",
        "name": "Neyland Greenway",
        "surface": "paved"
      },
      "geometry": {
        "type": "LineString",
        "coordinates": [
          [
            -83.9399513,
            35.9442303
          ],
          [
            -83.9400266,
            35.9443088
          ],
          [
            -83.9402347,
            35.9444964
          ],
          [
            -83.9403603,
            35.9445647
          ],
          [
            -83.9406568,
            35.9447189
          ],
          [
            -83.9407608,
            35.944792
          ],
          [
            -83.9408276,
            35.9448985
          ],
          [
            -83.9409297,
            35.9450749
          ],
          [
            -83.9411025,
            35.9452021
          ],
          [
            -83.9412065,
            35.9452927
          ],
          [
            -83.9412949,
            35.945404
          ],
          [
            -83.9414048,
            35.9454866
          ],
          [
            -83.9415068,
            35.9455711
          ],
          [
            -83.9415717,
            35.9456249
          ],
          [
            -83.9417582,
            35.9457775
          ],
          [
            -83.9418682,
            35.9458411
          ],
          [
            -83.9420056,
            35.9459046
          ],
          [
            -83.9420684,
            35.9459507
          ],
          [
            -83.9421097,
            35.946035
          ],
          [
            -83.9422675,
            35.9461265
          ],
          [
            -83.9423747,
            35.9462209
          ]
        ]
      },
      "id": "way/464615291"
    },
    {
      "type": "Feature",
      "properties": {
        "@id": "way/464615293",
        "bicycle": "designated",
        "bridge": "yes",
        "foot": "designated",
        "highway": "cycleway",
        "layer": "1",
        "name": "Neyland Greenway",
        "oneway": "no",
        "segregated": "no",
        "surface": "paved"
      },
      "geometry": {
        "type": "LineString",
        "coordinates": [
          [
            -83.9352631,
            35.9433245
          ],
          [
            -83.935851,
            35.9432358
          ]
        ]
      },
      "id": "way/464615293"
    },
    {
      "type": "Feature",
      "properties": {
        "@id": "way/468409233",
        "bicycle": "designated",
        "foot": "designated",
        "highway": "cycleway",
        "name": "Knox-Blount Greenway",
        "oneway": "no",
        "segregated": "no",
        "surface": "paved"
      },
      "geometry": {
        "type": "LineString",
        "coordinates": [
          [
            -83.9508059,
            35.9295793
          ],
          [
            -83.950835,
            35.9298612
          ],
          [
            -83.9508142,
            35.9301535
          ],
          [
            -83.9508693,
            35.9302941
          ],
          [
            -83.9508026,
            35.9306389
          ],
          [
            -83.9508066,
            35.9308193
          ],
          [
            -83.9508754,
            35.9312127
          ],
          [
            -83.9508573,
            35.9314914
          ],
          [
            -83.9508535,
            35.9317148
          ],
          [
            -83.9508777,
            35.9320058
          ],
          [
            -83.9508629,
            35.9321975
          ],
          [
            -83.9508134,
            35.9323018
          ],
          [
            -83.9507748,
            35.9323977
          ],
          [
            -83.9507534,
            35.9325093
          ],
          [
            -83.9507969,
            35.9326311
          ],
          [
            -83.9508564,
            35.9328114
          ],
          [
            -83.9508777,
            35.9330379
          ],
          [
            -83.950876,
            35.9333875
          ],
          [
            -83.9509535,
            35.9338508
          ],
          [
            -83.9509874,
            35.9340287
          ],
          [
            -83.9510393,
            35.9341952
          ],
          [
            -83.9511231,
            35.9343375
          ],
          [
            -83.9512816,
            35.9345208
          ],
          [
            -83.9515799,
            35.934938
          ],
          [
            -83.9519145,
            35.9352931
          ],
          [
            -83.9520028,
            35.9353957
          ],
          [
            -83.9521356,
            35.9355904
          ],
          [
            -83.9523843,
            35.9357902
          ],
          [
            -83.9526022,
            35.9360227
          ],
          [
            -83.9527832,
            35.9362741
          ],
          [
            -83.9529862,
            35.936628
          ],
          [
            -83.9531739,
            35.9369566
          ],
          [
            -83.9533673,
            35.9372295
          ],
          [
            -83.9536011,
            35.9376007
          ],
          [
            -83.9539469,
            35.938405
          ],
          [
            -83.9541902,
            35.9390303
          ],
          [
            -83.9545295,
            35.9398476
          ],
          [
            -83.954804,
            35.9404873
          ],
          [
            -83.9550623,
            35.9410884
          ],
          [
            -83.955147,
            35.9414169
          ],
          [
            -83.9551829,
            35.941727
          ],
          [
            -83.9551938,
            35.9418876
          ],
          [
            -83.9552165,
            35.9421721
          ],
          [
            -83.9552684,
            35.9427118
          ],
          [
            -83.9552507,
            35.9432318
          ],
          [
            -83.9552379,
            35.9438849
          ],
          [
            -83.9552036,
            35.9442235
          ],
          [
            -83.9550946,
            35.9448593
          ],
          [
            -83.9548954,
            35.94555
          ],
          [
            -83.9545442,
            35.9463075
          ],
          [
            -83.9543458,
            35.9466303
          ],
          [
            -83.9541761,
            35.9468571
          ],
          [
            -83.9539263,
            35.9471209
          ],
          [
            -83.953697,
            35.9473251
          ],
          [
            -83.9533894,
            35.9475298
          ],
          [
            -83.9531775,
            35.9476583
          ],
          [
            -83.9529428,
            35.9477809
          ],
          [
            -83.9526673,
            35.9478536
          ],
          [
            -83.952284,
            35.9478922
          ],
          [
            -83.9519913,
            35.9478624
          ],
          [
            -83.9517759,
            35.9479095
          ],
          [
            -83.9514726,
            35.9479581
          ],
          [
            -83.9510722,
            35.9479675
          ],
          [
            -83.950843,
            35.947943
          ],
          [
            -83.9505732,
            35.9478864
          ],
          [
            -83.9500489,
            35.9477715
          ],
          [
            -83.9496178,
            35.9476164
          ],
          [
            -83.9489153,
            35.9473447
          ],
          [
            -83.9481889,
            35.9470557
          ],
          [
            -83.9477322,
            35.9468023
          ],
          [
            -83.9476103,
            35.9467025
          ],
          [
            -83.9471302,
            35.9463592
          ],
          [
            -83.9466778,
            35.9459225
          ],
          [
            -83.9466339,
            35.9458229
          ],
          [
            -83.9466515,
            35.9456848
          ],
          [
            -83.9466792,
            35.9456037
          ],
          [
            -83.9467305,
            35.9455368
          ],
          [
            -83.9469293,
            35.9453871
          ],
          [
            -83.9470049,
            35.9454162
          ]
        ]
      },
      "id": "way/468409233"
    },
    {
      "type": "Feature",
      "properties": {
        "@id": "way/469891518",
        "bicycle": "designated",
        "foot": "designated",
        "highway": "cycleway",
        "horse": "no",
        "name": "Suttree Landing River Walk Greenway",
        "oneway": "no",
        "segregated": "no",
        "surface": "paved"
      },
      "geometry": {
        "type": "LineString",
        "coordinates": [
          [
            -83.9087212,
            35.9603859
          ],
          [
            -83.9087007,
            35.9604243
          ],
          [
            -83.9081683,
            35.9607455
          ],
          [
            -83.9077061,
            35.9610089
          ],
          [
            -83.9072382,
            35.9612263
          ],
          [
            -83.9067321,
            35.9614092
          ],
          [
            -83.9063712,
            35.9615063
          ],
          [
            -83.9062344,
            35.9615408
          ],
          [
            -83.9055299,
            35.9616789
          ],
          [
            -83.9052208,
            35.9617037
          ],
          [
            -83.9048656,
            35.9617298
          ],
          [
            -83.9042702,
            35.9617238
          ],
          [
            -83.9038471,
            35.961723
          ],
          [
            -83.9036451,
            35.9617376
          ],
          [
            -83.903192,
            35.9618117
          ],
          [
            -83.9031193,
            35.9618018
          ],
          [
            -83.9029868,
            35.9617839
          ],
          [
            -83.9026381,
            35.9617366
          ]
        ]
      },
      "id": "way/469891518"
    },
    {
      "type": "Feature",
      "properties": {
        "@id": "way/480242207",
        "bicycle": "designated",
        "foot": "designated",
        "highway": "cycleway",
        "name": "Competine Trail"
      },
      "geometry": {
        "type": "LineString",
        "coordinates": [
          [
            -93.1110915,
            41.3226668
          ],
          [
            -93.1111354,
            41.3226526
          ],
          [
            -93.1112126,
            41.3226038
          ],
          [
            -93.111248,
            41.32254
          ],
          [
            -93.1112975,
            41.322439
          ],
          [
            -93.1113506,
            41.3223566
          ],
          [
            -93.1114427,
            41.3222742
          ],
          [
            -93.1115559,
            41.3222131
          ],
          [
            -93.1117116,
            41.3221599
          ],
          [
            -93.1118638,
            41.3221333
          ],
          [
            -93.1130034,
            41.3221413
          ],
          [
            -93.11346,
            41.3222237
          ],
          [
            -93.1137833,
            41.3222219
          ],
          [
            -93.1143142,
            41.322219
          ],
          [
            -93.1144569,
            41.3222182
          ],
          [
            -93.1144944,
            41.322218
          ],
          [
            -93.1149815,
            41.3222201
          ],
          [
            -93.115417,
            41.322222
          ],
          [
            -93.1154138,
            41.3214936
          ],
          [
            -93.115519,
            41.3214933
          ],
          [
            -93.1178108,
            41.3214873
          ],
          [
            -93.1180388,
            41.321485
          ],
          [
            -93.1180264,
            41.3213785
          ],
          [
            -93.118048,
            41.3212559
          ],
          [
            -93.1181158,
            41.3211564
          ],
          [
            -93.1181558,
            41.3210222
          ],
          [
            -93.1181845,
            41.3207495
          ],
          [
            -93.1181836,
            41.3206482
          ],
          [
            -93.1187043,
            41.3206566
          ],
          [
            -93.1188583,
            41.3206288
          ],
          [
            -93.118997,
            41.3205687
          ],
          [
            -93.1190894,
            41.3204599
          ],
          [
            -93.1191017,
            41.3203303
          ],
          [
            -93.1190995,
            41.3200906
          ],
          [
            -93.1190959,
            41.3194366
          ],
          [
            -93.1190959,
            41.3190131
          ],
          [
            -93.1190707,
            41.3189591
          ],
          [
            -93.11906,
            41.318827
          ],
          [
            -93.1189871,
            41.3181089
          ],
          [
            -93.1189558,
            41.3180233
          ],
          [
            -93.1189415,
            41.3173087
          ],
          [
            -93.1189433,
            41.3171981
          ],
          [
            -93.1189087,
            41.3170837
          ],
          [
            -93.118909,
            41.3170311
          ]
        ]
      },
      "id": "way/480242207"
    },
    {
      "type": "Feature",
      "properties": {
        "@id": "way/480242213",
        "bicycle": "designated",
        "foot": "designated",
        "highway": "cycleway",
        "name": "Competine Trail"
      },
      "geometry": {
        "type": "LineString",
        "coordinates": [
          [
            -93.118909,
            41.3170311
          ],
          [
            -93.1189063,
            41.3169276
          ],
          [
            -93.1188197,
            41.316798
          ],
          [
            -93.1188185,
            41.3163998
          ],
          [
            -93.1188086,
            41.3157755
          ],
          [
            -93.1188045,
            41.3155189
          ],
          [
            -93.1188029,
            41.3153245
          ],
          [
            -93.1187978,
            41.3147267
          ],
          [
            -93.118796,
            41.3144706
          ],
          [
            -93.1187816,
            41.3143555
          ],
          [
            -93.1186658,
            41.3141829
          ],
          [
            -93.118652,
            41.3140825
          ],
          [
            -93.1186326,
            41.3140286
          ],
          [
            -93.1186012,
            41.3139726
          ],
          [
            -93.1185115,
            41.3138998
          ],
          [
            -93.1183822,
            41.3138647
          ],
          [
            -93.1179695,
            41.3138634
          ],
          [
            -93.1177324,
            41.3138602
          ],
          [
            -93.1175812,
            41.3138368
          ],
          [
            -93.1174628,
            41.3137944
          ],
          [
            -93.1173491,
            41.3137476
          ],
          [
            -93.1172349,
            41.3136591
          ],
          [
            -93.1171376,
            41.313565
          ],
          [
            -93.1170511,
            41.3134628
          ],
          [
            -93.1170501,
            41.3133846
          ],
          [
            -93.11705,
            41.3132862
          ],
          [
            -93.1167871,
            41.3132824
          ],
          [
            -93.1166183,
            41.3133064
          ],
          [
            -93.1158215,
            41.3133063
          ],
          [
            -93.1156592,
            41.3132955
          ],
          [
            -93.1155599,
            41.3132956
          ],
          [
            -93.1147217,
            41.313302
          ],
          [
            -93.1146078,
            41.3132825
          ],
          [
            -93.1145423,
            41.313238
          ],
          [
            -93.1145056,
            41.3131941
          ],
          [
            -93.114497,
            41.3129801
          ],
          [
            -93.1144878,
            41.312563
          ],
          [
            -93.1144817,
            41.3120986
          ],
          [
            -93.1143674,
            41.3120989
          ],
          [
            -93.1142848,
            41.3120974
          ],
          [
            -93.1142807,
            41.3117298
          ],
          [
            -93.1142791,
            41.3115855
          ],
          [
            -93.1142331,
            41.3115856
          ]
        ]
      },
      "id": "way/480242213"
    },
    {
      "type": "Feature",
      "properties": {
        "@id": "way/665917667",
        "alt_name": "Middlebrook Greenway",
        "bicycle": "designated",
        "foot": "designated",
        "highway": "cycleway",
        "horse": "no",
        "name": "Middlebrook Pike Greenway",
        "surface": "asphalt"
      },
      "geometry": {
        "type": "LineString",
        "coordinates": [
          [
            -83.9525115,
            35.9635
          ],
          [
            -83.9527766,
            35.9635639
          ],
          [
            -83.9528456,
            35.9635844
          ],
          [
            -83.9530208,
            35.9636365
          ],
          [
            -83.9530892,
            35.9636568
          ],
          [
            -83.9534018,
            35.9637291
          ],
          [
            -83.9535277,
            35.9637531
          ],
          [
            -83.9538797,
            35.9638075
          ],
          [
            -83.9539821,
            35.9638251
          ],
          [
            -83.9551896,
            35.9640201
          ],
          [
            -83.9554449,
            35.9640575
          ],
          [
            -83.9555527,
            35.9640803
          ],
          [
            -83.9556326,
            35.9641155
          ],
          [
            -83.9558827,
            35.9641465
          ],
          [
            -83.955988,
            35.9641346
          ],
          [
            -83.9561079,
            35.9641503
          ],
          [
            -83.9562285,
            35.964159
          ],
          [
            -83.9567861,
            35.964199
          ],
          [
            -83.9570413,
            35.9642041
          ],
          [
            -83.957922,
            35.9641706
          ],
          [
            -83.9584511,
            35.9641009
          ],
          [
            -83.9590795,
            35.9639924
          ],
          [
            -83.9595707,
            35.9638762
          ],
          [
            -83.9602055,
            35.9636904
          ],
          [
            -83.9607254,
            35.9635096
          ],
          [
            -83.9615436,
            35.9631686
          ],
          [
            -83.961632,
            35.9631318
          ],
          [
            -83.9616997,
            35.9630985
          ],
          [
            -83.9627072,
            35.9626026
          ],
          [
            -83.9633383,
            35.9622874
          ],
          [
            -83.9635855,
            35.9621715
          ],
          [
            -83.9637086,
            35.9621178
          ],
          [
            -83.9639548,
            35.9620087
          ],
          [
            -83.9642347,
            35.9619135
          ],
          [
            -83.9645828,
            35.9618091
          ],
          [
            -83.9648202,
            35.9617442
          ],
          [
            -83.9651002,
            35.9616879
          ],
          [
            -83.9651067,
            35.9616123
          ],
          [
            -83.9651188,
            35.961472
          ],
          [
            -83.9651233,
            35.9614201
          ],
          [
            -83.9651887,
            35.9613728
          ],
          [
            -83.965323,
            35.961324
          ],
          [
            -83.9654597,
            35.9612742
          ],
          [
            -83.9655022,
            35.9612412
          ],
          [
            -83.9655876,
            35.9612601
          ],
          [
            -83.9659494,
            35.961176
          ],
          [
            -83.9660919,
            35.9611429
          ],
          [
            -83.9664835,
            35.9610908
          ],
          [
            -83.967138,
            35.9610908
          ],
          [
            -83.9677639,
            35.9611914
          ],
          [
            -83.9678139,
            35.9611994
          ],
          [
            -83.9679345,
            35.9612371
          ],
          [
            -83.9683557,
            35.9613687
          ],
          [
            -83.9686659,
            35.9615274
          ],
          [
            -83.9687205,
            35.9615554
          ],
          [
            -83.9689204,
            35.9616514
          ],
          [
            -83.9696807,
            35.9620113
          ],
          [
            -83.9702279,
            35.9622501
          ],
          [
            -83.9708126,
            35.962363
          ],
          [
            -83.971231,
            35.9623891
          ],
          [
            -83.9714748,
            35.9623814
          ],
          [
            -83.971864,
            35.9623413
          ],
          [
            -83.9724256,
            35.9622531
          ],
          [
            -83.9725828,
            35.9622284
          ],
          [
            -83.9733858,
            35.9620908
          ],
          [
            -83.9736872,
            35.9620392
          ],
          [
            -83.9737367,
            35.9620339
          ],
          [
            -83.973891,
            35.9620173
          ]
        ]
      },
      "id": "way/665917667"
    },
    {
      "type": "Feature",
      "properties": {
        "@id": "way/665918949",
        "abandoned:railway": "rail",
        "bicycle": "designated",
        "foot": "designated",
        "highway": "path",
        "historic:electrified": "no",
        "historic:gauge": "1435",
        "historic:service": "spur",
        "name": "SoKno Rail Trail",
        "old_name": "KXHR (K&A Branch Line)",
        "proposed": "cycleway",
        "start_date": "2026",
        "surface": "unpaved",
        "tiger:cfcc": "B11",
        "tiger:county": "Knox, TN",
        "tiger:name_base": "Southern Railway",
        "tiger:reviewed": "no",
        "usage": "industrial"
      },
      "geometry": {
        "type": "LineString",
        "coordinates": [
          [
            -83.8894652,
            35.9587886
          ],
          [
            -83.8899242,
            35.9589588
          ],
          [
            -83.890396,
            35.9591077
          ],
          [
            -83.8911482,
            35.959302
          ],
          [
            -83.8914611,
            35.9593719
          ],
          [
            -83.8917759,
            35.9594382
          ],
          [
            -83.8931772,
            35.9597467
          ],
          [
            -83.893789,
            35.9598792
          ],
          [
            -83.8938756,
            35.9598975
          ],
          [
            -83.8942476,
            35.9599761
          ],
          [
            -83.8943996,
            35.9600082
          ],
          [
            -83.8946923,
            35.9600535
          ],
          [
            -83.8948377,
            35.9600714
          ],
          [
            -83.8949821,
            35.9600891
          ],
          [
            -83.8951783,
            35.9601118
          ],
          [
            -83.8953728,
            35.9601261
          ],
          [
            -83.8957643,
            35.9601431
          ],
          [
            -83.89606,
            35.9601429
          ],
          [
            -83.8963614,
            35.9601324
          ],
          [
            -83.8967504,
            35.9601085
          ],
          [
            -83.8971345,
            35.9600889
          ],
          [
            -83.8980941,
            35.960004
          ],
          [
            -83.8988453,
            35.9600003
          ],
          [
            -83.8996005,
            35.9599682
          ],
          [
            -83.899832,
            35.959955
          ],
          [
            -83.9002745,
            35.9599347
          ],
          [
            -83.9006917,
            35.9599132
          ],
          [
            -83.9007881,
            35.9599129
          ],
          [
            -83.9010325,
            35.9599002
          ],
          [
            -83.9012704,
            35.9598894
          ],
          [
            -83.9017477,
            35.959862
          ],
          [
            -83.9018835,
            35.9598487
          ],
          [
            -83.9020198,
            35.9598299
          ],
          [
            -83.9021635,
            35.9598099
          ],
          [
            -83.902308,
            35.959774
          ],
          [
            -83.9024256,
            35.9597363
          ],
          [
            -83.9025403,
            35.9596919
          ],
          [
            -83.9026438,
            35.9596454
          ],
          [
            -83.9027549,
            35.9595905
          ],
          [
            -83.9027792,
            35.9595802
          ],
          [
            -83.9028184,
            35.9595636
          ],
          [
            -83.9030176,
            35.9594601
          ],
          [
            -83.9032446,
            35.9593451
          ],
          [
            -83.9033898,
            35.9592744
          ],
          [
            -83.904197,
            35.958871
          ],
          [
            -83.9056243,
            35.9582957
          ],
          [
            -83.905863,
            35.9581853
          ],
          [
            -83.9060855,
            35.9580628
          ],
          [
            -83.9062019,
            35.9579957
          ],
          [
            -83.9063109,
            35.9579198
          ],
          [
            -83.906516,
            35.9577681
          ]
        ]
      },
      "id": "way/665918949"
    },
    {
      "type": "Feature",
      "properties": {
        "@id": "way/666952168",
        "highway": "path",
        "name": "Mary Vestal Greenway",
        "surface": "asphalt"
      },
      "geometry": {
        "type": "LineString",
        "coordinates": [
          [
            -83.9167589,
            35.9399871
          ],
          [
            -83.9166767,
            35.9398934
          ],
          [
            -83.9165761,
            35.9398013
          ],
          [
            -83.91652,
            35.9397114
          ],
          [
            -83.9164274,
            35.9395077
          ],
          [
            -83.9163893,
            35.9393694
          ],
          [
            -83.9163631,
            35.9392361
          ],
          [
            -83.9162659,
            35.9390784
          ],
          [
            -83.9161694,
            35.9388439
          ],
          [
            -83.9160352,
            35.9381663
          ],
          [
            -83.916003,
            35.9379057
          ],
          [
            -83.9159601,
            35.9375279
          ],
          [
            -83.9159494,
            35.9374009
          ],
          [
            -83.9159937,
            35.937265
          ],
          [
            -83.9159494,
            35.9371837
          ],
          [
            -83.9157227,
            35.9371402
          ],
          [
            -83.9156879,
            35.9371924
          ],
          [
            -83.9156758,
            35.937264
          ],
          [
            -83.9156168,
            35.9373042
          ],
          [
            -83.915598,
            35.9372727
          ],
          [
            -83.9155457,
            35.9371836
          ],
          [
            -83.9154397,
            35.9370794
          ],
          [
            -83.9152909,
            35.9369241
          ],
          [
            -83.9151648,
            35.9368622
          ],
          [
            -83.9150533,
            35.9368057
          ]
        ]
      },
      "id": "way/666952168"
    },
    {
      "type": "Feature",
      "properties": {
        "@id": "way/681615395",
        "bicycle": "no",
        "foot": "designated",
        "highway": "path",
        "horse": "no",
        "motor_vehicle": "no",
        "name": "River Trail"
      },
      "geometry": {
        "type": "LineString",
        "coordinates": [
          [
            -83.8640193,
            35.9575103
          ],
          [
            -83.8640733,
            35.9577164
          ],
          [
            -83.8641735,
            35.9578527
          ],
          [
            -83.8641928,
            35.957867
          ],
          [
            -83.8642229,
            35.9578738
          ],
          [
            -83.8642884,
            35.9578686
          ],
          [
            -83.8643586,
            35.957869
          ],
          [
            -83.8645252,
            35.9578267
          ],
          [
            -83.8646451,
            35.9577864
          ],
          [
            -83.8648058,
            35.9577782
          ],
          [
            -83.8648802,
            35.9577643
          ],
          [
            -83.8651214,
            35.9576822
          ],
          [
            -83.8651651,
            35.9576559
          ],
          [
            -83.8651678,
            35.9576543
          ],
          [
            -83.8652408,
            35.9576364
          ],
          [
            -83.8652668,
            35.957634
          ],
          [
            -83.8652964,
            35.9576386
          ],
          [
            -83.8654153,
            35.9576075
          ],
          [
            -83.8654768,
            35.9576211
          ],
          [
            -83.8656316,
            35.9576552
          ],
          [
            -83.8657567,
            35.9576929
          ],
          [
            -83.8658038,
            35.9576968
          ],
          [
            -83.8658504,
            35.9576931
          ],
          [
            -83.8658881,
            35.9576822
          ],
          [
            -83.8661913,
            35.9575779
          ],
          [
            -83.8662977,
            35.9575591
          ],
          [
            -83.866521,
            35.9574844
          ],
          [
            -83.8665478,
            35.95748
          ],
          [
            -83.8665799,
            35.9574785
          ],
          [
            -83.8666211,
            35.9574625
          ],
          [
            -83.8666539,
            35.9574362
          ],
          [
            -83.8666701,
            35.9573952
          ],
          [
            -83.8666773,
            35.9573799
          ],
          [
            -83.8666881,
            35.9573647
          ],
          [
            -83.8667544,
            35.9573395
          ]
        ]
      },
      "id": "way/681615395"
    },
    {
      "type": "Feature",
      "properties": {
        "@id": "way/706239321",
        "bicycle": "designated",
        "foot": "designated",
        "highway": "cycleway",
        "name": "Lakeshore Greenway",
        "surface": "asphalt"
      },
      "geometry": {
        "type": "LineString",
        "coordinates": [
          [
            -83.9864546,
            35.9219683
          ],
          [
            -83.9862561,
            35.9216224
          ],
          [
            -83.9861744,
            35.9214862
          ],
          [
            -83.9861137,
            35.9212423
          ],
          [
            -83.9861556,
            35.9211037
          ],
          [
            -83.9861651,
            35.9210721
          ],
          [
            -83.9862304,
            35.920987
          ],
          [
            -83.9864306,
            35.9202949
          ]
        ]
      },
      "id": "way/706239321"
    },
    {
      "type": "Feature",
      "properties": {
        "@id": "way/734020445",
        "highway": "footway",
        "name": "Riverwalk Greenway"
      },
      "geometry": {
        "type": "LineString",
        "coordinates": [
          [
            -83.9196164,
            35.952052
          ],
          [
            -83.9204967,
            35.9525208
          ],
          [
            -83.9206608,
            35.9525387
          ]
        ]
      },
      "id": "way/734020445"
    },
    {
      "type": "Feature",
      "properties": {
        "@id": "way/734020446",
        "bicycle": "designated",
        "foot": "designated",
        "highway": "cycleway",
        "name": "Riverwalk Greenway"
      },
      "geometry": {
        "type": "LineString",
        "coordinates": [
          [
            -83.9204967,
            35.9525208
          ],
          [
            -83.9200204,
            35.9528742
          ],
          [
            -83.9198243,
            35.9529782
          ],
          [
            -83.9198079,
            35.9529931
          ],
          [
            -83.9197474,
            35.9530482
          ],
          [
            -83.9196918,
            35.9530988
          ],
          [
            -83.9196269,
            35.9531579
          ],
          [
            -83.919305,
            35.9534011
          ],
          [
            -83.9190975,
            35.9536634
          ],
          [
            -83.919056,
            35.9537158
          ],
          [
            -83.9190201,
            35.9537611
          ],
          [
            -83.9190044,
            35.953781
          ],
          [
            -83.9188651,
            35.953957
          ]
        ]
      },
      "id": "way/734020446"
    },
    {
      "type": "Feature",
      "properties": {
        "@id": "way/734020447",
        "highway": "footway",
        "name": "Riverwalk Greenway"
      },
      "geometry": {
        "type": "LineString",
        "coordinates": [
          [
            -83.9196269,
            35.9531579
          ],
          [
            -83.9191117,
            35.953837
          ],
          [
            -83.9187688,
            35.9542889
          ]
        ]
      },
      "id": "way/734020447"
    },
    {
      "type": "Feature",
      "properties": {
        "@id": "way/741153713",
        "bicycle": "designated",
        "foot": "designated",
        "highway": "cycleway",
        "name": "Knox Blount Greenway",
        "surface": "paved"
      },
      "geometry": {
        "type": "LineString",
        "coordinates": [
          [
            -83.9531739,
            35.9369566
          ],
          [
            -83.9530251,
            35.9370369
          ],
          [
            -83.9527943,
            35.9371789
          ],
          [
            -83.9527466,
            35.9372077
          ],
          [
            -83.9525193,
            35.9373448
          ],
          [
            -83.9524645,
            35.9373988
          ],
          [
            -83.9524108,
            35.9374851
          ],
          [
            -83.9523706,
            35.9375634
          ],
          [
            -83.9523488,
            35.9376802
          ],
          [
            -83.9523935,
            35.9379465
          ]
        ]
      },
      "id": "way/741153713"
    },
    {
      "type": "Feature",
      "properties": {
        "@id": "way/741772373",
        "bicycle": "designated",
        "bridge": "yes",
        "foot": "designated",
        "highway": "cycleway",
        "layer": "1",
        "name": "Neyland Greenway",
        "oneway": "no",
        "segregated": "no",
        "surface": "paved"
      },
      "geometry": {
        "type": "LineString",
        "coordinates": [
          [
            -83.9129864,
            35.9605344
          ],
          [
            -83.9126906,
            35.9606554
          ]
        ]
      },
      "id": "way/741772373"
    },
    {
      "type": "Feature",
      "properties": {
        "@id": "way/741772374",
        "alt_name": "James White Greenway",
        "bicycle": "designated",
        "foot": "designated",
        "highway": "cycleway",
        "name": "Neyland Greenway",
        "oneway": "no",
        "segregated": "no",
        "surface": "paved"
      },
      "geometry": {
        "type": "LineString",
        "coordinates": [
          [
            -83.9124867,
            35.9607717
          ],
          [
            -83.9124196,
            35.9607955
          ],
          [
            -83.9122216,
            35.9608127
          ],
          [
            -83.9119615,
            35.9609094
          ],
          [
            -83.911899,
            35.9609314
          ],
          [
            -83.9112645,
            35.9611544
          ],
          [
            -83.9110338,
            35.9612789
          ],
          [
            -83.9105888,
            35.961643
          ],
          [
            -83.9097757,
            35.9621608
          ],
          [
            -83.9094108,
            35.9623939
          ],
          [
            -83.9090885,
            35.962566
          ],
          [
            -83.9087384,
            35.9627342
          ],
          [
            -83.9081887,
            35.9629673
          ],
          [
            -83.9071432,
            35.9634202
          ],
          [
            -83.9067375,
            35.9636003
          ],
          [
            -83.9065313,
            35.9636581
          ],
          [
            -83.9064198,
            35.9636734
          ],
          [
            -83.9063546,
            35.9636831
          ],
          [
            -83.9062963,
            35.9637122
          ],
          [
            -83.9062363,
            35.9638094
          ],
          [
            -83.9062343,
            35.9638585
          ],
          [
            -83.906202,
            35.9639024
          ],
          [
            -83.9061197,
            35.9639441
          ],
          [
            -83.9060133,
            35.9639718
          ],
          [
            -83.9053187,
            35.9640996
          ],
          [
            -83.9046778,
            35.9642185
          ],
          [
            -83.9045194,
            35.9642446
          ],
          [
            -83.9043084,
            35.964262
          ],
          [
            -83.9039928,
            35.9642689
          ],
          [
            -83.8993049,
            35.9642893
          ],
          [
            -83.8992355,
            35.9642896
          ],
          [
            -83.8986084,
            35.9642781
          ],
          [
            -83.8984292,
            35.9642757
          ],
          [
            -83.8983989,
            35.9642757
          ],
          [
            -83.8983987,
            35.9643208
          ],
          [
            -83.8984391,
            35.9643868
          ]
        ]
      },
      "id": "way/741772374"
    },
    {
      "type": "Feature",
      "properties": {
        "@id": "way/743734092",
        "bicycle": "designated",
        "foot": "designated",
        "highway": "cycleway",
        "name": "Bearden Village Greenway"
      },
      "geometry": {
        "type": "LineString",
        "coordinates": [
          [
            -83.9808831,
            35.9428648
          ],
          [
            -83.9808806,
            35.942899
          ],
          [
            -83.9808712,
            35.943027
          ],
          [
            -83.9809536,
            35.9432161
          ],
          [
            -83.9809863,
            35.9433994
          ],
          [
            -83.981045,
            35.9435679
          ],
          [
            -83.9811083,
            35.9437009
          ],
          [
            -83.9811217,
            35.943734
          ],
          [
            -83.981218,
            35.9440067
          ],
          [
            -83.9812923,
            35.9441371
          ],
          [
            -83.9814074,
            35.9444924
          ],
          [
            -83.9814923,
            35.9446242
          ],
          [
            -83.9815896,
            35.9448649
          ],
          [
            -83.9816958,
            35.9450855
          ],
          [
            -83.9818306,
            35.9452876
          ]
        ]
      },
      "id": "way/743734092"
    },
    {
      "type": "Feature",
      "properties": {
        "@id": "way/743735477",
        "bicycle": "designated",
        "foot": "designated",
        "highway": "cycleway",
        "name": "Third Creek Greenway",
        "surface": "asphalt"
      },
      "geometry": {
        "type": "LineString",
        "coordinates": [
          [
            -83.9515375,
            35.9544302
          ],
          [
            -83.9514482,
            35.954294
          ],
          [
            -83.9514176,
            35.9541973
          ],
          [
            -83.9514204,
            35.9541231
          ],
          [
            -83.9514981,
            35.9540715
          ],
          [
            -83.9515703,
            35.95404
          ],
          [
            -83.9516731,
            35.9540355
          ],
          [
            -83.9518757,
            35.9539928
          ],
          [
            -83.9520312,
            35.9539141
          ],
          [
            -83.9522534,
            35.9537321
          ],
          [
            -83.9523783,
            35.953595
          ],
          [
            -83.952531,
            35.9533634
          ],
          [
            -83.9526504,
            35.9532938
          ],
          [
            -83.9531696,
            35.9530061
          ],
          [
            -83.9535528,
            35.9527678
          ],
          [
            -83.9538837,
            35.9526178
          ],
          [
            -83.9539819,
            35.9525119
          ],
          [
            -83.9540948,
            35.9523927
          ],
          [
            -83.9542829,
            35.9522788
          ],
          [
            -83.9545128,
            35.9521601
          ],
          [
            -83.9545971,
            35.9520822
          ],
          [
            -83.9547083,
            35.9519198
          ],
          [
            -83.9547919,
            35.9518762
          ],
          [
            -83.9548984,
            35.9518294
          ],
          [
            -83.9549955,
            35.9517872
          ],
          [
            -83.9550533,
            35.9517647
          ],
          [
            -83.955174,
            35.9517541
          ],
          [
            -83.9552504,
            35.9517524
          ],
          [
            -83.9553758,
            35.9517329
          ],
          [
            -83.9555479,
            35.9516879
          ],
          [
            -83.9556263,
            35.9516866
          ],
          [
            -83.9556741,
            35.9516607
          ],
          [
            -83.9559618,
            35.9514127
          ],
          [
            -83.9560011,
            35.9513881
          ],
          [
            -83.956044,
            35.9513708
          ],
          [
            -83.9561273,
            35.9513551
          ],
          [
            -83.956213,
            35.9513538
          ],
          [
            -83.9563805,
            35.951416
          ]
        ]
      },
      "id": "way/743735477"
    },
    {
      "type": "Feature",
      "properties": {
        "@id": "way/744197738",
        "highway": "path",
        "horse": "no",
        "name": "Loves Creek Greenway",
        "surface": "gravel"
      },
      "geometry": {
        "type": "LineString",
        "coordinates": [
          [
            -83.8593828,
            36.022096
          ],
          [
            -83.8594427,
            36.0222315
          ],
          [
            -83.8594544,
            36.0223127
          ],
          [
            -83.8594403,
            36.0223674
          ],
          [
            -83.8593096,
            36.0224562
          ],
          [
            -83.8592606,
            36.0225298
          ],
          [
            -83.8592676,
            36.0226262
          ],
          [
            -83.8593633,
            36.022815
          ],
          [
            -83.8594684,
            36.0229736
          ],
          [
            -83.8595641,
            36.0230813
          ],
          [
            -83.8596949,
            36.0233306
          ],
          [
            -83.8597883,
            36.023578
          ],
          [
            -83.8598723,
            36.0237838
          ],
          [
            -83.8599144,
            36.0239651
          ],
          [
            -83.8600054,
            36.0242068
          ],
          [
            -83.8600685,
            36.0243711
          ],
          [
            -83.8601782,
            36.0245921
          ],
          [
            -83.8602576,
            36.0246997
          ],
          [
            -83.8604397,
            36.024847
          ],
          [
            -83.8605331,
            36.024949
          ],
          [
            -83.8605588,
            36.0250906
          ],
          [
            -83.8605822,
            36.0251794
          ],
          [
            -83.8606312,
            36.0252342
          ],
          [
            -83.8607129,
            36.0252549
          ],
          [
            -83.860811,
            36.0253305
          ],
          [
            -83.8609091,
            36.0255118
          ],
          [
            -83.8609301,
            36.0256798
          ],
          [
            -83.8610422,
            36.0258573
          ],
          [
            -83.8611963,
            36.0260896
          ],
          [
            -83.8611729,
            36.0263087
          ],
          [
            -83.8611823,
            36.0263955
          ],
          [
            -83.8612266,
            36.0264427
          ],
          [
            -83.861292,
            36.0264465
          ],
          [
            -83.8613317,
            36.0264182
          ],
          [
            -83.861334,
            36.0263653
          ],
          [
            -83.8612733,
            36.0261935
          ],
          [
            -83.8611963,
            36.0260896
          ]
        ]
      },
      "id": "way/744197738"
    },
    {
      "type": "Feature",
      "properties": {
        "@id": "way/744197739",
        "highway": "path",
        "horse": "no",
        "name": "Loves Creek Greenway",
        "surface": "gravel"
      },
      "geometry": {
        "type": "LineString",
        "coordinates": [
          [
            -83.8613317,
            36.0264182
          ],
          [
            -83.8613667,
            36.0264579
          ],
          [
            -83.8614064,
            36.0264767
          ]
        ]
      },
      "id": "way/744197739"
    },
    {
      "type": "Feature",
      "properties": {
        "@id": "way/744197740",
        "highway": "path",
        "horse": "no",
        "name": "Loves Creek Greenway",
        "surface": "paved"
      },
      "geometry": {
        "type": "LineString",
        "coordinates": [
          [
            -83.8591391,
            36.021629
          ],
          [
            -83.8586477,
            36.0211718
          ],
          [
            -83.8584667,
            36.0209699
          ]
        ]
      },
      "id": "way/744197740"
    },
    {
      "type": "Feature",
      "properties": {
        "@id": "way/759905916",
        "bicycle": "no",
        "foot": "designated",
        "highway": "path",
        "horse": "no",
        "motor_vehicle": "no",
        "name": "River Trail"
      },
      "geometry": {
        "type": "LineString",
        "coordinates": [
          [
            -83.8623922,
            35.9551522
          ],
          [
            -83.8625574,
            35.9550351
          ],
          [
            -83.8625897,
            35.9550063
          ],
          [
            -83.8625935,
            35.954991
          ],
          [
            -83.8625826,
            35.9549735
          ],
          [
            -83.8625876,
            35.9549494
          ],
          [
            -83.862619,
            35.9549154
          ],
          [
            -83.8626806,
            35.9548805
          ],
          [
            -83.8627253,
            35.9547857
          ],
          [
            -83.8627534,
            35.9546866
          ],
          [
            -83.8627484,
            35.9545949
          ],
          [
            -83.8628458,
            35.9544699
          ],
          [
            -83.8629163,
            35.9543959
          ],
          [
            -83.8630447,
            35.95438
          ],
          [
            -83.8630754,
            35.9543907
          ],
          [
            -83.8631477,
            35.9544307
          ],
          [
            -83.8632507,
            35.9544564
          ],
          [
            -83.8634463,
            35.9545126
          ],
          [
            -83.8634806,
            35.9545235
          ],
          [
            -83.8635982,
            35.9544682
          ],
          [
            -83.863695,
            35.9544584
          ],
          [
            -83.8638219,
            35.9544213
          ],
          [
            -83.8639069,
            35.9543631
          ],
          [
            -83.8639623,
            35.9542919
          ],
          [
            -83.8640055,
            35.9541572
          ],
          [
            -83.8641719,
            35.9541223
          ],
          [
            -83.8642329,
            35.9540936
          ],
          [
            -83.8643266,
            35.9540172
          ],
          [
            -83.8643968,
            35.9539715
          ],
          [
            -83.8644597,
            35.9539507
          ],
          [
            -83.8645307,
            35.9539385
          ],
          [
            -83.8646082,
            35.9539489
          ],
          [
            -83.8646494,
            35.9539376
          ],
          [
            -83.8646767,
            35.9539102
          ],
          [
            -83.8647252,
            35.9538603
          ],
          [
            -83.8648227,
            35.9538293
          ],
          [
            -83.8648793,
            35.9538264
          ],
          [
            -83.8649329,
            35.9538323
          ],
          [
            -83.8649768,
            35.9538364
          ],
          [
            -83.8650006,
            35.9538268
          ],
          [
            -83.8650357,
            35.953782
          ],
          [
            -83.865063,
            35.9537715
          ],
          [
            -83.8650931,
            35.9537718
          ],
          [
            -83.8651146,
            35.9537787
          ],
          [
            -83.8651368,
            35.9537894
          ],
          [
            -83.8651636,
            35.9537914
          ],
          [
            -83.865194,
            35.9537818
          ],
          [
            -83.8652857,
            35.9537307
          ],
          [
            -83.8652969,
            35.9537186
          ],
          [
            -83.8653221,
            35.9536766
          ],
          [
            -83.86534,
            35.9536662
          ],
          [
            -83.8654081,
            35.9536366
          ],
          [
            -83.8654474,
            35.9535985
          ],
          [
            -83.8655129,
            35.9535543
          ],
          [
            -83.8655915,
            35.9535268
          ],
          [
            -83.865664,
            35.9535114
          ]
        ]
      },
      "id": "way/759905916"
    },
    {
      "type": "Feature",
      "properties": {
        "@id": "way/822994407",
        "alt_name": "South Waterfront Greenway",
        "bicycle": "designated",
        "foot": "designated",
        "highway": "cycleway",
        "name": "Riverwalk Greenway",
        "oneway": "no",
        "segregated": "no"
      },
      "geometry": {
        "type": "LineString",
        "coordinates": [
          [
            -83.9170043,
            35.9554533
          ],
          [
            -83.9167616,
            35.9555632
          ],
          [
            -83.9167386,
            35.9555736
          ],
          [
            -83.9166508,
            35.9555711
          ],
          [
            -83.9158828,
            35.9559165
          ],
          [
            -83.9158751,
            35.9559371
          ],
          [
            -83.9157883,
            35.9559754
          ],
          [
            -83.9157141,
            35.9560082
          ],
          [
            -83.9156894,
            35.9560068
          ],
          [
            -83.9156702,
            35.9560057
          ],
          [
            -83.9144332,
            35.9565619
          ],
          [
            -83.9143377,
            35.956598
          ],
          [
            -83.9142121,
            35.9566211
          ],
          [
            -83.9140781,
            35.9566317
          ],
          [
            -83.9139656,
            35.9566267
          ],
          [
            -83.9137338,
            35.956608
          ]
        ]
      },
      "id": "way/822994407"
    },
    {
      "type": "Feature",
      "properties": {
        "@id": "way/822994417",
        "bicycle": "designated",
        "foot": "designated",
        "highway": "cycleway",
        "name": "South Waterfront Greenway",
        "surface": "concrete"
      },
      "geometry": {
        "type": "LineString",
        "coordinates": [
          [
            -83.9168074,
            35.9552805
          ],
          [
            -83.9169132,
            35.9552311
          ],
          [
            -83.9171785,
            35.9551268
          ],
          [
            -83.9172057,
            35.9551369
          ],
          [
            -83.9172141,
            35.9551417
          ],
          [
            -83.9172526,
            35.9551634
          ],
          [
            -83.9173305,
            35.9552215
          ],
          [
            -83.9173703,
            35.95523
          ],
          [
            -83.9174092,
            35.955225
          ],
          [
            -83.9174446,
            35.9552107
          ],
          [
            -83.9182019,
            35.9545446
          ]
        ]
      },
      "id": "way/822994417"
    },
    {
      "type": "Feature",
      "properties": {
        "@id": "way/832679823",
        "alt_name": "West Hills Greenway",
        "bicycle": "designated",
        "foot": "designated",
        "highway": "cycleway",
        "name": "Papermill Bluff Greenway"
      },
      "geometry": {
        "type": "LineString",
        "coordinates": [
          [
            -84.0106319,
            35.9420654
          ],
          [
            -84.0106396,
            35.9420477
          ],
          [
            -84.0106415,
            35.9420284
          ],
          [
            -84.0106396,
            35.9419922
          ],
          [
            -84.0106167,
            35.9418121
          ],
          [
            -84.0105923,
            35.9415714
          ],
          [
            -84.010585,
            35.9415039
          ],
          [
            -84.0105781,
            35.9414404
          ],
          [
            -84.0105639,
            35.9413381
          ],
          [
            -84.0105552,
            35.9413199
          ],
          [
            -84.0105176,
            35.9412515
          ],
          [
            -84.0104908,
            35.9411754
          ],
          [
            -84.0104626,
            35.9410798
          ],
          [
            -84.0104344,
            35.9409799
          ],
          [
            -84.0103919,
            35.9408505
          ],
          [
            -84.0103644,
            35.9407659
          ],
          [
            -84.010267,
            35.940558
          ],
          [
            -84.0102289,
            35.9405165
          ],
          [
            -84.0102006,
            35.9404856
          ],
          [
            -84.0101856,
            35.9404498
          ],
          [
            -84.0101794,
            35.9404197
          ],
          [
            -84.0101891,
            35.9403839
          ],
          [
            -84.0101918,
            35.9403473
          ],
          [
            -84.0100811,
            35.9401057
          ],
          [
            -84.0100474,
            35.9400534
          ],
          [
            -84.0100058,
            35.9399996
          ],
          [
            -84.009958,
            35.9399624
          ],
          [
            -84.0099058,
            35.9399344
          ],
          [
            -84.0098359,
            35.9399158
          ],
          [
            -84.0097712,
            35.9399186
          ],
          [
            -84.0095056,
            35.9399767
          ],
          [
            -84.0092214,
            35.9400606
          ],
          [
            -84.0091922,
            35.9400269
          ],
          [
            -84.0091594,
            35.9400025
          ],
          [
            -84.0091231,
            35.9399789
          ],
          [
            -84.0090762,
            35.9399559
          ],
          [
            -84.0090346,
            35.9399401
          ],
          [
            -84.0089965,
            35.9399337
          ],
          [
            -84.008954,
            35.9399308
          ],
          [
            -84.0088938,
            35.9399351
          ],
          [
            -84.0088443,
            35.9399452
          ],
          [
            -84.0087991,
            35.9399574
          ],
          [
            -84.0087557,
            35.939976
          ],
          [
            -84.0087203,
            35.9400004
          ],
          [
            -84.0086893,
            35.9400297
          ],
          [
            -84.0086583,
            35.9400634
          ],
          [
            -84.008622,
            35.940062
          ],
          [
            -84.0085831,
            35.940052
          ],
          [
            -84.008522,
            35.940062
          ],
          [
            -84.008468,
            35.9400778
          ],
          [
            -84.0084095,
            35.9400957
          ],
          [
            -84.0083502,
            35.9401129
          ],
          [
            -84.0082803,
            35.9401201
          ],
          [
            -84.00819,
            35.9401301
          ],
          [
            -84.0078686,
            35.9401452
          ],
          [
            -84.0077022,
            35.9401502
          ],
          [
            -84.0074303,
            35.9401846
          ],
          [
            -84.0072117,
            35.940229
          ],
          [
            -84.0066574,
            35.9404326
          ],
          [
            -84.0062679,
            35.940596
          ],
          [
            -84.0059279,
            35.9407774
          ],
          [
            -84.0057508,
            35.9408906
          ],
          [
            -84.0055437,
            35.941077
          ],
          [
            -84.005294,
            35.9413573
          ],
          [
            -84.0051612,
            35.9414698
          ],
          [
            -84.0050036,
            35.9415788
          ],
          [
            -84.0049337,
            35.9416103
          ],
          [
            -84.0048796,
            35.9416275
          ],
          [
            -84.0048115,
            35.9416411
          ],
          [
            -84.0045609,
            35.9416691
          ],
          [
            -84.0044883,
            35.9416798
          ],
          [
            -84.0044272,
            35.941697
          ],
          [
            -84.0043626,
            35.9417207
          ],
          [
            -84.004298,
            35.9417479
          ],
          [
            -84.004251,
            35.9417737
          ],
          [
            -84.0041209,
            35.9418748
          ],
          [
            -84.0040465,
            35.9419651
          ],
          [
            -84.0039421,
            35.9420949
          ],
          [
            -84.0038394,
            35.9422103
          ],
          [
            -84.0037216,
            35.942335
          ],
          [
            -84.0035977,
            35.9424325
          ],
          [
            -84.0034516,
            35.9425414
          ],
          [
            -84.0032665,
            35.9426754
          ],
          [
            -84.002784,
            35.9430518
          ],
          [
            -84.0025273,
            35.9432403
          ],
          [
            -84.0021191,
            35.9435564
          ],
          [
            -84.0019332,
            35.9436804
          ],
          [
            -84.0018163,
            35.9437506
          ],
          [
            -84.0015277,
            35.9439685
          ],
          [
            -84.0011815,
            35.9442359
          ],
          [
            -84.0009417,
            35.9444259
          ],
          [
            -84.0009319,
            35.9444337
          ],
          [
            -84.0007265,
            35.9445513
          ],
          [
            -84.0003818,
            35.9447651
          ],
          [
            -84.0002315,
            35.9448509
          ],
          [
            -84.0001228,
            35.9448715
          ],
          [
            -84.0000396,
            35.9448813
          ],
          [
            -83.9989969,
            35.9452811
          ],
          [
            -83.9989492,
            35.9453057
          ],
          [
            -83.9989224,
            35.9453378
          ]
        ]
      },
      "id": "way/832679823"
    },
    {
      "type": "Feature",
      "properties": {
        "@id": "way/832744340",
        "bicycle": "designated",
        "foot": "designated",
        "highway": "cycleway",
        "horse": "no",
        "name": "Bearden Village Greenway",
        "surface": "asphalt"
      },
      "geometry": {
        "type": "LineString",
        "coordinates": [
          [
            -83.9976429,
            35.9340901
          ],
          [
            -83.9978637,
            35.9346207
          ],
          [
            -83.9978133,
            35.9346383
          ],
          [
            -83.9977722,
            35.9346671
          ],
          [
            -83.9977041,
            35.9347481
          ],
          [
            -83.9976407,
            35.9348235
          ],
          [
            -83.9976035,
            35.9348498
          ],
          [
            -83.9975872,
            35.9348516
          ],
          [
            -83.9973873,
            35.9348733
          ],
          [
            -83.9968414,
            35.9350211
          ],
          [
            -83.9967816,
            35.9350713
          ],
          [
            -83.9967366,
            35.9351194
          ],
          [
            -83.9966744,
            35.9351579
          ],
          [
            -83.9965988,
            35.9351792
          ],
          [
            -83.9965016,
            35.9352014
          ],
          [
            -83.9963502,
            35.9352645
          ],
          [
            -83.9962406,
            35.9353034
          ],
          [
            -83.9959927,
            35.9353283
          ],
          [
            -83.9956452,
            35.9354142
          ],
          [
            -83.9955218,
            35.9354641
          ],
          [
            -83.9951955,
            35.9356035
          ],
          [
            -83.9951308,
            35.9356625
          ],
          [
            -83.9950868,
            35.9356996
          ],
          [
            -83.9946188,
            35.9360943
          ],
          [
            -83.9938973,
            35.9367458
          ],
          [
            -83.9938257,
            35.9368106
          ],
          [
            -83.9933165,
            35.937251
          ],
          [
            -83.993258,
            35.9373019
          ],
          [
            -83.9931067,
            35.9374336
          ],
          [
            -83.9930655,
            35.9374694
          ],
          [
            -83.9927369,
            35.9377552
          ],
          [
            -83.9924978,
            35.9379632
          ],
          [
            -83.9924705,
            35.9380262
          ],
          [
            -83.9924572,
            35.938057
          ],
          [
            -83.9924332,
            35.9380779
          ],
          [
            -83.9922458,
            35.9382413
          ],
          [
            -83.992199,
            35.9382545
          ],
          [
            -83.9921545,
            35.938298
          ],
          [
            -83.9920974,
            35.9383582
          ],
          [
            -83.9918494,
            35.9385869
          ],
          [
            -83.9907854,
            35.9394872
          ],
          [
            -83.9906298,
            35.9396023
          ],
          [
            -83.9901443,
            35.94008
          ],
          [
            -83.9900518,
            35.9401368
          ],
          [
            -83.989911,
            35.9401712
          ],
          [
            -83.9898825,
            35.9401957
          ],
          [
            -83.9897952,
            35.9402709
          ],
          [
            -83.9896588,
            35.9403884
          ],
          [
            -83.988359,
            35.9414531
          ],
          [
            -83.9881436,
            35.9416281
          ],
          [
            -83.9878286,
            35.941886
          ],
          [
            -83.9872588,
            35.94227
          ],
          [
            -83.9868766,
            35.942525
          ],
          [
            -83.986792,
            35.9425961
          ],
          [
            -83.9867173,
            35.9426568
          ],
          [
            -83.9865722,
            35.9427342
          ],
          [
            -83.986466,
            35.9428115
          ],
          [
            -83.9863917,
            35.942886
          ],
          [
            -83.9862891,
            35.9429491
          ],
          [
            -83.986197,
            35.9430121
          ],
          [
            -83.9861263,
            35.943035
          ],
          [
            -83.9860555,
            35.9431038
          ],
          [
            -83.9859838,
            35.9431468
          ],
          [
            -83.9859104,
            35.9431726
          ],
          [
            -83.9854995,
            35.9434333
          ],
          [
            -83.9852759,
            35.943565
          ],
          [
            -83.9849521,
            35.9437713
          ],
          [
            -83.9847689,
            35.943875
          ]
        ]
      },
      "id": "way/832744340"
    },
    {
      "type": "Feature",
      "properties": {
        "@id": "way/834040258",
        "bicycle": "designated",
        "foot": "designated",
        "highway": "cycleway",
        "name": "Ten Mile Creek Greenway",
        "oneway": "no",
        "source": "Strava heatmap.",
        "surface": "asphalt",
        "width": "2.4"
      },
      "geometry": {
        "type": "LineString",
        "coordinates": [
          [
            -84.064933,
            35.928348
          ],
          [
            -84.064068,
            35.928172
          ],
          [
            -84.06391,
            35.928108
          ],
          [
            -84.063849,
            35.928055
          ],
          [
            -84.063757,
            35.927932
          ],
          [
            -84.063685,
            35.927889
          ],
          [
            -84.063558,
            35.927857
          ],
          [
            -84.063207,
            35.927809
          ],
          [
            -84.0627689,
            35.9276305
          ],
          [
            -84.0626357,
            35.9276044
          ],
          [
            -84.0624687,
            35.9276354
          ],
          [
            -84.0623315,
            35.9277098
          ],
          [
            -84.0622311,
            35.9277986
          ],
          [
            -84.0622378,
            35.9279866
          ],
          [
            -84.061903,
            35.9288
          ],
          [
            -84.061826,
            35.92893
          ],
          [
            -84.061694,
            35.929118
          ],
          [
            -84.061611,
            35.929203
          ],
          [
            -84.061484,
            35.929304
          ],
          [
            -84.0613647,
            35.929366
          ],
          [
            -84.0609992,
            35.9294084
          ],
          [
            -84.0609519,
            35.9294084
          ],
          [
            -84.06089,
            35.929373
          ],
          [
            -84.0608591,
            35.9293009
          ],
          [
            -84.0608118,
            35.9288677
          ],
          [
            -84.0607991,
            35.9288368
          ],
          [
            -84.0607736,
            35.9288353
          ],
          [
            -84.060759,
            35.9288648
          ],
          [
            -84.0607518,
            35.9289753
          ],
          [
            -84.0607699,
            35.9292626
          ],
          [
            -84.0607645,
            35.92932
          ],
          [
            -84.0607445,
            35.9293627
          ],
          [
            -84.0607063,
            35.9293893
          ],
          [
            -84.0606537,
            35.9294129
          ],
          [
            -84.0606093,
            35.9294356
          ]
        ]
      },
      "id": "way/834040258"
    },
    {
      "type": "Feature",
      "properties": {
        "@id": "way/834040262",
        "access": "no",
        "bicycle": "designated",
        "foot": "designated",
        "highway": "cycleway",
        "lit": "no",
        "name": "Ten Mile Creek Greenway",
        "oneway": "no",
        "segregated": "no",
        "source": "Strava heatmap.",
        "surface": "asphalt",
        "width": "2.4"
      },
      "geometry": {
        "type": "LineString",
        "coordinates": [
          [
            -84.0725752,
            35.9252749
          ],
          [
            -84.0725951,
            35.9252978
          ],
          [
            -84.072633,
            35.9254019
          ],
          [
            -84.0727075,
            35.9255148
          ],
          [
            -84.0727386,
            35.9255367
          ],
          [
            -84.0726837,
            35.9255724
          ],
          [
            -84.0726303,
            35.9255926
          ],
          [
            -84.0725815,
            35.9255264
          ],
          [
            -84.0725292,
            35.9255
          ],
          [
            -84.0724151,
            35.9254775
          ],
          [
            -84.0722712,
            35.9254614
          ],
          [
            -84.0721296,
            35.9254844
          ],
          [
            -84.0720016,
            35.9255488
          ],
          [
            -84.0718049,
            35.925634
          ],
          [
            -84.0715335,
            35.9259141
          ],
          [
            -84.0712606,
            35.9261267
          ],
          [
            -84.0711327,
            35.9262703
          ],
          [
            -84.0708784,
            35.9266845
          ],
          [
            -84.0707079,
            35.9268424
          ],
          [
            -84.0704673,
            35.927025
          ],
          [
            -84.0701417,
            35.9274065
          ],
          [
            -84.0700364,
            35.9275687
          ],
          [
            -84.069579,
            35.927924
          ],
          [
            -84.0695068,
            35.9279811
          ],
          [
            -84.0694487,
            35.9280171
          ],
          [
            -84.069375,
            35.927985
          ],
          [
            -84.0692817,
            35.9279613
          ]
        ]
      },
      "id": "way/834040262"
    },
    {
      "type": "Feature",
      "properties": {
        "@id": "way/834040263",
        "access": "no",
        "bicycle": "designated",
        "bridge": "yes",
        "foot": "designated",
        "highway": "cycleway",
        "layer": "1",
        "name": "Ten Mile Creek Greenway",
        "oneway": "no",
        "segregated": "no",
        "source": "Strava heatmap.",
        "surface": "asphalt",
        "width": "2.4"
      },
      "geometry": {
        "type": "LineString",
        "coordinates": [
          [
            -84.0724526,
            35.9251431
          ],
          [
            -84.0725752,
            35.9252749
          ]
        ]
      },
      "id": "way/834040263"
    },
    {
      "type": "Feature",
      "properties": {
        "@id": "way/835536110",
        "access": "no",
        "bicycle": "designated",
        "foot": "designated",
        "highway": "cycleway",
        "name": "Ten Mile Creek Greenway",
        "oneway": "no",
        "source": "Strava heatmap.",
        "surface": "asphalt",
        "width": "2.4"
      },
      "geometry": {
        "type": "LineString",
        "coordinates": [
          [
            -84.0769037,
            35.920618
          ],
          [
            -84.0768435,
            35.9206305
          ],
          [
            -84.0768072,
            35.9206544
          ],
          [
            -84.076807,
            35.9206999
          ],
          [
            -84.0768758,
            35.9209507
          ],
          [
            -84.076869,
            35.921076
          ],
          [
            -84.076704,
            35.921525
          ],
          [
            -84.07667,
            35.921591
          ],
          [
            -84.076562,
            35.921706
          ],
          [
            -84.076463,
            35.921779
          ],
          [
            -84.076386,
            35.921814
          ],
          [
            -84.0761325,
            35.9218702
          ],
          [
            -84.0755821,
            35.922065
          ],
          [
            -84.0753581,
            35.9221154
          ],
          [
            -84.0751796,
            35.9221685
          ],
          [
            -84.0751287,
            35.9221836
          ],
          [
            -84.0750445,
            35.9222472
          ],
          [
            -84.0749664,
            35.9223263
          ],
          [
            -84.074896,
            35.9224248
          ],
          [
            -84.0748385,
            35.9225278
          ],
          [
            -84.0747076,
            35.9225827
          ],
          [
            -84.0745161,
            35.9226179
          ],
          [
            -84.0744249,
            35.9226837
          ],
          [
            -84.0743563,
            35.9227491
          ],
          [
            -84.0743313,
            35.9228612
          ],
          [
            -84.0742946,
            35.9229163
          ],
          [
            -84.0742496,
            35.9229575
          ],
          [
            -84.0741317,
            35.9230679
          ],
          [
            -84.0740267,
            35.9231888
          ],
          [
            -84.0740118,
            35.9232361
          ],
          [
            -84.0740153,
            35.9232923
          ],
          [
            -84.0740649,
            35.9234199
          ],
          [
            -84.0740961,
            35.923546
          ],
          [
            -84.0741023,
            35.9237313
          ],
          [
            -84.074092,
            35.9239137
          ],
          [
            -84.0740611,
            35.92401
          ],
          [
            -84.0739726,
            35.9241216
          ],
          [
            -84.073789,
            35.9244096
          ],
          [
            -84.0737439,
            35.9244547
          ],
          [
            -84.0736878,
            35.924488
          ],
          [
            -84.0735507,
            35.9245306
          ],
          [
            -84.0727745,
            35.9248644
          ],
          [
            -84.0725727,
            35.9249723
          ],
          [
            -84.0724145,
            35.9250788
          ],
          [
            -84.072415,
            35.9251032
          ],
          [
            -84.0724526,
            35.9251431
          ]
        ]
      },
      "id": "way/835536110"
    },
    {
      "type": "Feature",
      "properties": {
        "@id": "way/835536111",
        "access": "no",
        "bicycle": "designated",
        "bridge": "yes",
        "foot": "designated",
        "highway": "cycleway",
        "layer": "1",
        "name": "Ten Mile Creek Greenway",
        "segregated": "no",
        "source": "Strava heatmap.",
        "surface": "paved",
        "width": "2.4"
      },
      "geometry": {
        "type": "LineString",
        "coordinates": [
          [
            -84.0773375,
            35.9205199
          ],
          [
            -84.0769037,
            35.920618
          ]
        ]
      },
      "id": "way/835536111"
    },
    {
      "type": "Feature",
      "properties": {
        "@id": "way/835621834",
        "bicycle": "designated",
        "foot": "designated",
        "highway": "cycleway",
        "name": "Parkside Greenway",
        "segregated": "no",
        "surface": "asphalt"
      },
      "geometry": {
        "type": "LineString",
        "coordinates": [
          [
            -84.155716,
            35.9030443
          ],
          [
            -84.1573163,
            35.9026437
          ],
          [
            -84.1589622,
            35.902228
          ],
          [
            -84.1611733,
            35.9016747
          ],
          [
            -84.1614362,
            35.9016291
          ],
          [
            -84.1615264,
            35.9016118
          ],
          [
            -84.1617527,
            35.9015182
          ],
          [
            -84.1621887,
            35.9014538
          ],
          [
            -84.162527,
            35.9013433
          ],
          [
            -84.1626554,
            35.9013201
          ],
          [
            -84.1628231,
            35.9012986
          ],
          [
            -84.16293,
            35.9012763
          ],
          [
            -84.1631725,
            35.9011864
          ],
          [
            -84.1632765,
            35.9011551
          ],
          [
            -84.1635778,
            35.9011086
          ],
          [
            -84.1636998,
            35.9010708
          ],
          [
            -84.1639644,
            35.9009884
          ],
          [
            -84.1640044,
            35.900976
          ],
          [
            -84.1642923,
            35.9009304
          ],
          [
            -84.1644027,
            35.9009009
          ],
          [
            -84.1647047,
            35.9007986
          ],
          [
            -84.1650922,
            35.9007333
          ],
          [
            -84.1654041,
            35.9006239
          ],
          [
            -84.1655832,
            35.9005999
          ],
          [
            -84.1659536,
            35.9005032
          ],
          [
            -84.1663077,
            35.9003958
          ],
          [
            -84.1665145,
            35.9003582
          ],
          [
            -84.1667674,
            35.9003
          ],
          [
            -84.1669824,
            35.9002324
          ],
          [
            -84.1671341,
            35.9001928
          ],
          [
            -84.1674615,
            35.9001214
          ],
          [
            -84.1676145,
            35.9000845
          ],
          [
            -84.1679792,
            35.8999937
          ],
          [
            -84.1687856,
            35.8997992
          ],
          [
            -84.1689912,
            35.8997248
          ],
          [
            -84.1692735,
            35.8996557
          ],
          [
            -84.1695723,
            35.8995903
          ],
          [
            -84.1698142,
            35.8995216
          ],
          [
            -84.1699426,
            35.8995063
          ],
          [
            -84.170092,
            35.8994665
          ],
          [
            -84.1701864,
            35.899438
          ],
          [
            -84.1703794,
            35.8993072
          ],
          [
            -84.1704234,
            35.8992372
          ],
          [
            -84.1704228,
            35.8991793
          ],
          [
            -84.170398,
            35.8990776
          ],
          [
            -84.1703353,
            35.8989589
          ],
          [
            -84.1700246,
            35.8984613
          ],
          [
            -84.1699656,
            35.8982983
          ],
          [
            -84.1699581,
            35.8982341
          ],
          [
            -84.1700139,
            35.8981761
          ],
          [
            -84.1703477,
            35.8980749
          ],
          [
            -84.1705053,
            35.8980261
          ],
          [
            -84.1705539,
            35.8980011
          ],
          [
            -84.1709437,
            35.8978007
          ],
          [
            -84.1711024,
            35.8977683
          ],
          [
            -84.1713855,
            35.8976645
          ],
          [
            -84.1715803,
            35.8976269
          ],
          [
            -84.171607,
            35.8975636
          ],
          [
            -84.1716001,
            35.8975079
          ]
        ]
      },
      "id": "way/835621834"
    },
    {
      "type": "Feature",
      "properties": {
        "@id": "way/895666612",
        "highway": "path",
        "horse": "no",
        "name": "Sue Clancy Greenway",
        "surface": "concrete"
      },
      "geometry": {
        "type": "LineString",
        "coordinates": [
          [
            -83.9405204,
            36.0201122
          ],
          [
            -83.9404973,
            36.0200557
          ],
          [
            -83.9404595,
            36.0200013
          ],
          [
            -83.940448,
            36.0199847
          ],
          [
            -83.9403525,
            36.0198862
          ],
          [
            -83.9403047,
            36.0198264
          ],
          [
            -83.9402708,
            36.0197429
          ],
          [
            -83.9402508,
            36.0196657
          ],
          [
            -83.9402246,
            36.0196034
          ],
          [
            -83.9401537,
            36.019576
          ],
          [
            -83.940122,
            36.0195635
          ],
          [
            -83.9400906,
            36.019551
          ],
          [
            -83.9399983,
            36.0195057
          ],
          [
            -83.9399334,
            36.0194738
          ],
          [
            -83.9399026,
            36.0194302
          ],
          [
            -83.9398318,
            36.0193018
          ],
          [
            -83.939747,
            36.0191473
          ],
          [
            -83.9397085,
            36.0190439
          ],
          [
            -83.93963,
            36.0189879
          ],
          [
            -83.939516,
            36.0189256
          ],
          [
            -83.9393973,
            36.0188483
          ],
          [
            -83.9393126,
            36.0187549
          ],
          [
            -83.9392602,
            36.0186464
          ],
          [
            -83.9392356,
            36.018563
          ],
          [
            -83.939231,
            36.0184458
          ],
          [
            -83.9392464,
            36.0183387
          ],
          [
            -83.9392433,
            36.0182589
          ],
          [
            -83.9392186,
            36.0182178
          ],
          [
            -83.9391693,
            36.0181755
          ],
          [
            -83.9390939,
            36.0181455
          ],
          [
            -83.9389845,
            36.0181244
          ],
          [
            -83.9389229,
            36.0180857
          ],
          [
            -83.9388628,
            36.0180384
          ],
          [
            -83.9388381,
            36.0179836
          ],
          [
            -83.9388181,
            36.0179138
          ],
          [
            -83.9387642,
            36.0178951
          ],
          [
            -83.9386394,
            36.0178652
          ],
          [
            -83.9384961,
            36.0178453
          ],
          [
            -83.9383359,
            36.0177967
          ],
          [
            -83.9381557,
            36.0177132
          ],
          [
            -83.9380463,
            36.0176833
          ],
          [
            -83.9378537,
            36.0176446
          ],
          [
            -83.9377582,
            36.0176297
          ]
        ]
      },
      "id": "way/895666612"
    },
    {
      "type": "Feature",
      "properties": {
        "@id": "way/899341428",
        "highway": "path",
        "horse": "no",
        "name": "Sue Clancy Greenway",
        "surface": "paved"
      },
      "geometry": {
        "type": "LineString",
        "coordinates": [
          [
            -83.9422383,
            36.0210519
          ],
          [
            -83.9421486,
            36.0209915
          ],
          [
            -83.9419727,
            36.0208235
          ],
          [
            -83.9418346,
            36.0206921
          ],
          [
            -83.9417077,
            36.0205767
          ],
          [
            -83.9416288,
            36.0205071
          ],
          [
            -83.9415162,
            36.0204216
          ]
        ]
      },
      "id": "way/899341428"
    },
    {
      "type": "Feature",
      "properties": {
        "@id": "way/899341429",
        "highway": "path",
        "horse": "no",
        "name": "Sue Clancy Greenway",
        "surface": "paved"
      },
      "geometry": {
        "type": "LineString",
        "coordinates": [
          [
            -83.9420917,
            36.0206056
          ],
          [
            -83.9423932,
            36.0205439
          ]
        ]
      },
      "id": "way/899341429"
    },
    {
      "type": "Feature",
      "properties": {
        "@id": "way/899341430",
        "highway": "path",
        "horse": "no",
        "name": "Sue Clancy Greenway",
        "surface": "paved"
      },
      "geometry": {
        "type": "LineString",
        "coordinates": [
          [
            -83.9426605,
            36.0209013
          ],
          [
            -83.942727,
            36.0207727
          ]
        ]
      },
      "id": "way/899341430"
    },
    {
      "type": "Feature",
      "properties": {
        "@id": "way/912204006",
        "abandoned:railway": "rail",
        "bicycle": "designated",
        "foot": "designated",
        "highway": "path",
        "historic:electrified": "no",
        "historic:gauge": "1435",
        "historic:service": "spur",
        "name": "SoKno Rail Trail",
        "old_name": "KXHR (K&A Branch Line)",
        "proposed": "cycleway",
        "start_date": "2026",
        "surface": "unpaved",
        "tiger:cfcc": "B11",
        "tiger:county": "Knox, TN",
        "tiger:name_base": "Southern Railway",
        "tiger:reviewed": "no",
        "usage": "industrial"
      },
      "geometry": {
        "type": "LineString",
        "coordinates": [
          [
            -83.906516,
            35.9577681
          ],
          [
            -83.9068588,
            35.9574138
          ]
        ]
      },
      "id": "way/912204006"
    },
    {
      "type": "Feature",
      "properties": {
        "@id": "way/924000575",
        "bridge": "yes",
        "highway": "footway",
        "layer": "1",
        "name": "Sue Clancy Greenway",
        "surface": "wood"
      },
      "geometry": {
        "type": "LineString",
        "coordinates": [
          [
            -83.9423142,
            36.0209879
          ],
          [
            -83.9424786,
            36.0208519
          ]
        ]
      },
      "id": "way/924000575"
    },
    {
      "type": "Feature",
      "properties": {
        "@id": "way/924000576",
        "highway": "path",
        "horse": "no",
        "name": "Sue Clancy Greenway",
        "surface": "paved"
      },
      "geometry": {
        "type": "LineString",
        "coordinates": [
          [
            -83.9397518,
            36.0207452
          ],
          [
            -83.9400284,
            36.0205811
          ],
          [
            -83.9401934,
            36.0205506
          ]
        ]
      },
      "id": "way/924000576"
    },
    {
      "type": "Feature",
      "properties": {
        "@id": "way/924000577",
        "highway": "path",
        "horse": "no",
        "name": "Sue Clancy Greenway",
        "surface": "paved"
      },
      "geometry": {
        "type": "LineString",
        "coordinates": [
          [
            -83.9404595,
            36.0200013
          ],
          [
            -83.9404981,
            36.019935
          ],
          [
            -83.9405396,
            36.0198831
          ],
          [
            -83.9406298,
            36.0198115
          ]
        ]
      },
      "id": "way/924000577"
    },
    {
      "type": "Feature",
      "properties": {
        "@id": "way/924028155",
        "highway": "footway",
        "name": "Sue Clancy Greenway"
      },
      "geometry": {
        "type": "LineString",
        "coordinates": [
          [
            -83.9397508,
            36.0206133
          ],
          [
            -83.9397223,
            36.0205411
          ]
        ]
      },
      "id": "way/924028155"
    },
    {
      "type": "Feature",
      "properties": {
        "@id": "way/931551654",
        "bicycle": "designated",
        "foot": "designated",
        "highway": "cycleway",
        "horse": "no",
        "motor_vehicle": "no",
        "mtb:scale:imba": "1",
        "name": "UW Gateway Park Greenway",
        "surface": "asphalt"
      },
      "geometry": {
        "type": "LineString",
        "coordinates": [
          [
            -83.8948996,
            35.9431551
          ],
          [
            -83.8949798,
            35.943234
          ],
          [
            -83.8950048,
            35.9432587
          ],
          [
            -83.8952171,
            35.9433876
          ],
          [
            -83.8954366,
            35.9435566
          ],
          [
            -83.8955711,
            35.9437056
          ],
          [
            -83.8956666,
            35.9439263
          ],
          [
            -83.8956348,
            35.9442013
          ],
          [
            -83.8956666,
            35.9444162
          ],
          [
            -83.8957096,
            35.9445064
          ],
          [
            -83.8957486,
            35.9445855
          ],
          [
            -83.8959247,
            35.9449131
          ],
          [
            -83.8960666,
            35.9452582
          ],
          [
            -83.8960759,
            35.9452908
          ],
          [
            -83.8961062,
            35.9453962
          ],
          [
            -83.8961288,
            35.9454819
          ],
          [
            -83.8961686,
            35.9456323
          ],
          [
            -83.8962096,
            35.9458139
          ],
          [
            -83.8962457,
            35.9460018
          ],
          [
            -83.8962798,
            35.9463256
          ],
          [
            -83.8962905,
            35.946549
          ],
          [
            -83.8962901,
            35.9467439
          ]
        ]
      },
      "id": "way/931551654"
    },
    {
      "type": "Feature",
      "properties": {
        "@id": "way/932241200",
        "access": "no",
        "bicycle": "yes",
        "foot": "yes",
        "highway": "path",
        "name": "Whaley Trail"
      },
      "geometry": {
        "type": "LineString",
        "coordinates": [
          [
            -83.8450232,
            35.9542684
          ],
          [
            -83.84518,
            35.954041
          ],
          [
            -83.845359,
            35.953942
          ],
          [
            -83.845454,
            35.953741
          ],
          [
            -83.845637,
            35.953537
          ],
          [
            -83.845714,
            35.953413
          ],
          [
            -83.846396,
            35.953009
          ],
          [
            -83.84652,
            35.952906
          ],
          [
            -83.846569,
            35.952846
          ],
          [
            -83.846761,
            35.95241
          ],
          [
            -83.846922,
            35.952113
          ],
          [
            -83.847152,
            35.951894
          ],
          [
            -83.847408,
            35.951753
          ],
          [
            -83.847626,
            35.951526
          ],
          [
            -83.847779,
            35.951266
          ]
        ]
      },
      "id": "way/932241200"
    },
    {
      "type": "Feature",
      "properties": {
        "@id": "way/933921541",
        "bicycle": "yes",
        "foot": "designated",
        "highway": "path",
        "horse": "no",
        "mtb:scale:imba": "2",
        "name": "Push Line Trail",
        "oneway": "yes",
        "surface": "dirt"
      },
      "geometry": {
        "type": "LineString",
        "coordinates": [
          [
            -83.9481231,
            35.9981314
          ],
          [
            -83.9481932,
            35.9982259
          ],
          [
            -83.9482166,
            35.9982674
          ],
          [
            -83.9481979,
            35.9983241
          ],
          [
            -83.9481746,
            35.9983789
          ],
          [
            -83.9481045,
            35.9984374
          ],
          [
            -83.9480222,
            35.9984758
          ],
          [
            -83.9479854,
            35.998513
          ],
          [
            -83.947906,
            35.9985322
          ],
          [
            -83.9478381,
            35.9985947
          ],
          [
            -83.9477846,
            35.9986385
          ],
          [
            -83.9476749,
            35.9987302
          ],
          [
            -83.9475931,
            35.9988153
          ],
          [
            -83.947582,
            35.9988236
          ],
          [
            -83.9474795,
            35.9989757
          ],
          [
            -83.9474075,
            35.9990644
          ],
          [
            -83.9473565,
            35.9991331
          ],
          [
            -83.9473146,
            35.9991934
          ],
          [
            -83.9473045,
            35.9992541
          ],
          [
            -83.9473296,
            35.9993596
          ],
          [
            -83.9473538,
            35.9994159
          ],
          [
            -83.9473546,
            35.999498
          ],
          [
            -83.9473712,
            35.9995031
          ],
          [
            -83.9473704,
            35.9995644
          ],
          [
            -83.9474578,
            35.9996021
          ],
          [
            -83.9475132,
            35.9996079
          ],
          [
            -83.9475868,
            35.9995874
          ],
          [
            -83.9476239,
            35.9995963
          ],
          [
            -83.9476899,
            35.9995919
          ],
          [
            -83.947771,
            35.9996084
          ],
          [
            -83.9478792,
            35.9996257
          ],
          [
            -83.9479486,
            35.9996328
          ]
        ]
      },
      "id": "way/933921541"
    },
    {
      "type": "Feature",
      "properties": {
        "@id": "way/933921544",
        "highway": "path",
        "horse": "no",
        "name": "Push Line Trail",
        "oneway": "yes",
        "surface": "dirt"
      },
      "geometry": {
        "type": "LineString",
        "coordinates": [
          [
            -83.9474578,
            35.9996021
          ],
          [
            -83.9474034,
            35.999656
          ],
          [
            -83.9474074,
            35.9997316
          ],
          [
            -83.9474318,
            35.9999059
          ]
        ]
      },
      "id": "way/933921544"
    },
    {
      "type": "Feature",
      "properties": {
        "@id": "way/937464889",
        "bicycle": "yes",
        "foot": "yes",
        "highway": "path",
        "horse": "no",
        "motor_vehicle": "no",
        "name": "Loves Creek Greenway",
        "surface": "paved"
      },
      "geometry": {
        "type": "LineString",
        "coordinates": [
          [
            -83.8583849,
            36.0208396
          ],
          [
            -83.8582892,
            36.0206073
          ],
          [
            -83.8582728,
            36.0205695
          ],
          [
            -83.8582822,
            36.0205072
          ],
          [
            -83.8583149,
            36.0204317
          ],
          [
            -83.8583499,
            36.0203694
          ],
          [
            -83.8583639,
            36.020307
          ],
          [
            -83.8583733,
            36.0202409
          ],
          [
            -83.8584106,
            36.0201843
          ],
          [
            -83.8584713,
            36.0201503
          ],
          [
            -83.8585484,
            36.0201503
          ],
          [
            -83.8586044,
            36.0201578
          ],
          [
            -83.8586628,
            36.0201805
          ],
          [
            -83.8587142,
            36.0202183
          ],
          [
            -83.8588286,
            36.0204525
          ],
          [
            -83.8588309,
            36.0205072
          ],
          [
            -83.8587912,
            36.0205847
          ],
          [
            -83.8587702,
            36.0206413
          ],
          [
            -83.8587959,
            36.0207055
          ],
          [
            -83.8588379,
            36.0207603
          ],
          [
            -83.8588589,
            36.0208377
          ],
          [
            -83.8588753,
            36.0209114
          ],
          [
            -83.8589337,
            36.0210039
          ],
          [
            -83.8589874,
            36.021172
          ],
          [
            -83.859006,
            36.0212381
          ],
          [
            -83.8590621,
            36.0212891
          ],
          [
            -83.8591368,
            36.0213741
          ],
          [
            -83.8591625,
            36.0214666
          ],
          [
            -83.8591391,
            36.021629
          ],
          [
            -83.8592816,
            36.021867
          ],
          [
            -83.8593828,
            36.022096
          ]
        ]
      },
      "id": "way/937464889"
    },
    {
      "type": "Feature",
      "properties": {
        "@id": "way/941588515",
        "bicycle": "designated",
        "foot": "designated",
        "highway": "cycleway",
        "horse": "no",
        "name": "Liberty Greenway",
        "surface": "asphalt"
      },
      "geometry": {
        "type": "LineString",
        "coordinates": [
          [
            -83.9656271,
            35.9551149
          ],
          [
            -83.9657216,
            35.9553813
          ],
          [
            -83.9657535,
            35.9555317
          ],
          [
            -83.9657552,
            35.9555637
          ],
          [
            -83.9657623,
            35.9556979
          ],
          [
            -83.9657588,
            35.9558812
          ],
          [
            -83.9657411,
            35.9561362
          ],
          [
            -83.9657267,
            35.9561498
          ]
        ]
      },
      "id": "way/941588515"
    },
    {
      "type": "Feature",
      "properties": {
        "@id": "way/943653967",
        "alt_name": "Middlebrook Greenway",
        "bicycle": "designated",
        "foot": "designated",
        "highway": "cycleway",
        "horse": "no",
        "name": "Middlebrook Pike Greenway"
      },
      "geometry": {
        "type": "LineString",
        "coordinates": [
          [
            -83.9749559,
            35.9619294
          ],
          [
            -83.9749924,
            35.9619296
          ],
          [
            -83.9750846,
            35.9619234
          ],
          [
            -83.9753167,
            35.9619446
          ],
          [
            -83.9754778,
            35.9619639
          ],
          [
            -83.9755559,
            35.9619826
          ],
          [
            -83.9762053,
            35.9621377
          ],
          [
            -83.9773464,
            35.9626018
          ],
          [
            -83.9776039,
            35.9626887
          ],
          [
            -83.9780492,
            35.9627885
          ],
          [
            -83.9785373,
            35.9628363
          ],
          [
            -83.9791918,
            35.9628884
          ],
          [
            -83.9796451,
            35.9629524
          ],
          [
            -83.9797765,
            35.9629709
          ],
          [
            -83.9804203,
            35.9631446
          ],
          [
            -83.9817184,
            35.9637264
          ],
          [
            -83.9820321,
            35.9638624
          ],
          [
            -83.9821499,
            35.9639135
          ],
          [
            -83.9821691,
            35.9639218
          ],
          [
            -83.9825392,
            35.9640303
          ],
          [
            -83.9829844,
            35.9641085
          ],
          [
            -83.9830812,
            35.9641083
          ],
          [
            -83.9832736,
            35.9641078
          ],
          [
            -83.9836335,
            35.9640868
          ],
          [
            -83.9842657,
            35.9639922
          ],
          [
            -83.9847654,
            35.9639174
          ],
          [
            -83.9852643,
            35.9637698
          ],
          [
            -83.9856402,
            35.9636179
          ],
          [
            -83.9866174,
            35.9630217
          ],
          [
            -83.9867932,
            35.9629144
          ]
        ]
      },
      "id": "way/943653967"
    },
    {
      "type": "Feature",
      "properties": {
        "@id": "way/943653969",
        "alt_name": "Middlebrook Greenway",
        "bicycle": "designated",
        "bridge": "yes",
        "foot": "designated",
        "highway": "cycleway",
        "horse": "no",
        "layer": "1",
        "name": "Middlebrook Pike Greenway"
      },
      "geometry": {
        "type": "LineString",
        "coordinates": [
          [
            -83.9742478,
            35.961964
          ],
          [
            -83.9744255,
            35.961944
          ],
          [
            -83.9749559,
            35.9619294
          ]
        ]
      },
      "id": "way/943653969"
    },
    {
      "type": "Feature",
      "properties": {
        "@id": "way/943653970",
        "alt_name": "Middlebrook Greenway",
        "bicycle": "designated",
        "bridge": "yes",
        "foot": "designated",
        "highway": "cycleway",
        "horse": "no",
        "layer": "1",
        "name": "Middlebrook Pike Greenway"
      },
      "geometry": {
        "type": "LineString",
        "coordinates": [
          [
            -83.974028,
            35.961996
          ],
          [
            -83.9742478,
            35.961964
          ]
        ]
      },
      "id": "way/943653970"
    },
    {
      "type": "Feature",
      "properties": {
        "@id": "way/943653971",
        "alt_name": "Middlebrook Greenway",
        "bicycle": "designated",
        "bridge": "yes",
        "foot": "designated",
        "highway": "cycleway",
        "horse": "no",
        "layer": "1",
        "name": "Middlebrook Pike Greenway"
      },
      "geometry": {
        "type": "LineString",
        "coordinates": [
          [
            -83.973891,
            35.9620173
          ],
          [
            -83.974028,
            35.961996
          ]
        ]
      },
      "id": "way/943653971"
    },
    {
      "type": "Feature",
      "properties": {
        "@id": "way/947417771",
        "bicycle": "designated",
        "foot": "designated",
        "highway": "cycleway",
        "name": "Neyland Greenway",
        "segregated": "no",
        "surface": "asphalt"
      },
      "geometry": {
        "type": "LineString",
        "coordinates": [
          [
            -83.9233638,
            35.9534946
          ],
          [
            -83.9233802,
            35.9534074
          ],
          [
            -83.9236315,
            35.9525962
          ],
          [
            -83.9236788,
            35.9525402
          ],
          [
            -83.9237297,
            35.9524801
          ],
          [
            -83.9237748,
            35.9523562
          ],
          [
            -83.9238121,
            35.9521527
          ],
          [
            -83.9238259,
            35.9520478
          ],
          [
            -83.9238965,
            35.9518508
          ],
          [
            -83.9241145,
            35.9512945
          ],
          [
            -83.9242833,
            35.9509416
          ],
          [
            -83.924517,
            35.9505522
          ],
          [
            -83.9246544,
            35.9503107
          ],
          [
            -83.9248664,
            35.9498958
          ],
          [
            -83.9249548,
            35.9496844
          ],
          [
            -83.9249783,
            35.9496113
          ],
          [
            -83.9249102,
            35.9495873
          ],
          [
            -83.9248517,
            35.9495668
          ]
        ]
      },
      "id": "way/947417771"
    },
    {
      "type": "Feature",
      "properties": {
        "@id": "way/952873277",
        "bicycle": "yes",
        "foot": "yes",
        "highway": "path",
        "horse": "no",
        "motor_vehicle": "no",
        "name": "Dogwood Elementary Greenway",
        "surface": "asphalt"
      },
      "geometry": {
        "type": "LineString",
        "coordinates": [
          [
            -83.9024034,
            35.9480466
          ],
          [
            -83.9024856,
            35.9480285
          ],
          [
            -83.9025527,
            35.9480087
          ],
          [
            -83.9026136,
            35.9479808
          ],
          [
            -83.9026706,
            35.9479462
          ],
          [
            -83.9027254,
            35.94791
          ],
          [
            -83.9027681,
            35.9478853
          ],
          [
            -83.902821,
            35.9478557
          ],
          [
            -83.9028738,
            35.9478277
          ],
          [
            -83.9029348,
            35.9478113
          ],
          [
            -83.9029978,
            35.9477915
          ],
          [
            -83.9030791,
            35.9477816
          ],
          [
            -83.9031544,
            35.9477734
          ],
          [
            -83.9032255,
            35.9477635
          ],
          [
            -83.9032905,
            35.9477553
          ],
          [
            -83.9033637,
            35.9477438
          ],
          [
            -83.9034206,
            35.9477323
          ],
          [
            -83.903502,
            35.9477142
          ],
          [
            -83.9035751,
            35.9476911
          ],
          [
            -83.9036422,
            35.9476665
          ],
          [
            -83.9036707,
            35.9476319
          ],
          [
            -83.9036951,
            35.9475875
          ],
          [
            -83.9037113,
            35.9475299
          ],
          [
            -83.9037276,
            35.947469
          ],
          [
            -83.9037377,
            35.9474081
          ],
          [
            -83.9037398,
            35.9473571
          ],
          [
            -83.903752,
            35.9472978
          ],
          [
            -83.9037621,
            35.9472386
          ],
          [
            -83.9037743,
            35.9471777
          ],
          [
            -83.9037845,
            35.9471135
          ],
          [
            -83.9037947,
            35.9470477
          ],
          [
            -83.9038028,
            35.9469868
          ],
          [
            -83.903813,
            35.9469342
          ],
          [
            -83.9038272,
            35.9468782
          ],
          [
            -83.9038455,
            35.9468074
          ],
          [
            -83.9038556,
            35.9467531
          ],
          [
            -83.9038678,
            35.946689
          ],
          [
            -83.9038495,
            35.9466297
          ],
          [
            -83.9038252,
            35.9465836
          ],
          [
            -83.9037581,
            35.9465524
          ],
          [
            -83.9036666,
            35.9465491
          ],
          [
            -83.903567,
            35.9465507
          ],
          [
            -83.9034898,
            35.9465557
          ],
          [
            -83.9034328,
            35.9465441
          ],
          [
            -83.9033698,
            35.946526
          ],
          [
            -83.9033271,
            35.9465162
          ],
          [
            -83.903256,
            35.9465096
          ],
          [
            -83.9031808,
            35.9465096
          ],
          [
            -83.9031076,
            35.946503
          ],
          [
            -83.9030385,
            35.9464948
          ],
          [
            -83.9029673,
            35.9464898
          ],
          [
            -83.9029104,
            35.9464898
          ],
          [
            -83.9028616,
            35.9464767
          ],
          [
            -83.9028616,
            35.9464421
          ],
          [
            -83.9028535,
            35.9463944
          ],
          [
            -83.902823,
            35.9463648
          ],
          [
            -83.9027885,
            35.9463368
          ],
          [
            -83.9027909,
            35.9462879
          ]
        ]
      },
      "id": "way/952873277"
    },
    {
      "type": "Feature",
      "properties": {
        "@id": "way/953885829",
        "bicycle": "yes",
        "foot": "yes",
        "highway": "path",
        "horse": "no",
        "motor_vehicle": "no",
        "mtb:scale:imba": "1",
        "name": "Fort Dickerson Quarry Greenway",
        "surface": "gravel"
      },
      "geometry": {
        "type": "LineString",
        "coordinates": [
          [
            -83.9194344,
            35.9443914
          ],
          [
            -83.9194142,
            35.9443098
          ],
          [
            -83.919399,
            35.9442404
          ],
          [
            -83.9193518,
            35.9442506
          ],
          [
            -83.919233,
            35.9442684
          ],
          [
            -83.9191173,
            35.9442737
          ],
          [
            -83.9189746,
            35.9442801
          ],
          [
            -83.9189066,
            35.9442652
          ],
          [
            -83.918835,
            35.944233
          ],
          [
            -83.9187764,
            35.9441542
          ],
          [
            -83.9187223,
            35.9440747
          ],
          [
            -83.9186454,
            35.944
          ],
          [
            -83.9185543,
            35.9439368
          ],
          [
            -83.918495,
            35.9439352
          ],
          [
            -83.9184491,
            35.9439647
          ],
          [
            -83.9183916,
            35.9440095
          ],
          [
            -83.9183151,
            35.9440662
          ],
          [
            -83.9182201,
            35.9441273
          ],
          [
            -83.9181608,
            35.9441493
          ],
          [
            -83.9180861,
            35.9441775
          ],
          [
            -83.9179928,
            35.9441993
          ],
          [
            -83.917923,
            35.9442209
          ],
          [
            -83.9178188,
            35.944249
          ],
          [
            -83.9177475,
            35.9442622
          ],
          [
            -83.9176335,
            35.9442805
          ],
          [
            -83.9175275,
            35.944293
          ],
          [
            -83.9174228,
            35.9443099
          ],
          [
            -83.917328,
            35.9443227
          ],
          [
            -83.9172424,
            35.9443311
          ],
          [
            -83.9171687,
            35.9443354
          ],
          [
            -83.9171,
            35.9443397
          ],
          [
            -83.9170273,
            35.9443354
          ],
          [
            -83.9169638,
            35.9443362
          ],
          [
            -83.9169016,
            35.9443413
          ],
          [
            -83.9168459,
            35.9443512
          ],
          [
            -83.9167809,
            35.9443713
          ],
          [
            -83.9166828,
            35.944402
          ],
          [
            -83.9166172,
            35.9444242
          ],
          [
            -83.9165356,
            35.9444571
          ],
          [
            -83.9164962,
            35.9444852
          ],
          [
            -83.9164635,
            35.9445117
          ],
          [
            -83.9164418,
            35.9445507
          ],
          [
            -83.9164281,
            35.9446048
          ],
          [
            -83.9164215,
            35.9446521
          ],
          [
            -83.9164166,
            35.9447105
          ],
          [
            -83.9164156,
            35.9447765
          ],
          [
            -83.9164155,
            35.9448276
          ],
          [
            -83.9164152,
            35.944864
          ],
          [
            -83.9164255,
            35.9449079
          ],
          [
            -83.9164476,
            35.944929
          ],
          [
            -83.9164784,
            35.944948
          ],
          [
            -83.9165104,
            35.944967
          ],
          [
            -83.9165574,
            35.9449805
          ],
          [
            -83.9166188,
            35.9449949
          ],
          [
            -83.9166819,
            35.9450053
          ],
          [
            -83.9167222,
            35.9450184
          ],
          [
            -83.9167738,
            35.9450421
          ],
          [
            -83.9168137,
            35.9450573
          ],
          [
            -83.916852,
            35.9450685
          ],
          [
            -83.9169064,
            35.9450795
          ],
          [
            -83.9169533,
            35.9450864
          ],
          [
            -83.9169905,
            35.9450857
          ],
          [
            -83.9170349,
            35.9450813
          ],
          [
            -83.9170779,
            35.9450764
          ],
          [
            -83.917116,
            35.9450693
          ],
          [
            -83.9171789,
            35.9450577
          ],
          [
            -83.91725,
            35.9450475
          ],
          [
            -83.9173107,
            35.9450365
          ],
          [
            -83.9173496,
            35.9450324
          ],
          [
            -83.9174026,
            35.9450289
          ],
          [
            -83.9174449,
            35.9450293
          ],
          [
            -83.9175014,
            35.9450303
          ],
          [
            -83.9175524,
            35.9450361
          ],
          [
            -83.917617,
            35.9450498
          ],
          [
            -83.9176659,
            35.9450532
          ],
          [
            -83.9177199,
            35.9450621
          ],
          [
            -83.9177571,
            35.9450761
          ],
          [
            -83.9178109,
            35.9450861
          ],
          [
            -83.9178483,
            35.9450869
          ],
          [
            -83.917884,
            35.9450797
          ],
          [
            -83.9179074,
            35.945062
          ],
          [
            -83.9179275,
            35.9450429
          ],
          [
            -83.9179529,
            35.9450175
          ],
          [
            -83.91797,
            35.9449908
          ],
          [
            -83.9179849,
            35.9449685
          ],
          [
            -83.9180086,
            35.9449439
          ],
          [
            -83.9180555,
            35.944906
          ],
          [
            -83.9181223,
            35.9448681
          ],
          [
            -83.9181676,
            35.9448478
          ],
          [
            -83.9182128,
            35.9448323
          ],
          [
            -83.9183678,
            35.9447912
          ],
          [
            -83.9184876,
            35.9447606
          ],
          [
            -83.9185941,
            35.9447287
          ],
          [
            -83.9187055,
            35.9447052
          ],
          [
            -83.9187818,
            35.9446853
          ]
        ]
      },
      "id": "way/953885829"
    },
    {
      "type": "Feature",
      "properties": {
        "@id": "way/999707587",
        "bicycle": "designated",
        "foot": "designated",
        "highway": "cycleway",
        "name": "Victor Ashe Greenway",
        "surface": "paved"
      },
      "geometry": {
        "type": "LineString",
        "coordinates": [
          [
            -84.004447,
            35.9830922
          ],
          [
            -84.0044456,
            35.9831744
          ],
          [
            -84.004329,
            35.9833568
          ],
          [
            -84.0042437,
            35.9835264
          ],
          [
            -84.0042873,
            35.9836549
          ],
          [
            -84.0043013,
            35.9837835
          ],
          [
            -84.0042704,
            35.9839359
          ],
          [
            -84.0042901,
            35.9840622
          ],
          [
            -84.0043379,
            35.9842214
          ],
          [
            -84.0043463,
            35.9844205
          ],
          [
            -84.0043323,
            35.9845525
          ],
          [
            -84.0043172,
            35.9846192
          ],
          [
            -84.0042862,
            35.9846743
          ],
          [
            -84.0042507,
            35.9847345
          ],
          [
            -84.0040822,
            35.9849207
          ],
          [
            -84.0040313,
            35.984953
          ],
          [
            -84.0039752,
            35.9849643
          ],
          [
            -84.0037052,
            35.9849887
          ],
          [
            -84.0036637,
            35.985
          ],
          [
            -84.0036284,
            35.985017
          ],
          [
            -84.0035056,
            35.9850837
          ],
          [
            -84.0033949,
            35.9851382
          ],
          [
            -84.0033155,
            35.9851693
          ],
          [
            -84.0032586,
            35.98519
          ],
          [
            -84.0032076,
            35.9852202
          ],
          [
            -84.0031733,
            35.985252
          ],
          [
            -84.0031415,
            35.9852881
          ],
          [
            -84.0031052,
            35.9853426
          ],
          [
            -84.0030734,
            35.9854255
          ]
        ]
      },
      "id": "way/999707587"
    },
    {
      "type": "Feature",
      "properties": {
        "@id": "way/999707588",
        "bicycle": "designated",
        "bridge": "yes",
        "foot": "designated",
        "highway": "cycleway",
        "name": "Victor Ashe Greenway",
        "oneway": "no",
        "segregated": "no",
        "surface": "paved"
      },
      "geometry": {
        "type": "LineString",
        "coordinates": [
          [
            -84.004452,
            35.9817457
          ],
          [
            -84.0043933,
            35.981843
          ]
        ]
      },
      "id": "way/999707588"
    },
    {
      "type": "Feature",
      "properties": {
        "@id": "way/999707591",
        "bicycle": "designated",
        "foot": "designated",
        "highway": "cycleway",
        "name": "Victor Ashe Greenway",
        "oneway": "no",
        "segregated": "no",
        "surface": "paved"
      },
      "geometry": {
        "type": "LineString",
        "coordinates": [
          [
            -84.0043933,
            35.981843
          ],
          [
            -84.0043765,
            35.981873
          ],
          [
            -84.0043729,
            35.9818956
          ],
          [
            -84.0043809,
            35.9819197
          ],
          [
            -84.0043972,
            35.9819503
          ],
          [
            -84.0044398,
            35.9820164
          ],
          [
            -84.0044602,
            35.9820736
          ],
          [
            -84.004485,
            35.9821459
          ],
          [
            -84.004503,
            35.9822107
          ],
          [
            -84.0045093,
            35.9822481
          ],
          [
            -84.0045147,
            35.9822939
          ],
          [
            -84.0045205,
            35.9824018
          ],
          [
            -84.004529,
            35.9824344
          ],
          [
            -84.0045302,
            35.9824745
          ],
          [
            -84.0045249,
            35.9825298
          ],
          [
            -84.0044068,
            35.9827039
          ],
          [
            -84.0043801,
            35.9827835
          ],
          [
            -84.0044242,
            35.9829951
          ]
        ]
      },
      "id": "way/999707591"
    },
    {
      "type": "Feature",
      "properties": {
        "@id": "way/999707592",
        "bicycle": "designated",
        "bridge": "yes",
        "foot": "designated",
        "highway": "cycleway",
        "name": "Victor Ashe Greenway",
        "oneway": "no",
        "segregated": "no",
        "surface": "paved"
      },
      "geometry": {
        "type": "LineString",
        "coordinates": [
          [
            -84.0044242,
            35.9829951
          ],
          [
            -84.004447,
            35.9830922
          ]
        ]
      },
      "id": "way/999707592"
    },
    {
      "type": "Feature",
      "properties": {
        "@id": "way/1010328241",
        "highway": "path",
        "horse": "no",
        "name": "Charter Doyle Greenway",
        "surface": "asphalt"
      },
      "geometry": {
        "type": "LineString",
        "coordinates": [
          [
            -83.9018653,
            35.9203094
          ],
          [
            -83.9016905,
            35.9204115
          ],
          [
            -83.9014791,
            35.920428
          ],
          [
            -83.901414,
            35.9204905
          ],
          [
            -83.9012189,
            35.9206321
          ],
          [
            -83.9010725,
            35.9207769
          ],
          [
            -83.9008815,
            35.9209745
          ],
          [
            -83.9006782,
            35.9210173
          ],
          [
            -83.9003855,
            35.9210469
          ],
          [
            -83.9001985,
            35.9210436
          ],
          [
            -83.9000846,
            35.9209975
          ],
          [
            -83.9000277,
            35.9208691
          ],
          [
            -83.9000684,
            35.9207506
          ],
          [
            -83.9000318,
            35.9206485
          ],
          [
            -83.8999992,
            35.9205662
          ],
          [
            -83.8998041,
            35.9202963
          ],
          [
            -83.8998041,
            35.9202041
          ],
          [
            -83.8998122,
            35.9201448
          ],
          [
            -83.8999911,
            35.9200823
          ],
          [
            -83.9000846,
            35.9200625
          ],
          [
            -83.9001497,
            35.9199999
          ],
          [
            -83.9002245,
            35.9199271
          ],
          [
            -83.9002808,
            35.9198461
          ]
        ]
      },
      "id": "way/1010328241"
    },
    {
      "type": "Feature",
      "properties": {
        "@id": "way/1011569640",
        "bridge": "yes",
        "foot": "yes",
        "highway": "cycleway",
        "layer": "1",
        "name": "Third Creek Greenway",
        "surface": "asphalt"
      },
      "geometry": {
        "type": "LineString",
        "coordinates": [
          [
            -83.9515814,
            35.9545906
          ],
          [
            -83.9515375,
            35.9544302
          ]
        ]
      },
      "id": "way/1011569640"
    },
    {
      "type": "Feature",
      "properties": {
        "@id": "way/1012201264",
        "bicycle": "designated",
        "foot": "designated",
        "highway": "cycleway",
        "horse": "no",
        "name": "Liberty Greenway",
        "surface": "asphalt"
      },
      "geometry": {
        "type": "LineString",
        "coordinates": [
          [
            -83.9655022,
            35.9604678
          ],
          [
            -83.9654757,
            35.9608015
          ],
          [
            -83.9654544,
            35.9610651
          ],
          [
            -83.9654409,
            35.9611084
          ],
          [
            -83.9654633,
            35.9611911
          ],
          [
            -83.9655022,
            35.9612412
          ]
        ]
      },
      "id": "way/1012201264"
    },
    {
      "type": "Feature",
      "properties": {
        "@id": "way/1012201265",
        "bicycle": "designated",
        "bridge": "yes",
        "foot": "designated",
        "highway": "cycleway",
        "horse": "no",
        "layer": "1",
        "name": "Liberty Greenway",
        "surface": "asphalt"
      },
      "geometry": {
        "type": "LineString",
        "coordinates": [
          [
            -83.9655822,
            35.9585789
          ],
          [
            -83.9655606,
            35.9588936
          ],
          [
            -83.9655394,
            35.9592245
          ],
          [
            -83.9655305,
            35.9593992
          ]
        ]
      },
      "id": "way/1012201265"
    },
    {
      "type": "Feature",
      "properties": {
        "@id": "way/1012201266",
        "bicycle": "designated",
        "foot": "designated",
        "highway": "cycleway",
        "horse": "no",
        "name": "Liberty Greenway",
        "surface": "asphalt"
      },
      "geometry": {
        "type": "LineString",
        "coordinates": [
          [
            -83.9655305,
            35.9593992
          ],
          [
            -83.9655199,
            35.9601183
          ],
          [
            -83.9655164,
            35.9601684
          ]
        ]
      },
      "id": "way/1012201266"
    },
    {
      "type": "Feature",
      "properties": {
        "@id": "way/1012201267",
        "crossing": "marked",
        "crossing:markings": "yes",
        "cycleway": "crossing",
        "highway": "cycleway",
        "horse": "no",
        "name": "Liberty Greenway",
        "surface": "asphalt"
      },
      "geometry": {
        "type": "LineString",
        "coordinates": [
          [
            -83.9655164,
            35.9601684
          ],
          [
            -83.9655128,
            35.9602185
          ],
          [
            -83.9655048,
            35.9603151
          ],
          [
            -83.9654987,
            35.9604033
          ],
          [
            -83.9655022,
            35.9604678
          ]
        ]
      },
      "id": "way/1012201267"
    },
    {
      "type": "Feature",
      "properties": {
        "@id": "way/1012201268",
        "bicycle": "designated",
        "foot": "designated",
        "highway": "cycleway",
        "horse": "no",
        "name": "Liberty Greenway",
        "surface": "asphalt"
      },
      "geometry": {
        "type": "LineString",
        "coordinates": [
          [
            -83.9656898,
            35.9571711
          ],
          [
            -83.9656721,
            35.9573366
          ],
          [
            -83.965665,
            35.9575314
          ],
          [
            -83.9656579,
            35.957762
          ],
          [
            -83.9656385,
            35.9580342
          ],
          [
            -83.9656066,
            35.9583565
          ],
          [
            -83.9655822,
            35.9585789
          ]
        ]
      },
      "id": "way/1012201268"
    },
    {
      "type": "Feature",
      "properties": {
        "@id": "way/1012201269",
        "crossing": "unmarked",
        "cycleway": "crossing",
        "highway": "cycleway",
        "horse": "no",
        "name": "Liberty Street Greenway",
        "surface": "asphalt"
      },
      "geometry": {
        "type": "LineString",
        "coordinates": [
          [
            -83.965696,
            35.9570543
          ],
          [
            -83.9656933,
            35.9571034
          ],
          [
            -83.9656898,
            35.9571711
          ]
        ]
      },
      "id": "way/1012201269"
    },
    {
      "type": "Feature",
      "properties": {
        "@id": "way/1012201270",
        "bicycle": "designated",
        "foot": "designated",
        "highway": "cycleway",
        "horse": "no",
        "name": "Liberty Greenway",
        "surface": "asphalt"
      },
      "geometry": {
        "type": "LineString",
        "coordinates": [
          [
            -83.9657424,
            35.956258
          ],
          [
            -83.9657199,
            35.9566275
          ],
          [
            -83.9657039,
            35.9569011
          ],
          [
            -83.965696,
            35.9570543
          ]
        ]
      },
      "id": "way/1012201270"
    },
    {
      "type": "Feature",
      "properties": {
        "@id": "way/1012201271",
        "bicycle": "designated",
        "crossing": "uncontrolled",
        "crossing:markings": "zebra",
        "cycleway": "crossing",
        "foot": "designated",
        "highway": "cycleway",
        "horse": "no",
        "motor_vehicle": "no",
        "name": "Liberty Street Greenway",
        "surface": "asphalt"
      },
      "geometry": {
        "type": "LineString",
        "coordinates": [
          [
            -83.9657267,
            35.9561498
          ],
          [
            -83.9657199,
            35.9561563
          ],
          [
            -83.9657337,
            35.9562006
          ],
          [
            -83.9657431,
            35.9562386
          ],
          [
            -83.9657424,
            35.956258
          ]
        ]
      },
      "id": "way/1012201271"
    },
    {
      "type": "Feature",
      "properties": {
        "@id": "way/1029404733",
        "bicycle": "designated",
        "foot": "designated",
        "highway": "cycleway",
        "name": "Knox-Blount Greenway"
      },
      "geometry": {
        "type": "LineString",
        "coordinates": [
          [
            -83.9506761,
            35.9290758
          ],
          [
            -83.9507536,
            35.9288274
          ]
        ]
      },
      "id": "way/1029404733"
    },
    {
      "type": "Feature",
      "properties": {
        "@id": "way/1036176293",
        "bicycle": "designated",
        "foot": "designated",
        "highway": "cycleway",
        "name": "Victor Ashe Greenway",
        "oneway": "no",
        "segregated": "no",
        "surface": "paved"
      },
      "geometry": {
        "type": "LineString",
        "coordinates": [
          [
            -83.9960302,
            35.9825147
          ],
          [
            -83.9960545,
            35.9825081
          ],
          [
            -83.9960831,
            35.9825019
          ],
          [
            -83.9961105,
            35.9824991
          ],
          [
            -83.9961449,
            35.9824944
          ],
          [
            -83.996186,
            35.9824947
          ]
        ]
      },
      "id": "way/1036176293"
    },
    {
      "type": "Feature",
      "properties": {
        "@id": "way/1041570148",
        "bicycle": "designated",
        "crossing": "marked",
        "crossing:markings": "zebra",
        "cycleway": "crossing",
        "foot": "designated",
        "highway": "cycleway",
        "name": "Pleasant Ridge Greenway",
        "surface": "paved"
      },
      "geometry": {
        "type": "LineString",
        "coordinates": [
          [
            -83.9967302,
            35.9879156
          ],
          [
            -83.9966719,
            35.9878884
          ],
          [
            -83.9966031,
            35.9878592
          ],
          [
            -83.9965973,
            35.987838
          ]
        ]
      },
      "id": "way/1041570148"
    },
    {
      "type": "Feature",
      "properties": {
        "@id": "way/1041570149",
        "bicycle": "designated",
        "foot": "designated",
        "highway": "cycleway",
        "name": "Pleasant Ridge Greenway",
        "oneway": "no",
        "segregated": "no",
        "surface": "asphalt"
      },
      "geometry": {
        "type": "LineString",
        "coordinates": [
          [
            -83.9965973,
            35.987838
          ],
          [
            -83.9965784,
            35.9878377
          ],
          [
            -83.9965623,
            35.9878346
          ],
          [
            -83.9965415,
            35.9878274
          ],
          [
            -83.9963077,
            35.9877227
          ],
          [
            -83.9961536,
            35.9876601
          ],
          [
            -83.9960984,
            35.9876391
          ],
          [
            -83.9959942,
            35.9875993
          ],
          [
            -83.995787,
            35.9875214
          ],
          [
            -83.9955925,
            35.9874482
          ],
          [
            -83.9954292,
            35.9873877
          ],
          [
            -83.9952182,
            35.9873082
          ],
          [
            -83.9950514,
            35.9872444
          ],
          [
            -83.9950294,
            35.9872341
          ],
          [
            -83.9950225,
            35.9872266
          ],
          [
            -83.9950152,
            35.9872154
          ],
          [
            -83.9950133,
            35.9872098
          ]
        ]
      },
      "id": "way/1041570149"
    },
    {
      "type": "Feature",
      "properties": {
        "@id": "way/1041570150",
        "bicycle": "designated",
        "crossing": "marked",
        "cycleway": "crossing",
        "foot": "designated",
        "highway": "cycleway",
        "name": "Pleasant Ridge Greenway",
        "surface": "paved"
      },
      "geometry": {
        "type": "LineString",
        "coordinates": [
          [
            -83.9950133,
            35.9872098
          ],
          [
            -83.9949859,
            35.9872154
          ],
          [
            -83.9949355,
            35.9871977
          ],
          [
            -83.9948715,
            35.9871758
          ],
          [
            -83.9948596,
            35.9871587
          ]
        ]
      },
      "id": "way/1041570150"
    },
    {
      "type": "Feature",
      "properties": {
        "@id": "way/1041570151",
        "bicycle": "designated",
        "foot": "designated",
        "highway": "cycleway",
        "name": "Pleasant Ridge Greenway",
        "oneway": "no",
        "segregated": "no",
        "surface": "asphalt"
      },
      "geometry": {
        "type": "LineString",
        "coordinates": [
          [
            -83.9948596,
            35.9871587
          ],
          [
            -83.994843,
            35.9871633
          ],
          [
            -83.9948253,
            35.9871636
          ],
          [
            -83.9947903,
            35.9871565
          ],
          [
            -83.994756,
            35.9871434
          ],
          [
            -83.9945511,
            35.9870764
          ],
          [
            -83.9943393,
            35.9870097
          ],
          [
            -83.994181,
            35.986963
          ],
          [
            -83.993973,
            35.98691
          ],
          [
            -83.9938228,
            35.986872
          ],
          [
            -83.993693,
            35.986843
          ],
          [
            -83.9935317,
            35.9868037
          ],
          [
            -83.9934924,
            35.9867928
          ]
        ]
      },
      "id": "way/1041570151"
    },
    {
      "type": "Feature",
      "properties": {
        "@id": "way/1041570152",
        "bicycle": "designated",
        "crossing": "marked",
        "cycleway": "crossing",
        "foot": "designated",
        "highway": "cycleway",
        "name": "Pleasant Ridge Greenway",
        "surface": "paved"
      },
      "geometry": {
        "type": "LineString",
        "coordinates": [
          [
            -83.9934924,
            35.9867928
          ],
          [
            -83.9934307,
            35.9867763
          ],
          [
            -83.9933557,
            35.9867579
          ]
        ]
      },
      "id": "way/1041570152"
    },
    {
      "type": "Feature",
      "properties": {
        "@id": "way/1041570153",
        "bicycle": "designated",
        "foot": "designated",
        "highway": "cycleway",
        "name": "Pleasant Ridge Greenway",
        "oneway": "no",
        "segregated": "no",
        "surface": "asphalt"
      },
      "geometry": {
        "type": "LineString",
        "coordinates": [
          [
            -83.9933557,
            35.9867579
          ],
          [
            -83.993321,
            35.9867567
          ],
          [
            -83.993259,
            35.9867517
          ],
          [
            -83.9931673,
            35.9867355
          ],
          [
            -83.9928411,
            35.9866781
          ],
          [
            -83.9925322,
            35.9866351
          ],
          [
            -83.9922808,
            35.9866058
          ],
          [
            -83.9919854,
            35.9865772
          ],
          [
            -83.9916907,
            35.9865535
          ],
          [
            -83.9916233,
            35.9865472
          ],
          [
            -83.9913503,
            35.9865273
          ],
          [
            -83.9913241,
            35.9865211
          ],
          [
            -83.9913037,
            35.9865133
          ],
          [
            -83.9912883,
            35.9865049
          ],
          [
            -83.9912721,
            35.9864896
          ]
        ]
      },
      "id": "way/1041570153"
    },
    {
      "type": "Feature",
      "properties": {
        "@id": "way/1051110792",
        "bicycle": "designated",
        "foot": "designated",
        "highway": "cycleway",
        "name": "Weisgarber Greenway",
        "surface": "paved"
      },
      "geometry": {
        "type": "LineString",
        "coordinates": [
          [
            -84.010898,
            35.9421025
          ],
          [
            -84.0109204,
            35.942116
          ],
          [
            -84.0109212,
            35.9421455
          ],
          [
            -84.0109548,
            35.942348
          ],
          [
            -84.0109861,
            35.9424909
          ],
          [
            -84.0110185,
            35.9426185
          ],
          [
            -84.0110686,
            35.9427859
          ],
          [
            -84.011101,
            35.9428789
          ],
          [
            -84.0111699,
            35.9430471
          ],
          [
            -84.0112367,
            35.9431747
          ],
          [
            -84.0113652,
            35.943381
          ],
          [
            -84.0114633,
            35.9435163
          ],
          [
            -84.0116011,
            35.9436862
          ],
          [
            -84.0117807,
            35.9438882
          ],
          [
            -84.0120626,
            35.9441773
          ],
          [
            -84.0122558,
            35.9443683
          ],
          [
            -84.0125503,
            35.9446591
          ],
          [
            -84.0127152,
            35.9448426
          ],
          [
            -84.0128082,
            35.9449567
          ],
          [
            -84.0128959,
            35.9450759
          ],
          [
            -84.0129533,
            35.945157
          ],
          [
            -84.0130629,
            35.9453227
          ],
          [
            -84.0131172,
            35.945414
          ],
          [
            -84.0131903,
            35.9455661
          ],
          [
            -84.0132592,
            35.9457428
          ],
          [
            -84.013325,
            35.9459288
          ],
          [
            -84.0133615,
            35.9460522
          ],
          [
            -84.0133876,
            35.9462001
          ],
          [
            -84.0134085,
            35.9463599
          ],
          [
            -84.0134211,
            35.9465256
          ],
          [
            -84.0134208,
            35.9465404
          ],
          [
            -84.0134158,
            35.9467969
          ],
          [
            -84.0133918,
            35.9471561
          ],
          [
            -84.0133657,
            35.9473776
          ],
          [
            -84.0133597,
            35.9474253
          ],
          [
            -84.013342,
            35.9475487
          ],
          [
            -84.0133365,
            35.947594
          ],
          [
            -84.0133031,
            35.9478679
          ],
          [
            -84.0132874,
            35.9480758
          ],
          [
            -84.0132885,
            35.9483395
          ],
          [
            -84.0132905,
            35.9484858
          ],
          [
            -84.0132979,
            35.9485771
          ],
          [
            -84.0133011,
            35.9486588
          ],
          [
            -84.0133588,
            35.9488813
          ],
          [
            -84.0133811,
            35.9489672
          ],
          [
            -84.013435,
            35.949113
          ],
          [
            -84.0135689,
            35.9494096
          ],
          [
            -84.0135906,
            35.9494518
          ],
          [
            -84.0136259,
            35.9495205
          ],
          [
            -84.0137583,
            35.9497224
          ],
          [
            -84.0139492,
            35.9499442
          ],
          [
            -84.0140523,
            35.9500626
          ],
          [
            -84.0140857,
            35.9501013
          ],
          [
            -84.0141447,
            35.9501698
          ],
          [
            -84.0143541,
            35.9503854
          ],
          [
            -84.0144418,
            35.9504577
          ],
          [
            -84.0145034,
            35.9504851
          ],
          [
            -84.0145665,
            35.950505
          ],
          [
            -84.0146281,
            35.950515
          ],
          [
            -84.0146681,
            35.950515
          ],
          [
            -84.0146708,
            35.9505298
          ],
          [
            -84.0146733,
            35.950577
          ],
          [
            -84.0146755,
            35.9506197
          ],
          [
            -84.0147088,
            35.9506892
          ],
          [
            -84.0147394,
            35.9507149
          ],
          [
            -84.0148005,
            35.9507605
          ],
          [
            -84.0148619,
            35.9508052
          ],
          [
            -84.0149437,
            35.950862
          ]
        ]
      },
      "id": "way/1051110792"
    },
    {
      "type": "Feature",
      "properties": {
        "@id": "way/1066316062",
        "bicycle": "designated",
        "foot": "designated",
        "highway": "cycleway",
        "name": "Neyland Greenway",
        "oneway": "no",
        "segregated": "no",
        "surface": "paved"
      },
      "geometry": {
        "type": "LineString",
        "coordinates": [
          [
            -83.935851,
            35.9432358
          ],
          [
            -83.9361125,
            35.9431963
          ],
          [
            -83.9361635,
            35.9432058
          ],
          [
            -83.9363068,
            35.9432694
          ],
          [
            -83.9363372,
            35.9432888
          ],
          [
            -83.9366983,
            35.9432633
          ],
          [
            -83.9373965,
            35.9432471
          ],
          [
            -83.9376399,
            35.9432599
          ],
          [
            -83.9379364,
            35.9432869
          ],
          [
            -83.9381897,
            35.9433473
          ],
          [
            -83.9386118,
            35.9434538
          ],
          [
            -83.9390202,
            35.9435857
          ],
          [
            -83.939352,
            35.9437033
          ],
          [
            -83.9394717,
            35.9437574
          ],
          [
            -83.9397152,
            35.9439068
          ],
          [
            -83.9398271,
            35.943991
          ],
          [
            -83.9398605,
            35.9441293
          ],
          [
            -83.9399127,
            35.9441874
          ],
          [
            -83.9399513,
            35.9442303
          ]
        ]
      },
      "id": "way/1066316062"
    },
    {
      "type": "Feature",
      "properties": {
        "@id": "way/1068062333",
        "bicycle": "designated",
        "foot": "designated",
        "highway": "cycleway",
        "name": "Competine Trail"
      },
      "geometry": {
        "type": "LineString",
        "coordinates": [
          [
            -93.0940822,
            41.3110943
          ],
          [
            -93.0947455,
            41.3110927
          ],
          [
            -93.0948221,
            41.3110768
          ],
          [
            -93.094977,
            41.3110236
          ],
          [
            -93.0950392,
            41.3110148
          ],
          [
            -93.0954465,
            41.311013
          ],
          [
            -93.0955319,
            41.310999
          ],
          [
            -93.0956595,
            41.3109441
          ],
          [
            -93.0957384,
            41.310908
          ],
          [
            -93.0958172,
            41.3108985
          ],
          [
            -93.0965152,
            41.3108603
          ],
          [
            -93.097091,
            41.3108261
          ],
          [
            -93.0972728,
            41.3108302
          ],
          [
            -93.0975749,
            41.3107697
          ],
          [
            -93.0976811,
            41.3107715
          ],
          [
            -93.0978655,
            41.3108109
          ],
          [
            -93.0980123,
            41.3108187
          ],
          [
            -93.0981751,
            41.3108087
          ],
          [
            -93.0982715,
            41.310809
          ],
          [
            -93.0984394,
            41.3108137
          ],
          [
            -93.0986073,
            41.3108529
          ],
          [
            -93.098729,
            41.3108932
          ],
          [
            -93.0988384,
            41.3109426
          ],
          [
            -93.0990055,
            41.3110349
          ],
          [
            -93.0991157,
            41.3110823
          ],
          [
            -93.0992676,
            41.3111141
          ],
          [
            -93.0994239,
            41.3111227
          ],
          [
            -93.0998283,
            41.3111206
          ]
        ]
      },
      "id": "way/1068062333"
    },
    {
      "type": "Feature",
      "properties": {
        "@id": "way/1068062411",
        "bicycle": "designated",
        "foot": "designated",
        "highway": "cycleway",
        "name": "Competine Trail"
      },
      "geometry": {
        "type": "LineString",
        "coordinates": [
          [
            -93.0999424,
            41.3111229
          ],
          [
            -93.0999601,
            41.3111236
          ],
          [
            -93.0999594,
            41.311557
          ],
          [
            -93.0999821,
            41.3115886
          ],
          [
            -93.1000409,
            41.3116076
          ],
          [
            -93.1001706,
            41.3115999
          ],
          [
            -93.1003091,
            41.3115962
          ],
          [
            -93.1011436,
            41.3115898
          ],
          [
            -93.1011994,
            41.3115972
          ],
          [
            -93.1012309,
            41.3116107
          ],
          [
            -93.1013648,
            41.3117007
          ],
          [
            -93.1014204,
            41.3117134
          ],
          [
            -93.1016949,
            41.3117342
          ],
          [
            -93.1017842,
            41.3117726
          ],
          [
            -93.1018614,
            41.3118193
          ],
          [
            -93.1020095,
            41.3119325
          ],
          [
            -93.1021474,
            41.3120449
          ],
          [
            -93.1022187,
            41.3120829
          ],
          [
            -93.1023211,
            41.31211
          ],
          [
            -93.1025866,
            41.3121177
          ],
          [
            -93.1030378,
            41.3121259
          ],
          [
            -93.1034138,
            41.3121333
          ],
          [
            -93.1035355,
            41.3121593
          ],
          [
            -93.1036502,
            41.3122104
          ],
          [
            -93.1044562,
            41.3125868
          ],
          [
            -93.1045195,
            41.3126106
          ],
          [
            -93.1045876,
            41.3126173
          ],
          [
            -93.1046526,
            41.3126048
          ],
          [
            -93.1047192,
            41.3125707
          ],
          [
            -93.1047796,
            41.3125152
          ],
          [
            -93.1048429,
            41.3123866
          ],
          [
            -93.1048398,
            41.3122796
          ],
          [
            -93.1048149,
            41.3122
          ],
          [
            -93.1046726,
            41.3120086
          ],
          [
            -93.104648,
            41.3119487
          ],
          [
            -93.1046335,
            41.3118903
          ],
          [
            -93.104629,
            41.3118312
          ],
          [
            -93.1046305,
            41.3117706
          ],
          [
            -93.104653,
            41.3116851
          ],
          [
            -93.1046857,
            41.311605
          ],
          [
            -93.104804,
            41.3114777
          ],
          [
            -93.1049725,
            41.3113746
          ],
          [
            -93.1053653,
            41.3111765
          ],
          [
            -93.1055111,
            41.3110706
          ],
          [
            -93.1055979,
            41.3110274
          ],
          [
            -93.1056523,
            41.3110125
          ],
          [
            -93.1058104,
            41.3109808
          ],
          [
            -93.1058867,
            41.3109523
          ],
          [
            -93.1059508,
            41.31091
          ],
          [
            -93.1059949,
            41.3108476
          ],
          [
            -93.1060289,
            41.3107775
          ],
          [
            -93.1060969,
            41.3106057
          ],
          [
            -93.1061281,
            41.310539
          ],
          [
            -93.1061744,
            41.3104856
          ],
          [
            -93.1062391,
            41.3104665
          ],
          [
            -93.1072331,
            41.3104716
          ]
        ]
      },
      "id": "way/1068062411"
    },
    {
      "type": "Feature",
      "properties": {
        "@id": "way/1068062412",
        "bicycle": "designated",
        "foot": "designated",
        "highway": "cycleway",
        "name": "Competine Trail"
      },
      "geometry": {
        "type": "LineString",
        "coordinates": [
          [
            -93.1047796,
            41.3125152
          ],
          [
            -93.1048895,
            41.3125621
          ],
          [
            -93.1049886,
            41.3126183
          ],
          [
            -93.1050393,
            41.3126748
          ],
          [
            -93.1050745,
            41.3127314
          ],
          [
            -93.105109,
            41.3128151
          ],
          [
            -93.1051267,
            41.312853
          ],
          [
            -93.1051534,
            41.3129063
          ],
          [
            -93.1051924,
            41.3129566
          ],
          [
            -93.1052783,
            41.3130285
          ],
          [
            -93.1053763,
            41.3130944
          ],
          [
            -93.1054394,
            41.313155
          ],
          [
            -93.1054883,
            41.3132125
          ],
          [
            -93.105516,
            41.3132489
          ],
          [
            -93.1055326,
            41.3132898
          ],
          [
            -93.1055374,
            41.3133855
          ],
          [
            -93.1055402,
            41.3134822
          ]
        ]
      },
      "id": "way/1068062412"
    },
    {
      "type": "Feature",
      "properties": {
        "@id": "way/1070619997",
        "bicycle": "designated",
        "crossing": "marked",
        "crossing:markings": "zebra",
        "cycleway": "crossing",
        "foot": "designated",
        "highway": "cycleway",
        "name": "Pleasant Ridge Greenway",
        "surface": "paved"
      },
      "geometry": {
        "type": "LineString",
        "coordinates": [
          [
            -83.9989527,
            35.9896284
          ],
          [
            -83.9988925,
            35.9895749
          ],
          [
            -83.9988305,
            35.9895162
          ],
          [
            -83.9988301,
            35.9895108
          ]
        ]
      },
      "id": "way/1070619997"
    },
    {
      "type": "Feature",
      "properties": {
        "@id": "way/1076099280",
        "bicycle": "designated",
        "foot": "designated",
        "highway": "cycleway",
        "name": "Knox-Blount Greenway"
      },
      "geometry": {
        "type": "LineString",
        "coordinates": [
          [
            -83.954471,
            35.9027156
          ],
          [
            -83.9546345,
            35.9028629
          ],
          [
            -83.9546947,
            35.9029078
          ],
          [
            -83.9547532,
            35.902927
          ],
          [
            -83.9549446,
            35.9029296
          ],
          [
            -83.9550506,
            35.9029347
          ],
          [
            -83.955231,
            35.9029731
          ],
          [
            -83.955295,
            35.903048
          ],
          [
            -83.9552894,
            35.9031147
          ],
          [
            -83.9552752,
            35.903209
          ],
          [
            -83.9552808,
            35.9033126
          ],
          [
            -83.9553547,
            35.9033954
          ],
          [
            -83.9555109,
            35.9034989
          ],
          [
            -83.9555762,
            35.9035817
          ],
          [
            -83.9556131,
            35.9037105
          ],
          [
            -83.9556216,
            35.903768
          ],
          [
            -83.9556392,
            35.9038769
          ],
          [
            -83.9556979,
            35.903977
          ],
          [
            -83.9558278,
            35.9040738
          ],
          [
            -83.9559179,
            35.9041009
          ],
          [
            -83.9560625,
            35.9040704
          ],
          [
            -83.9564543,
            35.903809
          ],
          [
            -83.956622,
            35.9037479
          ],
          [
            -83.9571102,
            35.9037343
          ],
          [
            -83.9574359,
            35.9038035
          ],
          [
            -83.9576851,
            35.9038773
          ],
          [
            -83.9577956,
            35.9039479
          ],
          [
            -83.9578799,
            35.9039998
          ],
          [
            -83.9579728,
            35.904049
          ],
          [
            -83.9584699,
            35.9042775
          ],
          [
            -83.9587999,
            35.9043883
          ],
          [
            -83.9593679,
            35.9046676
          ],
          [
            -83.9595403,
            35.9047254
          ],
          [
            -83.9596979,
            35.9046749
          ],
          [
            -83.959796,
            35.9046074
          ],
          [
            -83.9599477,
            35.9044364
          ],
          [
            -83.9600755,
            35.904357
          ],
          [
            -83.9605255,
            35.9041793
          ],
          [
            -83.9607024,
            35.9041048
          ],
          [
            -83.960783,
            35.9040646
          ],
          [
            -83.960851,
            35.9040245
          ],
          [
            -83.9608963,
            35.9040085
          ],
          [
            -83.9609571,
            35.9039867
          ],
          [
            -83.9610236,
            35.9039237
          ],
          [
            -83.9610604,
            35.9038618
          ],
          [
            -83.9610958,
            35.903832
          ],
          [
            -83.9611383,
            35.9038182
          ],
          [
            -83.9611595,
            35.9038216
          ],
          [
            -83.9612178,
            35.9038586
          ]
        ]
      },
      "id": "way/1076099280"
    },
    {
      "type": "Feature",
      "properties": {
        "@id": "way/1081680092",
        "bicycle": "designated",
        "crossing": "traffic_signals",
        "crossing_ref": "continental",
        "cycleway": "crossing",
        "foot": "designated",
        "highway": "cycleway",
        "name": "Neyland Greenway"
      },
      "geometry": {
        "type": "LineString",
        "coordinates": [
          [
            -83.9436922,
            35.9474087
          ],
          [
            -83.9437214,
            35.9474298
          ],
          [
            -83.9437777,
            35.9474703
          ],
          [
            -83.9438374,
            35.9475132
          ]
        ]
      },
      "id": "way/1081680092"
    },
    {
      "type": "Feature",
      "properties": {
        "@id": "way/1081680093",
        "bicycle": "designated",
        "crossing": "traffic_signals",
        "crossing_ref": "continental",
        "cycleway": "crossing",
        "foot": "designated",
        "highway": "cycleway",
        "name": "Neyland Greenway"
      },
      "geometry": {
        "type": "LineString",
        "coordinates": [
          [
            -83.9435822,
            35.9473352
          ],
          [
            -83.9436503,
            35.9473711
          ],
          [
            -83.9436712,
            35.9473899
          ]
        ]
      },
      "id": "way/1081680093"
    },
    {
      "type": "Feature",
      "properties": {
        "@id": "way/1081680094",
        "bicycle": "designated",
        "cycleway": "traffic_island",
        "foot": "designated",
        "highway": "cycleway",
        "name": "Neyland Greenway"
      },
      "geometry": {
        "type": "LineString",
        "coordinates": [
          [
            -83.9436712,
            35.9473899
          ],
          [
            -83.9436922,
            35.9474087
          ]
        ]
      },
      "id": "way/1081680094"
    },
    {
      "type": "Feature",
      "properties": {
        "@id": "way/1081680111",
        "bicycle": "designated",
        "foot": "designated",
        "highway": "cycleway",
        "name": "Neyland Greenway",
        "segregated": "no",
        "surface": "asphalt"
      },
      "geometry": {
        "type": "LineString",
        "coordinates": [
          [
            -83.9224627,
            35.9561571
          ],
          [
            -83.9224718,
            35.9561302
          ],
          [
            -83.9224625,
            35.9561075
          ],
          [
            -83.9224123,
            35.9560659
          ],
          [
            -83.9223889,
            35.9560366
          ],
          [
            -83.9223724,
            35.9560046
          ],
          [
            -83.9223194,
            35.9559188
          ],
          [
            -83.9222803,
            35.9558495
          ],
          [
            -83.9222582,
            35.9557994
          ],
          [
            -83.9222523,
            35.9557692
          ],
          [
            -83.9222476,
            35.9557399
          ],
          [
            -83.9222523,
            35.9557077
          ],
          [
            -83.9222605,
            35.9556709
          ],
          [
            -83.922278,
            35.9556388
          ],
          [
            -83.9222997,
            35.9556025
          ],
          [
            -83.9225953,
            35.9551877
          ],
          [
            -83.9226983,
            35.9550431
          ],
          [
            -83.9229594,
            35.9546076
          ],
          [
            -83.9230282,
            35.9544598
          ],
          [
            -83.9232245,
            35.9539862
          ],
          [
            -83.9233735,
            35.9536283
          ]
        ]
      },
      "id": "way/1081680111"
    },
    {
      "type": "Feature",
      "properties": {
        "@id": "way/1084141166",
        "bicycle": "designated",
        "foot": "designated",
        "highway": "cycleway",
        "name": "Knox-Blount Greenway"
      },
      "geometry": {
        "type": "LineString",
        "coordinates": [
          [
            -83.954471,
            35.9027156
          ],
          [
            -83.9543436,
            35.9027448
          ],
          [
            -83.9541457,
            35.9028272
          ],
          [
            -83.9540758,
            35.9028185
          ],
          [
            -83.9540437,
            35.902784
          ],
          [
            -83.9540698,
            35.9019688
          ],
          [
            -83.954071,
            35.9017976
          ],
          [
            -83.9541062,
            35.9006324
          ],
          [
            -83.9541058,
            35.9001341
          ],
          [
            -83.9541319,
            35.8996935
          ],
          [
            -83.9541396,
            35.899361
          ],
          [
            -83.9541421,
            35.8990281
          ],
          [
            -83.9541348,
            35.8987051
          ],
          [
            -83.9540732,
            35.8983119
          ],
          [
            -83.9540146,
            35.8980387
          ],
          [
            -83.9539771,
            35.8978883
          ],
          [
            -83.9538562,
            35.8974033
          ],
          [
            -83.9537455,
            35.8969768
          ],
          [
            -83.9536439,
            35.8966449
          ],
          [
            -83.9534441,
            35.896106
          ],
          [
            -83.9533137,
            35.8957674
          ]
        ]
      },
      "id": "way/1084141166"
    },
    {
      "type": "Feature",
      "properties": {
        "@id": "way/1084141167",
        "bicycle": "designated",
        "foot": "designated",
        "highway": "cycleway",
        "name": "I.C. King Park Greenway"
      },
      "geometry": {
        "type": "LineString",
        "coordinates": [
          [
            -83.9531886,
            35.8925239
          ],
          [
            -83.9532887,
            35.8922927
          ],
          [
            -83.953291,
            35.8922542
          ],
          [
            -83.9532713,
            35.8922346
          ],
          [
            -83.9532178,
            35.8922384
          ],
          [
            -83.9531472,
            35.8922491
          ],
          [
            -83.9530394,
            35.8922569
          ],
          [
            -83.9529556,
            35.892252
          ],
          [
            -83.9528335,
            35.8922318
          ],
          [
            -83.9527657,
            35.8922018
          ],
          [
            -83.9526815,
            35.8921535
          ],
          [
            -83.9525951,
            35.8921219
          ],
          [
            -83.952513,
            35.8921219
          ],
          [
            -83.9524534,
            35.8921452
          ],
          [
            -83.9524328,
            35.8921885
          ],
          [
            -83.9524349,
            35.8922501
          ],
          [
            -83.9524739,
            35.8923599
          ],
          [
            -83.9524719,
            35.8924016
          ],
          [
            -83.9524513,
            35.8924415
          ],
          [
            -83.9523979,
            35.8925014
          ],
          [
            -83.9521472,
            35.8927012
          ],
          [
            -83.9519931,
            35.8927761
          ],
          [
            -83.9519088,
            35.8927961
          ],
          [
            -83.9518431,
            35.8927911
          ],
          [
            -83.9517937,
            35.8927761
          ],
          [
            -83.9517342,
            35.8927295
          ],
          [
            -83.9516889,
            35.8926646
          ],
          [
            -83.9516479,
            35.8925797
          ],
          [
            -83.9516026,
            35.892558
          ],
          [
            -83.9514321,
            35.8925281
          ],
          [
            -83.9513006,
            35.8925014
          ],
          [
            -83.9511691,
            35.8925231
          ],
          [
            -83.9510807,
            35.8925497
          ],
          [
            -83.9509739,
            35.8925597
          ],
          [
            -83.9508773,
            35.8925564
          ],
          [
            -83.9508012,
            35.8925364
          ],
          [
            -83.95053,
            35.8924532
          ],
          [
            -83.950417,
            35.8924016
          ],
          [
            -83.9503327,
            35.892325
          ],
          [
            -83.9502382,
            35.8922351
          ],
          [
            -83.9501704,
            35.8921818
          ],
          [
            -83.9501149,
            35.8921685
          ],
          [
            -83.950043,
            35.8921585
          ],
          [
            -83.9499752,
            35.8921935
          ],
          [
            -83.9499505,
            35.8922401
          ],
          [
            -83.949932,
            35.8922967
          ],
          [
            -83.9499403,
            35.8923549
          ],
          [
            -83.9499752,
            35.8924165
          ],
          [
            -83.9503325,
            35.8927547
          ],
          [
            -83.9506314,
            35.8930516
          ],
          [
            -83.9507986,
            35.8931986
          ],
          [
            -83.9508663,
            35.8932967
          ],
          [
            -83.9509004,
            35.8933487
          ],
          [
            -83.9509267,
            35.8933889
          ]
        ]
      },
      "id": "way/1084141167"
    },
    {
      "type": "Feature",
      "properties": {
        "@id": "way/1084141168",
        "bicycle": "designated",
        "foot": "designated",
        "highway": "cycleway",
        "name": "I.C. King Park Greenway"
      },
      "geometry": {
        "type": "LineString",
        "coordinates": [
          [
            -83.9525368,
            35.8949932
          ],
          [
            -83.9525628,
            35.8949461
          ],
          [
            -83.9525616,
            35.8948802
          ],
          [
            -83.9525197,
            35.8945319
          ],
          [
            -83.9525209,
            35.8943582
          ],
          [
            -83.9525385,
            35.8941784
          ],
          [
            -83.9525759,
            35.8939546
          ],
          [
            -83.9526201,
            35.8937478
          ],
          [
            -83.9526985,
            35.893507
          ],
          [
            -83.9528051,
            35.8932525
          ],
          [
            -83.9529257,
            35.8930217
          ]
        ]
      },
      "id": "way/1084141168"
    },
    {
      "type": "Feature",
      "properties": {
        "@id": "way/1084141169",
        "bicycle": "designated",
        "foot": "designated",
        "highway": "cycleway",
        "name": "Knox-Blount Greenway"
      },
      "geometry": {
        "type": "LineString",
        "coordinates": [
          [
            -83.9537299,
            35.8924061
          ],
          [
            -83.9543303,
            35.8912936
          ],
          [
            -83.9546488,
            35.8906609
          ],
          [
            -83.9548839,
            35.8901509
          ],
          [
            -83.9550327,
            35.8897084
          ],
          [
            -83.9551317,
            35.8892246
          ],
          [
            -83.9551398,
            35.8890553
          ],
          [
            -83.9551631,
            35.8886813
          ],
          [
            -83.9552401,
            35.8882056
          ],
          [
            -83.9553321,
            35.8876967
          ],
          [
            -83.9553321,
            35.8872974
          ],
          [
            -83.9553497,
            35.8867811
          ],
          [
            -83.9554044,
            35.8865895
          ],
          [
            -83.9554567,
            35.8863835
          ],
          [
            -83.95551,
            35.8861961
          ],
          [
            -83.9555243,
            35.8859655
          ],
          [
            -83.9554842,
            35.8858082
          ],
          [
            -83.9554389,
            35.8857118
          ],
          [
            -83.9553286,
            35.885608
          ],
          [
            -83.9552396,
            35.8855042
          ],
          [
            -83.9551801,
            35.8853781
          ],
          [
            -83.9551478,
            35.885196
          ],
          [
            -83.9551537,
            35.8848411
          ],
          [
            -83.9551554,
            35.8847351
          ],
          [
            -83.95519,
            35.8843971
          ],
          [
            -83.9552905,
            35.8838537
          ],
          [
            -83.9554461,
            35.8834745
          ],
          [
            -83.9555938,
            35.8832225
          ],
          [
            -83.9557999,
            35.8828354
          ],
          [
            -83.9561805,
            35.8823084
          ],
          [
            -83.9566797,
            35.8815925
          ],
          [
            -83.9572791,
            35.880714
          ],
          [
            -83.9578893,
            35.8798461
          ],
          [
            -83.9581768,
            35.879461
          ],
          [
            -83.9584767,
            35.8790558
          ],
          [
            -83.9589182,
            35.8785359
          ],
          [
            -83.9593571,
            35.8778912
          ],
          [
            -83.9595761,
            35.87756
          ],
          [
            -83.9597624,
            35.8772628
          ],
          [
            -83.9599047,
            35.8769671
          ],
          [
            -83.9600816,
            35.87631
          ]
        ]
      },
      "id": "way/1084141169"
    },
    {
      "type": "Feature",
      "properties": {
        "@id": "way/1084141170",
        "bicycle": "designated",
        "bridge": "yes",
        "foot": "designated",
        "highway": "cycleway",
        "layer": "1",
        "name": "Knox-Blount Greenway"
      },
      "geometry": {
        "type": "LineString",
        "coordinates": [
          [
            -83.9598846,
            35.8745255
          ],
          [
            -83.9595334,
            35.8730848
          ]
        ]
      },
      "id": "way/1084141170"
    },
    {
      "type": "Feature",
      "properties": {
        "@id": "way/1084141171",
        "bicycle": "designated",
        "foot": "designated",
        "highway": "cycleway",
        "layer": "-1",
        "name": "Knox-Blount Greenway",
        "tunnel": "yes"
      },
      "geometry": {
        "type": "LineString",
        "coordinates": [
          [
            -83.9600816,
            35.87631
          ],
          [
            -83.9601379,
            35.8759953
          ]
        ]
      },
      "id": "way/1084141171"
    },
    {
      "type": "Feature",
      "properties": {
        "@id": "way/1084141172",
        "bicycle": "designated",
        "foot": "designated",
        "highway": "cycleway",
        "name": "Knox-Blount Greenway"
      },
      "geometry": {
        "type": "LineString",
        "coordinates": [
          [
            -83.9601379,
            35.8759953
          ],
          [
            -83.9601165,
            35.8757818
          ],
          [
            -83.9599938,
            35.8748833
          ],
          [
            -83.9598846,
            35.8745255
          ]
        ]
      },
      "id": "way/1084141172"
    },
    {
      "type": "Feature",
      "properties": {
        "@id": "way/1084141175",
        "bicycle": "designated",
        "bridge": "yes",
        "foot": "designated",
        "highway": "cycleway",
        "layer": "1",
        "name": "Knox-Blount Greenway"
      },
      "geometry": {
        "type": "LineString",
        "coordinates": [
          [
            -83.9534084,
            35.8930139
          ],
          [
            -83.9537299,
            35.8924061
          ]
        ]
      },
      "id": "way/1084141175"
    },
    {
      "type": "Feature",
      "properties": {
        "@id": "way/1091933723",
        "bicycle": "yes",
        "foot": "yes",
        "highway": "cycleway",
        "name": "Third Creek Greenway",
        "surface": "asphalt"
      },
      "geometry": {
        "type": "LineString",
        "coordinates": [
          [
            -83.9413479,
            35.9529933
          ],
          [
            -83.9413782,
            35.953034
          ]
        ]
      },
      "id": "way/1091933723"
    },
    {
      "type": "Feature",
      "properties": {
        "@id": "way/1116948635",
        "bicycle": "designated",
        "foot": "designated",
        "highway": "cycleway",
        "name": "Knox-Blount Greenway"
      },
      "geometry": {
        "type": "LineString",
        "coordinates": [
          [
            -83.9550417,
            35.9240879
          ],
          [
            -83.9550519,
            35.924059
          ],
          [
            -83.9551585,
            35.923904
          ],
          [
            -83.9552689,
            35.9237253
          ],
          [
            -83.9554033,
            35.9235007
          ],
          [
            -83.9558399,
            35.9228059
          ],
          [
            -83.9560297,
            35.9224868
          ],
          [
            -83.9563667,
            35.9220387
          ],
          [
            -83.9564933,
            35.9218389
          ],
          [
            -83.9566026,
            35.9216931
          ],
          [
            -83.9567451,
            35.9214847
          ],
          [
            -83.9568946,
            35.9212586
          ],
          [
            -83.9570306,
            35.921067
          ],
          [
            -83.9570817,
            35.9209991
          ],
          [
            -83.9571546,
            35.9209459
          ],
          [
            -83.9573095,
            35.9208733
          ],
          [
            -83.9575543,
            35.9207976
          ],
          [
            -83.9576489,
            35.9207711
          ],
          [
            -83.9576616,
            35.9207425
          ],
          [
            -83.957658,
            35.9206828
          ],
          [
            -83.957645,
            35.9206018
          ],
          [
            -83.9576296,
            35.920578
          ],
          [
            -83.9575822,
            35.9205419
          ],
          [
            -83.9575445,
            35.9205159
          ],
          [
            -83.9575222,
            35.9204921
          ],
          [
            -83.9574873,
            35.9204469
          ],
          [
            -83.957444,
            35.9203757
          ],
          [
            -83.9574175,
            35.9203181
          ],
          [
            -83.9573994,
            35.9202446
          ],
          [
            -83.957384,
            35.9201768
          ],
          [
            -83.9573784,
            35.920135
          ],
          [
            -83.9573701,
            35.9200875
          ],
          [
            -83.9573589,
            35.9200536
          ],
          [
            -83.9573031,
            35.9199078
          ],
          [
            -83.9572752,
            35.9198253
          ],
          [
            -83.957264,
            35.919788
          ],
          [
            -83.957257,
            35.9197518
          ],
          [
            -83.9572514,
            35.9197066
          ],
          [
            -83.9572403,
            35.9193755
          ],
          [
            -83.9572361,
            35.9192805
          ],
          [
            -83.9572277,
            35.9190782
          ],
          [
            -83.9572193,
            35.9188284
          ],
          [
            -83.9572054,
            35.9186137
          ],
          [
            -83.9571872,
            35.9184396
          ],
          [
            -83.9571733,
            35.9182893
          ],
          [
            -83.9571523,
            35.9180848
          ],
          [
            -83.9571077,
            35.9175117
          ],
          [
            -83.9570947,
            35.9173507
          ],
          [
            -83.9570742,
            35.9171127
          ],
          [
            -83.9570588,
            35.9169669
          ],
          [
            -83.9570407,
            35.9168663
          ],
          [
            -83.957024,
            35.9167635
          ],
          [
            -83.9570044,
            35.9166945
          ],
          [
            -83.9569779,
            35.9166166
          ],
          [
            -83.9569402,
            35.9165114
          ],
          [
            -83.9568914,
            35.9163973
          ],
          [
            -83.9566681,
            35.915935
          ],
          [
            -83.9565187,
            35.9156423
          ],
          [
            -83.9564657,
            35.9155326
          ],
          [
            -83.9564448,
            35.9154682
          ],
          [
            -83.9564015,
            35.9153235
          ],
          [
            -83.9563722,
            35.9151777
          ],
          [
            -83.9563164,
            35.9148567
          ],
          [
            -83.9562438,
            35.9144442
          ],
          [
            -83.956234,
            35.9143639
          ],
          [
            -83.9562396,
            35.914321
          ],
          [
            -83.9562578,
            35.9142486
          ],
          [
            -83.956294,
            35.914191
          ],
          [
            -83.9563373,
            35.914148
          ],
          [
            -83.9564127,
            35.9140847
          ],
          [
            -83.9564839,
            35.914035
          ],
          [
            -83.9565146,
            35.9140045
          ],
          [
            -83.9565494,
            35.9139457
          ],
          [
            -83.956569,
            35.9138971
          ],
          [
            -83.9565788,
            35.913853
          ],
          [
            -83.9565857,
            35.9137875
          ],
          [
            -83.9565871,
            35.9137061
          ],
          [
            -83.9565877,
            35.9136985
          ],
          [
            -83.9565941,
            35.9136111
          ],
          [
            -83.9566095,
            35.9132415
          ],
          [
            -83.9566206,
            35.9130268
          ],
          [
            -83.9566262,
            35.9129782
          ],
          [
            -83.9566527,
            35.9128979
          ],
          [
            -83.9566764,
            35.912847
          ],
          [
            -83.9567113,
            35.9128131
          ],
          [
            -83.9568654,
            35.9127268
          ],
          [
            -83.9568333,
            35.9126827
          ]
        ]
      },
      "id": "way/1116948635"
    },
    {
      "type": "Feature",
      "properties": {
        "@id": "way/1119245845",
        "bicycle": "designated",
        "foot": "designated",
        "highway": "cycleway",
        "lanes": "2",
        "name": "Neyland Greenway",
        "segregated": "no",
        "surface": "asphalt"
      },
      "geometry": {
        "type": "LineString",
        "coordinates": [
          [
            -83.9233735,
            35.9536283
          ],
          [
            -83.9233864,
            35.9535933
          ],
          [
            -83.9233846,
            35.9535816
          ],
          [
            -83.9233764,
            35.9535673
          ],
          [
            -83.9233674,
            35.953562
          ],
          [
            -83.9233531,
            35.9535394
          ],
          [
            -83.9233538,
            35.9535255
          ],
          [
            -83.9233638,
            35.9534946
          ]
        ]
      },
      "id": "way/1119245845"
    },
    {
      "type": "Feature",
      "properties": {
        "@id": "way/1191458381",
        "bicycle": "designated",
        "foot": "designated",
        "highway": "cycleway",
        "name": "Weisgarber Greenway",
        "surface": "paved"
      },
      "geometry": {
        "type": "LineString",
        "coordinates": [
          [
            -84.010898,
            35.9421025
          ],
          [
            -84.0109083,
            35.9420861
          ],
          [
            -84.010903,
            35.94201
          ],
          [
            -84.010885,
            35.9418477
          ],
          [
            -84.0108851,
            35.9418025
          ],
          [
            -84.0108429,
            35.9414139
          ],
          [
            -84.0108123,
            35.9411466
          ],
          [
            -84.0107912,
            35.9410057
          ],
          [
            -84.0107764,
            35.9409066
          ],
          [
            -84.0107732,
            35.9408627
          ],
          [
            -84.0107701,
            35.9408203
          ],
          [
            -84.0107606,
            35.940746
          ],
          [
            -84.0107311,
            35.9405974
          ],
          [
            -84.0106952,
            35.9404659
          ],
          [
            -84.0106657,
            35.94036
          ],
          [
            -84.0106414,
            35.9402848
          ],
          [
            -84.0105127,
            35.9399859
          ],
          [
            -84.0104336,
            35.9398091
          ],
          [
            -84.0104125,
            35.939757
          ],
          [
            -84.0103945,
            35.9397083
          ],
          [
            -84.0103418,
            35.9395947
          ],
          [
            -84.0103165,
            35.9395418
          ],
          [
            -84.0101171,
            35.9392198
          ],
          [
            -84.009961,
            35.9389575
          ],
          [
            -84.0099167,
            35.9388866
          ],
          [
            -84.0098935,
            35.9388764
          ],
          [
            -84.0098427,
            35.9387872
          ],
          [
            -84.009789,
            35.9386868
          ],
          [
            -84.0095179,
            35.9382495
          ],
          [
            -84.0092468,
            35.9378181
          ],
          [
            -84.009231,
            35.9377865
          ],
          [
            -84.0092278,
            35.9377541
          ],
          [
            -84.0092415,
            35.9377199
          ],
          [
            -84.0092232,
            35.9377086
          ],
          [
            -84.0092056,
            35.9376977
          ],
          [
            -84.0091146,
            35.9376193
          ],
          [
            -84.0089747,
            35.9375003
          ],
          [
            -84.008968,
            35.937473
          ]
        ]
      },
      "id": "way/1191458381"
    },
    {
      "type": "Feature",
      "properties": {
        "@id": "way/1224490994",
        "bicycle": "designated",
        "foot": "designated",
        "highway": "cycleway",
        "horse": "no",
        "motor_vehicle": "no",
        "name": "Will Skelton Greenway",
        "oneway": "no",
        "segregated": "no",
        "surface": "asphalt"
      },
      "geometry": {
        "type": "LineString",
        "coordinates": [
          [
            -83.8652349,
            35.9525826
          ],
          [
            -83.8652608,
            35.9526379
          ],
          [
            -83.8652612,
            35.9526611
          ],
          [
            -83.8652673,
            35.952705
          ],
          [
            -83.8652792,
            35.9527301
          ],
          [
            -83.8652964,
            35.9527514
          ],
          [
            -83.86534,
            35.9527958
          ],
          [
            -83.8653688,
            35.9528387
          ],
          [
            -83.8653941,
            35.9528815
          ],
          [
            -83.8654164,
            35.9529258
          ],
          [
            -83.8654293,
            35.9529645
          ],
          [
            -83.8654463,
            35.9530271
          ],
          [
            -83.8654632,
            35.9531242
          ],
          [
            -83.8654693,
            35.9531527
          ],
          [
            -83.8654788,
            35.9531811
          ],
          [
            -83.8654949,
            35.9532154
          ],
          [
            -83.8655167,
            35.9532583
          ],
          [
            -83.8655459,
            35.9533076
          ],
          [
            -83.8655724,
            35.95335
          ],
          [
            -83.865664,
            35.9535114
          ],
          [
            -83.86568,
            35.9535452
          ],
          [
            -83.8656932,
            35.9535706
          ],
          [
            -83.8657204,
            35.9536044
          ],
          [
            -83.8657619,
            35.9536437
          ],
          [
            -83.8658013,
            35.9536769
          ],
          [
            -83.8658924,
            35.9537488
          ],
          [
            -83.8659525,
            35.9537942
          ],
          [
            -83.8659731,
            35.9538158
          ],
          [
            -83.8659904,
            35.9538379
          ],
          [
            -83.8660636,
            35.9539352
          ],
          [
            -83.8661047,
            35.9539917
          ],
          [
            -83.8661363,
            35.954045
          ],
          [
            -83.8661634,
            35.9540903
          ],
          [
            -83.866177,
            35.9541113
          ],
          [
            -83.8661986,
            35.9541324
          ],
          [
            -83.8662555,
            35.9541775
          ],
          [
            -83.8663439,
            35.9542383
          ],
          [
            -83.8664299,
            35.9543113
          ],
          [
            -83.8664864,
            35.954367
          ],
          [
            -83.8665164,
            35.9544012
          ],
          [
            -83.8665398,
            35.9544419
          ],
          [
            -83.8665955,
            35.9545658
          ],
          [
            -83.866624,
            35.9546407
          ],
          [
            -83.8666264,
            35.9546625
          ],
          [
            -83.8666237,
            35.9546837
          ],
          [
            -83.866619,
            35.9547092
          ],
          [
            -83.8665906,
            35.9547663
          ],
          [
            -83.8665519,
            35.9548255
          ],
          [
            -83.8665132,
            35.9548695
          ],
          [
            -83.86648,
            35.9548968
          ],
          [
            -83.8664621,
            35.9549088
          ],
          [
            -83.8664395,
            35.9549191
          ],
          [
            -83.866411,
            35.9549226
          ],
          [
            -83.8663175,
            35.9549321
          ],
          [
            -83.866276,
            35.9549418
          ],
          [
            -83.8662317,
            35.9549678
          ],
          [
            -83.8661233,
            35.9550314
          ],
          [
            -83.8661005,
            35.9550492
          ],
          [
            -83.8660917,
            35.9550674
          ],
          [
            -83.8660971,
            35.9550844
          ],
          [
            -83.8661184,
            35.9550902
          ],
          [
            -83.8661888,
            35.9550914
          ],
          [
            -83.8662565,
            35.9550878
          ],
          [
            -83.8662941,
            35.9550969
          ],
          [
            -83.8664299,
            35.9551594
          ],
          [
            -83.8665474,
            35.9552295
          ],
          [
            -83.8666588,
            35.9553166
          ],
          [
            -83.8666956,
            35.9553411
          ],
          [
            -83.8667257,
            35.955357
          ],
          [
            -83.866769,
            35.9553686
          ],
          [
            -83.8668083,
            35.9553721
          ],
          [
            -83.867072,
            35.9553799
          ],
          [
            -83.8673264,
            35.9553839
          ],
          [
            -83.8673938,
            35.9553907
          ],
          [
            -83.8674407,
            35.9553963
          ],
          [
            -83.8674917,
            35.9554051
          ],
          [
            -83.8675479,
            35.9554173
          ],
          [
            -83.8676038,
            35.9554343
          ],
          [
            -83.8677147,
            35.955472
          ],
          [
            -83.867746,
            35.95548
          ],
          [
            -83.8677904,
            35.9554831
          ],
          [
            -83.8678273,
            35.9554824
          ],
          [
            -83.8679153,
            35.9554762
          ],
          [
            -83.8679589,
            35.9554742
          ],
          [
            -83.8680179,
            35.9554798
          ],
          [
            -83.8680473,
            35.9554899
          ],
          [
            -83.8680679,
            35.9555009
          ],
          [
            -83.8681101,
            35.9555229
          ],
          [
            -83.868142,
            35.9555331
          ],
          [
            -83.868205,
            35.9555488
          ],
          [
            -83.8682815,
            35.9555641
          ],
          [
            -83.8683462,
            35.9555747
          ],
          [
            -83.8684118,
            35.9555866
          ],
          [
            -83.8685364,
            35.9556422
          ],
          [
            -83.8686006,
            35.9556652
          ],
          [
            -83.8686596,
            35.9556722
          ],
          [
            -83.8687303,
            35.9556778
          ],
          [
            -83.8687795,
            35.9556684
          ],
          [
            -83.8688179,
            35.9556609
          ],
          [
            -83.8690221,
            35.9556004
          ],
          [
            -83.8690691,
            35.9555925
          ],
          [
            -83.8691137,
            35.9555884
          ],
          [
            -83.8691633,
            35.9555896
          ],
          [
            -83.8692251,
            35.9556015
          ],
          [
            -83.8692926,
            35.9556233
          ],
          [
            -83.8694509,
            35.9556895
          ],
          [
            -83.8696,
            35.9557651
          ],
          [
            -83.8696435,
            35.9557898
          ],
          [
            -83.8696814,
            35.9558199
          ],
          [
            -83.869717,
            35.9558594
          ],
          [
            -83.8697859,
            35.9559592
          ],
          [
            -83.86985,
            35.9560808
          ],
          [
            -83.8698665,
            35.9561169
          ],
          [
            -83.8698777,
            35.9561519
          ],
          [
            -83.8698775,
            35.9561722
          ],
          [
            -83.8698759,
            35.9561914
          ],
          [
            -83.8698615,
            35.9562337
          ],
          [
            -83.8698538,
            35.9562702
          ],
          [
            -83.8698529,
            35.9563034
          ],
          [
            -83.8698549,
            35.9563362
          ],
          [
            -83.8698584,
            35.9563619
          ],
          [
            -83.8698652,
            35.9563876
          ],
          [
            -83.8698747,
            35.9564466
          ],
          [
            -83.8698779,
            35.9565042
          ],
          [
            -83.8698791,
            35.9565656
          ],
          [
            -83.8698761,
            35.9566235
          ],
          [
            -83.8698705,
            35.956675
          ],
          [
            -83.8698434,
            35.9568459
          ],
          [
            -83.8698457,
            35.956864
          ],
          [
            -83.8698552,
            35.956882
          ],
          [
            -83.8699092,
            35.956892
          ],
          [
            -83.8699564,
            35.9568978
          ],
          [
            -83.8699772,
            35.9569004
          ],
          [
            -83.8699931,
            35.9569027
          ],
          [
            -83.8700067,
            35.9569155
          ],
          [
            -83.8700164,
            35.9569381
          ],
          [
            -83.8700156,
            35.9569623
          ],
          [
            -83.8700148,
            35.9569881
          ],
          [
            -83.8700116,
            35.957101
          ],
          [
            -83.8700042,
            35.9571436
          ],
          [
            -83.8699937,
            35.9571887
          ],
          [
            -83.8699875,
            35.9572196
          ],
          [
            -83.8699842,
            35.9572562
          ],
          [
            -83.8699841,
            35.9572928
          ],
          [
            -83.8699851,
            35.9573684
          ],
          [
            -83.8699907,
            35.9574464
          ],
          [
            -83.869987,
            35.95748
          ],
          [
            -83.8699725,
            35.9575334
          ],
          [
            -83.8699706,
            35.9575558
          ],
          [
            -83.8699728,
            35.9576257
          ],
          [
            -83.8699749,
            35.9576904
          ],
          [
            -83.8699723,
            35.9577158
          ],
          [
            -83.8699689,
            35.9577476
          ],
          [
            -83.8699595,
            35.957802
          ],
          [
            -83.8699348,
            35.9578614
          ],
          [
            -83.8699234,
            35.9579229
          ],
          [
            -83.8699211,
            35.957935
          ],
          [
            -83.8699232,
            35.9579465
          ],
          [
            -83.869941,
            35.9579543
          ],
          [
            -83.8699619,
            35.9579564
          ],
          [
            -83.8699887,
            35.9579543
          ],
          [
            -83.870015,
            35.9579297
          ],
          [
            -83.8700354,
            35.9579065
          ],
          [
            -83.8700788,
            35.9578255
          ],
          [
            -83.8701031,
            35.9577863
          ],
          [
            -83.8701321,
            35.9577508
          ],
          [
            -83.8701504,
            35.9577386
          ],
          [
            -83.8701787,
            35.9577238
          ],
          [
            -83.870216,
            35.9577149
          ],
          [
            -83.870271,
            35.9577134
          ],
          [
            -83.8703224,
            35.9577279
          ],
          [
            -83.8703419,
            35.9577416
          ],
          [
            -83.870365,
            35.9577666
          ],
          [
            -83.8704008,
            35.9578
          ],
          [
            -83.8704472,
            35.9578466
          ],
          [
            -83.8705075,
            35.9578886
          ],
          [
            -83.870534,
            35.9579067
          ],
          [
            -83.8705512,
            35.9579197
          ],
          [
            -83.8705563,
            35.957941
          ],
          [
            -83.870556,
            35.9579637
          ],
          [
            -83.8705325,
            35.958154
          ],
          [
            -83.8705208,
            35.9582031
          ],
          [
            -83.870505,
            35.9582456
          ],
          [
            -83.8704384,
            35.9583937
          ],
          [
            -83.8704324,
            35.9584279
          ],
          [
            -83.8704447,
            35.9584653
          ],
          [
            -83.8704715,
            35.9584995
          ],
          [
            -83.8704973,
            35.9585198
          ],
          [
            -83.8705439,
            35.9585363
          ],
          [
            -83.8706076,
            35.9585415
          ],
          [
            -83.8706779,
            35.9585348
          ],
          [
            -83.8707401,
            35.9585208
          ],
          [
            -83.8708422,
            35.9584926
          ],
          [
            -83.8708686,
            35.9584857
          ],
          [
            -83.8710007,
            35.9584705
          ],
          [
            -83.8710393,
            35.958455
          ],
          [
            -83.8711977,
            35.9583794
          ],
          [
            -83.8713424,
            35.9582967
          ],
          [
            -83.8713692,
            35.9582699
          ],
          [
            -83.8713765,
            35.9582494
          ],
          [
            -83.871391,
            35.9581425
          ],
          [
            -83.8714057,
            35.9581148
          ],
          [
            -83.8714244,
            35.9580887
          ],
          [
            -83.8714477,
            35.9580741
          ],
          [
            -83.8714751,
            35.9580611
          ],
          [
            -83.8715055,
            35.9580581
          ],
          [
            -83.8715339,
            35.958065
          ],
          [
            -83.8715521,
            35.958077
          ],
          [
            -83.8715773,
            35.9581021
          ],
          [
            -83.8715951,
            35.9581615
          ],
          [
            -83.8716016,
            35.9582226
          ],
          [
            -83.8715828,
            35.9583276
          ],
          [
            -83.8715851,
            35.9583587
          ],
          [
            -83.8716036,
            35.9584408
          ],
          [
            -83.8716156,
            35.9584827
          ],
          [
            -83.8716098,
            35.9585421
          ],
          [
            -83.8716051,
            35.9585652
          ],
          [
            -83.8715814,
            35.9586478
          ],
          [
            -83.8715515,
            35.9587846
          ],
          [
            -83.8715501,
            35.958826
          ],
          [
            -83.8715566,
            35.9589693
          ],
          [
            -83.8715753,
            35.9591241
          ],
          [
            -83.8715832,
            35.9591567
          ],
          [
            -83.8716074,
            35.9591943
          ],
          [
            -83.8716516,
            35.9592399
          ],
          [
            -83.8717171,
            35.9592984
          ],
          [
            -83.8717458,
            35.9593252
          ],
          [
            -83.8717603,
            35.959347
          ],
          [
            -83.8717745,
            35.9593782
          ],
          [
            -83.8718182,
            35.9596101
          ],
          [
            -83.8718248,
            35.9596777
          ],
          [
            -83.8718223,
            35.9597337
          ],
          [
            -83.8718173,
            35.9597932
          ],
          [
            -83.8717792,
            35.9599279
          ],
          [
            -83.8717665,
            35.9599737
          ],
          [
            -83.8717667,
            35.9599993
          ],
          [
            -83.8717709,
            35.9600232
          ],
          [
            -83.8717864,
            35.9600612
          ],
          [
            -83.8718053,
            35.9600944
          ],
          [
            -83.8718273,
            35.9601265
          ],
          [
            -83.8718554,
            35.9601587
          ],
          [
            -83.8718934,
            35.96019
          ],
          [
            -83.8719631,
            35.9602183
          ],
          [
            -83.8720277,
            35.9602384
          ],
          [
            -83.8720715,
            35.960244
          ],
          [
            -83.8725167,
            35.9602753
          ],
          [
            -83.8725661,
            35.9602811
          ],
          [
            -83.8727699,
            35.9603603
          ],
          [
            -83.8728091,
            35.96037
          ],
          [
            -83.8733353,
            35.9604622
          ],
          [
            -83.8733991,
            35.9604694
          ],
          [
            -83.8735449,
            35.9604835
          ],
          [
            -83.8736216,
            35.960546
          ],
          [
            -83.8738013,
            35.9605653
          ],
          [
            -83.8739011,
            35.960518
          ],
          [
            -83.8740833,
            35.9605482
          ],
          [
            -83.8742777,
            35.9605817
          ],
          [
            -83.8747031,
            35.9606685
          ],
          [
            -83.8747894,
            35.9606832
          ],
          [
            -83.8748898,
            35.960698
          ],
          [
            -83.8751091,
            35.9607209
          ],
          [
            -83.8751648,
            35.9607286
          ],
          [
            -83.8752104,
            35.9607363
          ],
          [
            -83.875509,
            35.9608028
          ],
          [
            -83.8758121,
            35.9608529
          ],
          [
            -83.8761355,
            35.9608996
          ],
          [
            -83.8763652,
            35.9609275
          ],
          [
            -83.8763941,
            35.9609288
          ],
          [
            -83.8764244,
            35.9609269
          ],
          [
            -83.8765318,
            35.9609213
          ],
          [
            -83.8765547,
            35.960921
          ],
          [
            -83.876571,
            35.960925
          ],
          [
            -83.8766191,
            35.960955
          ],
          [
            -83.8766707,
            35.9609921
          ],
          [
            -83.87669,
            35.9610046
          ],
          [
            -83.8767174,
            35.9610172
          ],
          [
            -83.8767485,
            35.9610251
          ],
          [
            -83.8767863,
            35.9610319
          ],
          [
            -83.8768959,
            35.9610419
          ],
          [
            -83.8770247,
            35.9610402
          ],
          [
            -83.8771277,
            35.961029
          ],
          [
            -83.8772547,
            35.9610075
          ],
          [
            -83.8774981,
            35.9610079
          ],
          [
            -83.8776379,
            35.9610013
          ],
          [
            -83.8777616,
            35.9610033
          ],
          [
            -83.8779156,
            35.9610102
          ],
          [
            -83.8779895,
            35.9610112
          ],
          [
            -83.8780574,
            35.9610073
          ],
          [
            -83.8782707,
            35.9609906
          ],
          [
            -83.8783736,
            35.9609935
          ],
          [
            -83.8784184,
            35.9609912
          ],
          [
            -83.8784631,
            35.9609922
          ],
          [
            -83.8785141,
            35.9610008
          ],
          [
            -83.8785651,
            35.9610164
          ],
          [
            -83.8786211,
            35.9610432
          ],
          [
            -83.878671,
            35.9610798
          ],
          [
            -83.8787027,
            35.9610882
          ],
          [
            -83.8788116,
            35.9611061
          ],
          [
            -83.8789103,
            35.9611173
          ],
          [
            -83.8790082,
            35.9611169
          ],
          [
            -83.8791292,
            35.961115
          ],
          [
            -83.8792562,
            35.9611301
          ],
          [
            -83.8793282,
            35.9611355
          ],
          [
            -83.8793783,
            35.9611335
          ],
          [
            -83.8794955,
            35.9611234
          ],
          [
            -83.8795428,
            35.9611245
          ],
          [
            -83.8796506,
            35.9611434
          ],
          [
            -83.8797563,
            35.961159
          ],
          [
            -83.8798152,
            35.9611622
          ],
          [
            -83.8800193,
            35.9611611
          ],
          [
            -83.8801002,
            35.9611632
          ],
          [
            -83.8802543,
            35.961185
          ],
          [
            -83.8804145,
            35.9611986
          ],
          [
            -83.8805524,
            35.9612056
          ],
          [
            -83.8806886,
            35.96121
          ],
          [
            -83.8808361,
            35.9612136
          ],
          [
            -83.880926,
            35.961214
          ],
          [
            -83.8809633,
            35.9612146
          ],
          [
            -83.8810047,
            35.9612185
          ],
          [
            -83.8810726,
            35.9612332
          ],
          [
            -83.8813479,
            35.9613251
          ],
          [
            -83.8814499,
            35.9613796
          ],
          [
            -83.8815723,
            35.961472
          ],
          [
            -83.881633,
            35.961507
          ],
          [
            -83.881712,
            35.9615501
          ],
          [
            -83.8817707,
            35.9615773
          ],
          [
            -83.8818457,
            35.9616028
          ],
          [
            -83.8818984,
            35.9616174
          ],
          [
            -83.8819482,
            35.9616202
          ],
          [
            -83.8820447,
            35.9616205
          ],
          [
            -83.8820767,
            35.9616232
          ],
          [
            -83.882125,
            35.9616342
          ],
          [
            -83.8821952,
            35.9616516
          ],
          [
            -83.8822288,
            35.9616543
          ],
          [
            -83.8822573,
            35.961646
          ],
          [
            -83.8823589,
            35.96159
          ],
          [
            -83.8824141,
            35.9615713
          ],
          [
            -83.8824835,
            35.9615592
          ],
          [
            -83.8825224,
            35.9615545
          ],
          [
            -83.8825633,
            35.961553
          ],
          [
            -83.8826239,
            35.9615556
          ],
          [
            -83.8826743,
            35.9615615
          ],
          [
            -83.8827569,
            35.9615749
          ],
          [
            -83.8829118,
            35.9615973
          ],
          [
            -83.8830653,
            35.961626
          ],
          [
            -83.8831088,
            35.9616354
          ],
          [
            -83.8831569,
            35.9616386
          ],
          [
            -83.8831931,
            35.9616338
          ],
          [
            -83.8832253,
            35.9616216
          ],
          [
            -83.8832476,
            35.9616115
          ],
          [
            -83.8832841,
            35.9616085
          ],
          [
            -83.8833626,
            35.9616151
          ],
          [
            -83.8834111,
            35.9616103
          ],
          [
            -83.8834568,
            35.9615992
          ],
          [
            -83.8834956,
            35.9615863
          ],
          [
            -83.8835184,
            35.9615706
          ],
          [
            -83.8835338,
            35.9615401
          ]
        ]
      },
      "id": "way/1224490994"
    },
    {
      "type": "Feature",
      "properties": {
        "@id": "way/1224490995",
        "bicycle": "designated",
        "bridge": "yes",
        "foot": "designated",
        "highway": "cycleway",
        "layer": "1",
        "name": "Will Skelton Greenway",
        "oneway": "no",
        "segregated": "no",
        "surface": "asphalt"
      },
      "geometry": {
        "type": "LineString",
        "coordinates": [
          [
            -83.8650038,
            35.9520658
          ],
          [
            -83.8650794,
            35.9521943
          ]
        ]
      },
      "id": "way/1224490995"
    },
    {
      "type": "Feature",
      "properties": {
        "@id": "way/1234671875",
        "bicycle": "designated",
        "foot": "designated",
        "highway": "cycleway",
        "name": "Third Creek Greenway",
        "surface": "asphalt"
      },
      "geometry": {
        "type": "LineString",
        "coordinates": [
          [
            -83.9482801,
            35.9551188
          ],
          [
            -83.9484022,
            35.9551031
          ],
          [
            -83.9484689,
            35.9551233
          ],
          [
            -83.9485883,
            35.9552357
          ],
          [
            -83.9486029,
            35.955251
          ],
          [
            -83.9488021,
            35.9554605
          ],
          [
            -83.9488092,
            35.9554564
          ],
          [
            -83.9488832,
            35.9554128
          ],
          [
            -83.9490048,
            35.9553211
          ],
          [
            -83.9491019,
            35.9553121
          ],
          [
            -83.949263,
            35.9552919
          ],
          [
            -83.9494324,
            35.9552919
          ],
          [
            -83.9497544,
            35.955402
          ],
          [
            -83.9498655,
            35.9554852
          ],
          [
            -83.9499321,
            35.9555616
          ],
          [
            -83.9499571,
            35.9556088
          ],
          [
            -83.9500127,
            35.9556448
          ],
          [
            -83.9501126,
            35.9556672
          ],
          [
            -83.9502403,
            35.9556582
          ],
          [
            -83.950493,
            35.9555931
          ],
          [
            -83.9506291,
            35.9555504
          ],
          [
            -83.9509428,
            35.9554739
          ],
          [
            -83.9512538,
            35.9553616
          ],
          [
            -83.9514343,
            35.9551997
          ],
          [
            -83.9515537,
            35.9550986
          ],
          [
            -83.9515842,
            35.9550671
          ],
          [
            -83.951562,
            35.9550154
          ],
          [
            -83.9516175,
            35.9549143
          ],
          [
            -83.9515564,
            35.9547525
          ],
          [
            -83.9515814,
            35.9545906
          ]
        ]
      },
      "id": "way/1234671875"
    },
    {
      "type": "Feature",
      "properties": {
        "@id": "way/1234671876",
        "bridge": "yes",
        "foot": "yes",
        "highway": "cycleway",
        "layer": "1",
        "name": "Third Creek Greenway",
        "surface": "asphalt"
      },
      "geometry": {
        "type": "LineString",
        "coordinates": [
          [
            -83.9481078,
            35.9550331
          ],
          [
            -83.9482801,
            35.9551188
          ]
        ]
      },
      "id": "way/1234671876"
    },
    {
      "type": "Feature",
      "properties": {
        "@id": "way/1251805472",
        "bicycle": "designated",
        "crossing": "uncontrolled",
        "crossing:markings": "zebra",
        "cycleway": "crossing",
        "foot": "designated",
        "highway": "cycleway",
        "name": "Competine Trail"
      },
      "geometry": {
        "type": "LineString",
        "coordinates": [
          [
            -93.0998283,
            41.3111206
          ],
          [
            -93.099877,
            41.3111216
          ],
          [
            -93.0999424,
            41.3111229
          ]
        ]
      },
      "id": "way/1251805472"
    },
    {
      "type": "Feature",
      "properties": {
        "@id": "way/1251805477",
        "bicycle": "designated",
        "foot": "designated",
        "highway": "cycleway",
        "name": "Competine Trail"
      },
      "geometry": {
        "type": "LineString",
        "coordinates": [
          [
            -93.1093696,
            41.3102849
          ],
          [
            -93.1093708,
            41.310177
          ],
          [
            -93.1094023,
            41.3101761
          ]
        ]
      },
      "id": "way/1251805477"
    },
    {
      "type": "Feature",
      "properties": {
        "@id": "way/1251805479",
        "bicycle": "designated",
        "foot": "designated",
        "highway": "cycleway",
        "name": "Competine Trail"
      },
      "geometry": {
        "type": "LineString",
        "coordinates": [
          [
            -93.1141478,
            41.3115858
          ],
          [
            -93.1140671,
            41.3115861
          ],
          [
            -93.1140606,
            41.3108478
          ],
          [
            -93.1140545,
            41.3101643
          ],
          [
            -93.1140401,
            41.3100861
          ],
          [
            -93.1139935,
            41.31002
          ],
          [
            -93.1138966,
            41.3099462
          ],
          [
            -93.1137798,
            41.3099081
          ],
          [
            -93.1136984,
            41.3099004
          ],
          [
            -93.113243,
            41.3099
          ],
          [
            -93.1125033,
            41.3099027
          ],
          [
            -93.1122645,
            41.3098811
          ],
          [
            -93.1119288,
            41.3098797
          ],
          [
            -93.1114799,
            41.3098878
          ],
          [
            -93.1114063,
            41.3098986
          ],
          [
            -93.1113291,
            41.3099162
          ],
          [
            -93.1112322,
            41.3099135
          ],
          [
            -93.1110634,
            41.3098892
          ],
          [
            -93.1107582,
            41.3098865
          ],
          [
            -93.1096372,
            41.3099002
          ],
          [
            -93.1096417,
            41.3101729
          ],
          [
            -93.1095772,
            41.3101733
          ]
        ]
      },
      "id": "way/1251805479"
    },
    {
      "type": "Feature",
      "properties": {
        "@id": "way/1251805480",
        "bicycle": "designated",
        "cycleway": "crossing",
        "foot": "designated",
        "highway": "cycleway",
        "name": "Competine Trail"
      },
      "geometry": {
        "type": "LineString",
        "coordinates": [
          [
            -93.1142331,
            41.3115856
          ],
          [
            -93.1141871,
            41.3115856
          ],
          [
            -93.1141478,
            41.3115858
          ]
        ]
      },
      "id": "way/1251805480"
    },
    {
      "type": "Feature",
      "properties": {
        "@id": "way/1252736748",
        "bicycle": "designated",
        "foot": "designated",
        "highway": "cycleway",
        "name": "Will Skelton Greenway",
        "oneway": "no",
        "segregated": "no",
        "surface": "asphalt"
      },
      "geometry": {
        "type": "LineString",
        "coordinates": [
          [
            -83.8650794,
            35.9521943
          ],
          [
            -83.865102,
            35.9522334
          ],
          [
            -83.865112,
            35.9522631
          ],
          [
            -83.865122,
            35.9523183
          ],
          [
            -83.8651519,
            35.9524513
          ],
          [
            -83.8651565,
            35.9524677
          ],
          [
            -83.865165,
            35.9524853
          ],
          [
            -83.8652349,
            35.9525826
          ]
        ]
      },
      "id": "way/1252736748"
    },
    {
      "type": "Feature",
      "properties": {
        "@id": "way/1252752807",
        "bicycle": "designated",
        "foot": "designated",
        "highway": "cycleway",
        "name": "Third Creek Greenway",
        "surface": "paved"
      },
      "geometry": {
        "type": "LineString",
        "coordinates": [
          [
            -83.9415102,
            35.9533266
          ],
          [
            -83.9415357,
            35.9535523
          ],
          [
            -83.9415885,
            35.9536534
          ],
          [
            -83.9417079,
            35.9537568
          ],
          [
            -83.9418284,
            35.9538663
          ],
          [
            -83.9418915,
            35.953904
          ],
          [
            -83.9419217,
            35.9539006
          ],
          [
            -83.9420642,
            35.9539216
          ],
          [
            -83.9421884,
            35.9539754
          ],
          [
            -83.9423604,
            35.9540422
          ],
          [
            -83.9426297,
            35.9541276
          ],
          [
            -83.9427241,
            35.9541895
          ],
          [
            -83.9428613,
            35.9543686
          ]
        ]
      },
      "id": "way/1252752807"
    },
    {
      "type": "Feature",
      "properties": {
        "@id": "way/1252752809",
        "foot": "yes",
        "highway": "cycleway",
        "name": "Third Creek Greenway",
        "surface": "asphalt"
      },
      "geometry": {
        "type": "LineString",
        "coordinates": [
          [
            -83.9808643,
            35.9424914
          ],
          [
            -83.9809149,
            35.9426172
          ],
          [
            -83.9809307,
            35.9427481
          ],
          [
            -83.9808831,
            35.9428648
          ]
        ]
      },
      "id": "way/1252752809"
    },
    {
      "type": "Feature",
      "properties": {
        "@id": "way/1252752810",
        "bicycle": "designated",
        "foot": "designated",
        "highway": "cycleway",
        "horse": "no",
        "name": "Bearden Village Greenway",
        "surface": "asphalt"
      },
      "geometry": {
        "type": "LineString",
        "coordinates": [
          [
            -83.984525,
            35.9438035
          ],
          [
            -83.9845057,
            35.9438548
          ],
          [
            -83.9841323,
            35.9440619
          ],
          [
            -83.9840512,
            35.9441069
          ],
          [
            -83.9837988,
            35.9442469
          ],
          [
            -83.9837351,
            35.944267
          ],
          [
            -83.983505,
            35.9444031
          ],
          [
            -83.9834904,
            35.9444111
          ],
          [
            -83.9832206,
            35.9445592
          ],
          [
            -83.9832064,
            35.9445671
          ],
          [
            -83.9830682,
            35.9446385
          ],
          [
            -83.9830608,
            35.9446426
          ],
          [
            -83.9826801,
            35.9448503
          ],
          [
            -83.9825994,
            35.9448912
          ],
          [
            -83.9820499,
            35.9451938
          ],
          [
            -83.9819572,
            35.945245
          ],
          [
            -83.9819047,
            35.9452741
          ],
          [
            -83.9818306,
            35.9452876
          ],
          [
            -83.9816406,
            35.9453876
          ],
          [
            -83.9815179,
            35.9454763
          ],
          [
            -83.9813997,
            35.945543
          ],
          [
            -83.9799917,
            35.9463138
          ],
          [
            -83.9797523,
            35.9464448
          ],
          [
            -83.9796954,
            35.9464731
          ],
          [
            -83.97963,
            35.9465055
          ],
          [
            -83.9795212,
            35.9465596
          ],
          [
            -83.9781084,
            35.9472612
          ],
          [
            -83.978019,
            35.9473056
          ],
          [
            -83.9778938,
            35.9473678
          ],
          [
            -83.9773895,
            35.947611
          ],
          [
            -83.9761578,
            35.9482278
          ],
          [
            -83.9751144,
            35.9487589
          ],
          [
            -83.9750215,
            35.9488168
          ],
          [
            -83.9749208,
            35.9488633
          ],
          [
            -83.9748882,
            35.9488788
          ],
          [
            -83.9740826,
            35.9492904
          ],
          [
            -83.973994,
            35.9493276
          ],
          [
            -83.9738993,
            35.9493702
          ],
          [
            -83.9735546,
            35.9495137
          ],
          [
            -83.9732963,
            35.9495882
          ],
          [
            -83.9729863,
            35.9497394
          ],
          [
            -83.9729541,
            35.949708
          ],
          [
            -83.9728377,
            35.9495524
          ],
          [
            -83.972783,
            35.9494371
          ],
          [
            -83.9727443,
            35.9493616
          ],
          [
            -83.9725732,
            35.9490121
          ],
          [
            -83.9723717,
            35.9486102
          ],
          [
            -83.9722082,
            35.948283
          ],
          [
            -83.9720373,
            35.9479417
          ],
          [
            -83.9718825,
            35.9476283
          ],
          [
            -83.9718044,
            35.9475251
          ],
          [
            -83.97167,
            35.9472448
          ],
          [
            -83.9715175,
            35.9469701
          ],
          [
            -83.9714509,
            35.9468338
          ],
          [
            -83.9712713,
            35.9465553
          ]
        ]
      },
      "id": "way/1252752810"
    },
    {
      "type": "Feature",
      "properties": {
        "@id": "way/1252752836",
        "bicycle": "designated",
        "foot": "designated",
        "highway": "cycleway",
        "name": "Cavet Station Greenway",
        "oneway": "no",
        "surface": "asphalt",
        "width": "2.4"
      },
      "geometry": {
        "type": "LineString",
        "coordinates": [
          [
            -84.0586912,
            35.9270691
          ],
          [
            -84.058712,
            35.9271995
          ],
          [
            -84.0587094,
            35.9273335
          ],
          [
            -84.0587065,
            35.9274159
          ],
          [
            -84.0587032,
            35.927539
          ],
          [
            -84.0587026,
            35.9276281
          ],
          [
            -84.0587516,
            35.9279402
          ],
          [
            -84.058778,
            35.928022
          ],
          [
            -84.0588008,
            35.9281077
          ],
          [
            -84.0589645,
            35.9284119
          ],
          [
            -84.0589864,
            35.9284497
          ],
          [
            -84.0590374,
            35.9285378
          ],
          [
            -84.0591234,
            35.9286387
          ],
          [
            -84.0592687,
            35.9288028
          ],
          [
            -84.0593931,
            35.9289874
          ],
          [
            -84.0595631,
            35.9293143
          ],
          [
            -84.0598214,
            35.9298414
          ]
        ]
      },
      "id": "way/1252752836"
    },
    {
      "type": "Feature",
      "properties": {
        "@id": "way/1253399222",
        "bicycle": "yes",
        "foot": "yes",
        "highway": "path",
        "horse": "no",
        "motor_vehicle": "no",
        "name": "Dogwood Elementary Greenway",
        "surface": "asphalt"
      },
      "geometry": {
        "type": "LineString",
        "coordinates": [
          [
            -83.899483,
            35.947381
          ],
          [
            -83.8996191,
            35.9473696
          ],
          [
            -83.8997759,
            35.9473785
          ],
          [
            -83.8998369,
            35.9473867
          ],
          [
            -83.8999243,
            35.9473966
          ],
          [
            -83.9000016,
            35.9474081
          ],
          [
            -83.9000748,
            35.947418
          ],
          [
            -83.900152,
            35.9474311
          ],
          [
            -83.9002292,
            35.9474427
          ],
          [
            -83.9003065,
            35.9474575
          ],
          [
            -83.9003797,
            35.9474805
          ],
          [
            -83.9004752,
            35.947497
          ],
          [
            -83.9005565,
            35.9475348
          ],
          [
            -83.9006114,
            35.9475644
          ],
          [
            -83.9006582,
            35.9476023
          ],
          [
            -83.9006988,
            35.9476401
          ],
          [
            -83.9007354,
            35.947678
          ],
          [
            -83.9007781,
            35.9477257
          ],
          [
            -83.9008248,
            35.9477635
          ],
          [
            -83.9008838,
            35.9477915
          ],
          [
            -83.900961,
            35.9478195
          ],
          [
            -83.9010342,
            35.9478458
          ],
          [
            -83.9011094,
            35.9478639
          ],
          [
            -83.9011989,
            35.9478903
          ],
          [
            -83.9012761,
            35.9479084
          ],
          [
            -83.9013554,
            35.9479248
          ],
          [
            -83.9014306,
            35.9479363
          ],
          [
            -83.901518,
            35.9479561
          ],
          [
            -83.9016095,
            35.9479692
          ],
          [
            -83.9017009,
            35.9479873
          ],
          [
            -83.9017945,
            35.9480005
          ],
          [
            -83.9018778,
            35.9480104
          ],
          [
            -83.9019652,
            35.9480137
          ],
          [
            -83.9020587,
            35.9480235
          ],
          [
            -83.9021441,
            35.9480301
          ],
          [
            -83.9022193,
            35.9480351
          ],
          [
            -83.9023006,
            35.9480449
          ],
          [
            -83.9024034,
            35.9480466
          ]
        ]
      },
      "id": "way/1253399222"
    },
    {
      "type": "Feature",
      "properties": {
        "@id": "way/1253399226",
        "bicycle": "designated",
        "foot": "designated",
        "highway": "cycleway",
        "horse": "no",
        "motor_vehicle": "no",
        "mtb:scale:imba": "1",
        "name": "UW Gateway Park Greenway",
        "surface": "asphalt"
      },
      "geometry": {
        "type": "LineString",
        "coordinates": [
          [
            -83.8912674,
            35.9422375
          ],
          [
            -83.891311,
            35.9422386
          ],
          [
            -83.8914302,
            35.9422415
          ],
          [
            -83.8915399,
            35.9421584
          ],
          [
            -83.8916107,
            35.9420495
          ],
          [
            -83.8917275,
            35.9420036
          ],
          [
            -83.8919469,
            35.9420552
          ],
          [
            -83.8922725,
            35.9422042
          ],
          [
            -83.8925557,
            35.9423303
          ],
          [
            -83.8929273,
            35.9423933
          ],
          [
            -83.8934122,
            35.9424793
          ],
          [
            -83.8935274,
            35.9425139
          ],
          [
            -83.8938581,
            35.9425309
          ],
          [
            -83.8939926,
            35.942528
          ],
          [
            -83.8943182,
            35.942591
          ],
          [
            -83.8945484,
            35.9426629
          ],
          [
            -83.8945659,
            35.9426684
          ],
          [
            -83.894704,
            35.9428117
          ],
          [
            -83.8947783,
            35.9429807
          ],
          [
            -83.8948738,
            35.9431297
          ],
          [
            -83.8948996,
            35.9431551
          ]
        ]
      },
      "id": "way/1253399226"
    },
    {
      "type": "Feature",
      "properties": {
        "@id": "way/1253521634",
        "abandoned:railway": "rail",
        "bicycle": "designated",
        "foot": "designated",
        "highway": "path",
        "historic:electrified": "no",
        "historic:gauge": "1435",
        "historic:service": "spur",
        "name": "SoKno Rail Trail",
        "old_name": "KXHR (K&A Branch Line)",
        "proposed": "cycleway",
        "start_date": "2026",
        "surface": "unpaved",
        "tiger:cfcc": "B11",
        "tiger:county": "Knox, TN",
        "tiger:name_base": "Southern Railway",
        "tiger:reviewed": "no",
        "usage": "industrial"
      },
      "geometry": {
        "type": "LineString",
        "coordinates": [
          [
            -83.8885951,
            35.9583504
          ],
          [
            -83.8892963,
            35.9587068
          ],
          [
            -83.8894652,
            35.9587886
          ]
        ]
      },
      "id": "way/1253521634"
    },
    {
      "type": "Feature",
      "properties": {
        "@id": "way/1253521635",
        "abandoned:railway": "rail",
        "bicycle": "designated",
        "bridge": "yes",
        "foot": "designated",
        "highway": "path",
        "historic:electrified": "no",
        "historic:gauge": "1435",
        "historic:service": "spur",
        "layer": "1",
        "name": "SoKno Rail Trail",
        "old_name": "KXHR (K&A Branch Line)",
        "proposed": "cycleway",
        "start_date": "2026",
        "surface": "unpaved",
        "tiger:cfcc": "B11",
        "tiger:county": "Knox, TN",
        "tiger:name_base": "Southern Railway",
        "tiger:reviewed": "no",
        "usage": "industrial"
      },
      "geometry": {
        "type": "LineString",
        "coordinates": [
          [
            -83.8882975,
            35.9581908
          ],
          [
            -83.8885951,
            35.9583504
          ]
        ]
      },
      "id": "way/1253521635"
    },
    {
      "type": "Feature",
      "properties": {
        "@id": "way/1253749159",
        "bicycle": "yes",
        "bridge": "yes",
        "foot": "yes",
        "highway": "path",
        "horse": "no",
        "layer": "1",
        "motor_vehicle": "no",
        "name": "Loves Creek Greenway",
        "surface": "wood"
      },
      "geometry": {
        "type": "LineString",
        "coordinates": [
          [
            -83.8593529,
            36.0218436
          ],
          [
            -83.8594767,
            36.0218074
          ]
        ]
      },
      "id": "way/1253749159"
    },
    {
      "type": "Feature",
      "properties": {
        "@id": "way/1253749160",
        "bicycle": "yes",
        "foot": "yes",
        "highway": "path",
        "horse": "no",
        "motor_vehicle": "no",
        "name": "Loves Creek Greenway",
        "surface": "paved"
      },
      "geometry": {
        "type": "LineString",
        "coordinates": [
          [
            -83.8594767,
            36.0218074
          ],
          [
            -83.8595686,
            36.021779
          ]
        ]
      },
      "id": "way/1253749160"
    },
    {
      "type": "Feature",
      "properties": {
        "@id": "way/1253749161",
        "bicycle": "yes",
        "foot": "yes",
        "highway": "path",
        "horse": "no",
        "motor_vehicle": "no",
        "name": "Loves Creek Greenway",
        "surface": "paved"
      },
      "geometry": {
        "type": "LineString",
        "coordinates": [
          [
            -83.8592816,
            36.021867
          ],
          [
            -83.8593529,
            36.0218436
          ]
        ]
      },
      "id": "way/1253749161"
    },
    {
      "type": "Feature",
      "properties": {
        "@id": "way/1256948446",
        "bicycle": "designated",
        "foot": "designated",
        "highway": "cycleway",
        "name": "Third Creek Greenway",
        "segregated": "no",
        "surface": "paved"
      },
      "geometry": {
        "type": "LineString",
        "coordinates": [
          [
            -83.9395116,
            35.9491468
          ],
          [
            -83.939731,
            35.9491221
          ],
          [
            -83.9398254,
            35.9490973
          ],
          [
            -83.9400114,
            35.9490906
          ],
          [
            -83.9401002,
            35.9490928
          ],
          [
            -83.9402224,
            35.949149
          ],
          [
            -83.9403279,
            35.9492906
          ],
          [
            -83.9404834,
            35.9496008
          ],
          [
            -83.9407944,
            35.9499852
          ],
          [
            -83.9408666,
            35.9500706
          ],
          [
            -83.9410221,
            35.9501358
          ],
          [
            -83.9413775,
            35.9502662
          ],
          [
            -83.9415832,
            35.9503391
          ],
          [
            -83.9416178,
            35.9503514
          ],
          [
            -83.9417134,
            35.9503853
          ],
          [
            -83.9419078,
            35.9504774
          ],
          [
            -83.9419682,
            35.9505313
          ],
          [
            -83.9420078,
            35.9505898
          ],
          [
            -83.9420327,
            35.9507202
          ],
          [
            -83.9420264,
            35.9507945
          ],
          [
            -83.9420078,
            35.950864
          ],
          [
            -83.9419746,
            35.9509082
          ],
          [
            -83.9419161,
            35.9509832
          ],
          [
            -83.9417829,
            35.9510888
          ],
          [
            -83.9415135,
            35.9512731
          ],
          [
            -83.941272,
            35.9514147
          ],
          [
            -83.9411304,
            35.9515249
          ],
          [
            -83.9407972,
            35.9519722
          ],
          [
            -83.940785,
            35.9520462
          ],
          [
            -83.9407833,
            35.9521272
          ],
          [
            -83.9409138,
            35.9523992
          ],
          [
            -83.9412456,
            35.9528533
          ],
          [
            -83.9413479,
            35.9529933
          ]
        ]
      },
      "id": "way/1256948446"
    },
    {
      "type": "Feature",
      "properties": {
        "@id": "way/1257244750",
        "bicycle": "designated",
        "foot": "designated",
        "highway": "cycleway",
        "motor_vehicle": "no",
        "name": "Second Creek Greenway",
        "oneway": "no",
        "segregated": "no",
        "smoothness": "good",
        "surface": "asphalt",
        "width": "3"
      },
      "geometry": {
        "type": "LineString",
        "coordinates": [
          [
            -83.9309763,
            35.9729848
          ],
          [
            -83.9299924,
            35.9720052
          ],
          [
            -83.9298667,
            35.9718714
          ],
          [
            -83.929713,
            35.9717603
          ],
          [
            -83.9295383,
            35.9716566
          ],
          [
            -83.9293893,
            35.9715398
          ],
          [
            -83.9292123,
            35.9712703
          ],
          [
            -83.9291342,
            35.9711468
          ],
          [
            -83.9291436,
            35.9711107
          ]
        ]
      },
      "id": "way/1257244750"
    },
    {
      "type": "Feature",
      "properties": {
        "@id": "way/1257244751",
        "bicycle": "designated",
        "foot": "designated",
        "highway": "cycleway",
        "motor_vehicle": "no",
        "name": "Second Creek Greenway",
        "oneway": "no",
        "segregated": "no",
        "smoothness": "good",
        "surface": "asphalt",
        "width": "3"
      },
      "geometry": {
        "type": "LineString",
        "coordinates": [
          [
            -83.9336411,
            35.977469
          ],
          [
            -83.9336142,
            35.9774776
          ],
          [
            -83.9335238,
            35.977357
          ],
          [
            -83.9334729,
            35.9772601
          ],
          [
            -83.9334203,
            35.9771192
          ],
          [
            -83.9333936,
            35.9770055
          ],
          [
            -83.9333979,
            35.9768897
          ],
          [
            -83.9334307,
            35.9767495
          ],
          [
            -83.9334522,
            35.9767133
          ],
          [
            -83.9335212,
            35.9765898
          ],
          [
            -83.9336392,
            35.9764427
          ],
          [
            -83.9337004,
            35.9763471
          ],
          [
            -83.9337254,
            35.976276
          ],
          [
            -83.9337306,
            35.9762181
          ],
          [
            -83.9337332,
            35.9761512
          ],
          [
            -83.9337246,
            35.9760849
          ],
          [
            -83.9336944,
            35.9760005
          ],
          [
            -83.9336341,
            35.9759022
          ],
          [
            -83.9336039,
            35.9758673
          ],
          [
            -83.9333824,
            35.9756072
          ],
          [
            -83.9333195,
            35.9755653
          ],
          [
            -83.9332807,
            35.9755416
          ]
        ]
      },
      "id": "way/1257244751"
    },
    {
      "type": "Feature",
      "properties": {
        "@id": "way/1257244752",
        "crossing": "uncontrolled",
        "crossing:markings": "ladder:skewed",
        "footway": "crossing",
        "highway": "footway",
        "motor_vehicle": "no",
        "name": "Second Creek Greenway",
        "oneway": "no",
        "smoothness": "good",
        "surface": "asphalt",
        "width": "3"
      },
      "geometry": {
        "type": "LineString",
        "coordinates": [
          [
            -83.9332807,
            35.9755416
          ],
          [
            -83.9332458,
            35.9754867
          ],
          [
            -83.9331954,
            35.9754237
          ]
        ]
      },
      "id": "way/1257244752"
    },
    {
      "type": "Feature",
      "properties": {
        "@id": "way/1257244753",
        "bicycle": "designated",
        "foot": "designated",
        "highway": "cycleway",
        "motor_vehicle": "no",
        "name": "Second Creek Greenway",
        "oneway": "no",
        "segregated": "no",
        "smoothness": "good",
        "surface": "asphalt",
        "width": "3"
      },
      "geometry": {
        "type": "LineString",
        "coordinates": [
          [
            -83.9331954,
            35.9754237
          ],
          [
            -83.9331799,
            35.9753945
          ],
          [
            -83.9331144,
            35.975285
          ],
          [
            -83.9330713,
            35.9752236
          ],
          [
            -83.9330006,
            35.9751343
          ],
          [
            -83.9326128,
            35.9746336
          ],
          [
            -83.9325857,
            35.9745992
          ],
          [
            -83.932493,
            35.9744892
          ],
          [
            -83.9324034,
            35.9743929
          ],
          [
            -83.932319,
            35.9743086
          ],
          [
            -83.9321242,
            35.9741607
          ],
          [
            -83.9320662,
            35.9741201
          ],
          [
            -83.9320423,
            35.9741021
          ],
          [
            -83.9318527,
            35.9739403
          ],
          [
            -83.9318131,
            35.9739291
          ],
          [
            -83.9317519,
            35.9739431
          ]
        ]
      },
      "id": "way/1257244753"
    },
    {
      "type": "Feature",
      "properties": {
        "@id": "way/1257244754",
        "crossing": "uncontrolled",
        "crossing:markings": "ladder:skewed",
        "footway": "crossing",
        "highway": "footway",
        "motor_vehicle": "no",
        "name": "Second Creek Greenway",
        "oneway": "no",
        "smoothness": "good",
        "surface": "asphalt",
        "width": "3"
      },
      "geometry": {
        "type": "LineString",
        "coordinates": [
          [
            -83.9317519,
            35.9739431
          ],
          [
            -83.9317134,
            35.9738982
          ],
          [
            -83.9316407,
            35.9738145
          ],
          [
            -83.931614,
            35.9737785
          ]
        ]
      },
      "id": "way/1257244754"
    },
    {
      "type": "Feature",
      "properties": {
        "@id": "way/1257244755",
        "bicycle": "designated",
        "foot": "designated",
        "highway": "cycleway",
        "motor_vehicle": "no",
        "name": "Second Creek Greenway",
        "oneway": "no",
        "segregated": "no",
        "smoothness": "good",
        "surface": "asphalt",
        "width": "3"
      },
      "geometry": {
        "type": "LineString",
        "coordinates": [
          [
            -83.931614,
            35.9737785
          ],
          [
            -83.9315933,
            35.9737178
          ],
          [
            -83.9315589,
            35.9736585
          ],
          [
            -83.9314244,
            35.973496
          ],
          [
            -83.9313724,
            35.9734381
          ],
          [
            -83.9313141,
            35.9733705
          ],
          [
            -83.9310418,
            35.9730601
          ]
        ]
      },
      "id": "way/1257244755"
    },
    {
      "type": "Feature",
      "properties": {
        "@id": "way/1257244756",
        "crossing": "uncontrolled",
        "crossing:markings": "ladder:skewed",
        "footway": "crossing",
        "highway": "footway",
        "motor_vehicle": "no",
        "name": "Second Creek Greenway",
        "oneway": "no",
        "smoothness": "good",
        "surface": "asphalt",
        "width": "3"
      },
      "geometry": {
        "type": "LineString",
        "coordinates": [
          [
            -83.9310418,
            35.9730601
          ],
          [
            -83.9310131,
            35.9730291
          ],
          [
            -83.9309763,
            35.9729848
          ]
        ]
      },
      "id": "way/1257244756"
    },
    {
      "type": "Feature",
      "properties": {
        "@id": "way/1257244757",
        "crossing": "uncontrolled",
        "crossing:markings": "ladder:skewed",
        "footway": "crossing",
        "highway": "footway",
        "motor_vehicle": "no",
        "name": "Second Creek Greenway",
        "oneway": "no",
        "smoothness": "good",
        "surface": "asphalt",
        "width": "3"
      },
      "geometry": {
        "type": "LineString",
        "coordinates": [
          [
            -83.9291436,
            35.9711107
          ],
          [
            -83.9291666,
            35.9710267
          ],
          [
            -83.9292039,
            35.9709113
          ]
        ]
      },
      "id": "way/1257244757"
    },
    {
      "type": "Feature",
      "properties": {
        "@id": "way/1272453356",
        "bicycle": "no",
        "foot": "designated",
        "highway": "path",
        "horse": "no",
        "motor_vehicle": "no",
        "name": "Toll Creek Trail"
      },
      "geometry": {
        "type": "LineString",
        "coordinates": [
          [
            -83.8626973,
            35.9534154
          ],
          [
            -83.862683,
            35.9534381
          ],
          [
            -83.8626122,
            35.9534925
          ],
          [
            -83.8625896,
            35.9535585
          ],
          [
            -83.8627082,
            35.9535874
          ],
          [
            -83.8627552,
            35.9535934
          ],
          [
            -83.8627797,
            35.9535868
          ],
          [
            -83.862811,
            35.9535802
          ],
          [
            -83.8628761,
            35.953591
          ],
          [
            -83.8629587,
            35.9535804
          ],
          [
            -83.8631305,
            35.953562
          ]
        ]
      },
      "id": "way/1272453356"
    },
    {
      "type": "Feature",
      "properties": {
        "@id": "way/1272453357",
        "bicycle": "no",
        "foot": "designated",
        "highway": "path",
        "horse": "no",
        "motor_vehicle": "no",
        "name": "Toll Creek Trail"
      },
      "geometry": {
        "type": "LineString",
        "coordinates": [
          [
            -83.8631743,
            35.9536157
          ],
          [
            -83.8631336,
            35.953573
          ],
          [
            -83.8631305,
            35.953562
          ],
          [
            -83.8631229,
            35.9535353
          ],
          [
            -83.8631304,
            35.9535074
          ],
          [
            -83.8631475,
            35.953478
          ],
          [
            -83.863134,
            35.9534228
          ],
          [
            -83.8631293,
            35.9533852
          ]
        ]
      },
      "id": "way/1272453357"
    },
    {
      "type": "Feature",
      "properties": {
        "@id": "way/1272453359",
        "bicycle": "no",
        "foot": "designated",
        "highway": "path",
        "horse": "no",
        "motor_vehicle": "no",
        "name": "River Trail",
        "surface": "wood"
      },
      "geometry": {
        "type": "LineString",
        "coordinates": [
          [
            -83.8619439,
            35.954779
          ],
          [
            -83.8622277,
            35.9549537
          ],
          [
            -83.8623922,
            35.9551522
          ],
          [
            -83.8624291,
            35.9551988
          ],
          [
            -83.8624924,
            35.9552486
          ],
          [
            -83.8625586,
            35.9552979
          ],
          [
            -83.8626451,
            35.9553489
          ],
          [
            -83.8627438,
            35.9554047
          ],
          [
            -83.8627789,
            35.9554181
          ],
          [
            -83.8628344,
            35.9554628
          ],
          [
            -83.8628564,
            35.9555429
          ],
          [
            -83.8628886,
            35.9555983
          ],
          [
            -83.8630314,
            35.9557721
          ],
          [
            -83.8631799,
            35.9559746
          ],
          [
            -83.8632596,
            35.9561137
          ],
          [
            -83.8633173,
            35.9562679
          ],
          [
            -83.8633855,
            35.956384
          ],
          [
            -83.8634408,
            35.9565243
          ]
        ]
      },
      "id": "way/1272453359"
    },
    {
      "type": "Feature",
      "properties": {
        "@id": "way/1272453377",
        "bicycle": "no",
        "foot": "designated",
        "highway": "path",
        "horse": "no",
        "motor_vehicle": "no",
        "name": "Toll Creek Trail"
      },
      "geometry": {
        "type": "LineString",
        "coordinates": [
          [
            -83.8633466,
            35.9540988
          ],
          [
            -83.8633198,
            35.9539982
          ],
          [
            -83.8632911,
            35.9539578
          ],
          [
            -83.8632575,
            35.9539195
          ],
          [
            -83.8632462,
            35.9538977
          ],
          [
            -83.8633391,
            35.9538019
          ],
          [
            -83.8633213,
            35.9537616
          ],
          [
            -83.8633006,
            35.9537206
          ],
          [
            -83.863237,
            35.9536482
          ],
          [
            -83.8631743,
            35.9536157
          ]
        ]
      },
      "id": "way/1272453377"
    },
    {
      "type": "Feature",
      "properties": {
        "@id": "way/1272601344",
        "bicycle": "designated",
        "foot": "designated",
        "highway": "cycleway",
        "name": "Will Skelton Greenway",
        "oneway": "no",
        "segregated": "no",
        "surface": "asphalt"
      },
      "geometry": {
        "type": "LineString",
        "coordinates": [
          [
            -83.859603,
            35.9536281
          ],
          [
            -83.8597931,
            35.9536381
          ],
          [
            -83.859833,
            35.9536371
          ],
          [
            -83.859863,
            35.953631
          ],
          [
            -83.8599173,
            35.9536074
          ],
          [
            -83.8599523,
            35.9535975
          ],
          [
            -83.8599787,
            35.9535984
          ],
          [
            -83.8600366,
            35.9536117
          ],
          [
            -83.8600754,
            35.9536122
          ],
          [
            -83.8601161,
            35.9536031
          ],
          [
            -83.8601323,
            35.9535948
          ],
          [
            -83.8601376,
            35.9535802
          ],
          [
            -83.8601392,
            35.9535435
          ],
          [
            -83.8601391,
            35.9534926
          ],
          [
            -83.8601336,
            35.953382
          ],
          [
            -83.8601357,
            35.9532706
          ],
          [
            -83.8601425,
            35.9531654
          ],
          [
            -83.8601449,
            35.9530923
          ],
          [
            -83.8601513,
            35.9530242
          ],
          [
            -83.8601576,
            35.9530053
          ],
          [
            -83.8601677,
            35.9529883
          ],
          [
            -83.8601958,
            35.952963
          ],
          [
            -83.8602169,
            35.9529512
          ],
          [
            -83.860253,
            35.9529433
          ],
          [
            -83.8603091,
            35.9529379
          ],
          [
            -83.8604158,
            35.9529329
          ],
          [
            -83.8605084,
            35.9529192
          ],
          [
            -83.860574,
            35.9529092
          ],
          [
            -83.8606334,
            35.9528948
          ],
          [
            -83.8607504,
            35.9528584
          ],
          [
            -83.8608736,
            35.9528288
          ],
          [
            -83.8609094,
            35.9528164
          ],
          [
            -83.8609828,
            35.9527796
          ],
          [
            -83.8610015,
            35.9527709
          ],
          [
            -83.8610462,
            35.9527569
          ],
          [
            -83.8611205,
            35.9527396
          ],
          [
            -83.8613529,
            35.9526645
          ],
          [
            -83.8613918,
            35.9526523
          ],
          [
            -83.861426,
            35.9526396
          ],
          [
            -83.8616709,
            35.9525157
          ],
          [
            -83.8616989,
            35.9525038
          ],
          [
            -83.8617298,
            35.952498
          ],
          [
            -83.8617619,
            35.9524969
          ],
          [
            -83.8618929,
            35.9524915
          ],
          [
            -83.8619151,
            35.952486
          ],
          [
            -83.8619303,
            35.9524776
          ],
          [
            -83.8619501,
            35.9524637
          ],
          [
            -83.8619969,
            35.9524287
          ],
          [
            -83.8620782,
            35.9523608
          ],
          [
            -83.8621089,
            35.9523405
          ],
          [
            -83.8621425,
            35.9523193
          ],
          [
            -83.8621841,
            35.9522967
          ],
          [
            -83.8622398,
            35.952267
          ],
          [
            -83.8622982,
            35.9522396
          ],
          [
            -83.8626646,
            35.9520743
          ],
          [
            -83.8627859,
            35.9520089
          ],
          [
            -83.8629954,
            35.9519159
          ],
          [
            -83.8631238,
            35.9518648
          ],
          [
            -83.863356,
            35.9517552
          ],
          [
            -83.8636577,
            35.9516144
          ],
          [
            -83.8638994,
            35.9515118
          ],
          [
            -83.8640931,
            35.9514187
          ],
          [
            -83.8642773,
            35.9513249
          ],
          [
            -83.8646142,
            35.9511756
          ],
          [
            -83.8646665,
            35.9511595
          ],
          [
            -83.8646842,
            35.9511579
          ],
          [
            -83.8647057,
            35.9511589
          ],
          [
            -83.8647252,
            35.9511618
          ],
          [
            -83.8647455,
            35.9511685
          ],
          [
            -83.8647659,
            35.9511843
          ],
          [
            -83.8647838,
            35.9512059
          ],
          [
            -83.864797,
            35.9512271
          ],
          [
            -83.8648052,
            35.9512455
          ],
          [
            -83.8648143,
            35.9512829
          ],
          [
            -83.8648453,
            35.9514579
          ],
          [
            -83.8648863,
            35.9516411
          ],
          [
            -83.8649133,
            35.9517843
          ],
          [
            -83.8649472,
            35.9519275
          ],
          [
            -83.8649948,
            35.9520527
          ],
          [
            -83.8650038,
            35.9520658
          ]
        ]
      },
      "id": "way/1272601344"
    },
    {
      "type": "Feature",
      "properties": {
        "@id": "way/1272601345",
        "bicycle": "designated",
        "bridge": "yes",
        "foot": "designated",
        "highway": "cycleway",
        "layer": "1",
        "name": "Will Skelton Greenway",
        "segregated": "no",
        "surface": "asphalt"
      },
      "geometry": {
        "type": "LineString",
        "coordinates": [
          [
            -83.859603,
            35.9536281
          ],
          [
            -83.8594115,
            35.9536787
          ]
        ]
      },
      "id": "way/1272601345"
    },
    {
      "type": "Feature",
      "properties": {
        "@id": "way/1272601346",
        "bicycle": "designated",
        "foot": "designated",
        "highway": "cycleway",
        "name": "Will Skelton Greenway",
        "oneway": "no",
        "segregated": "no",
        "surface": "asphalt"
      },
      "geometry": {
        "type": "LineString",
        "coordinates": [
          [
            -83.8562315,
            35.9534381
          ],
          [
            -83.8562502,
            35.9534177
          ],
          [
            -83.8562786,
            35.9534137
          ],
          [
            -83.8563124,
            35.9534171
          ],
          [
            -83.8563526,
            35.9534326
          ],
          [
            -83.8564331,
            35.9534635
          ],
          [
            -83.8565252,
            35.9534836
          ],
          [
            -83.8566403,
            35.9534966
          ],
          [
            -83.8567342,
            35.9535169
          ],
          [
            -83.8567857,
            35.9535347
          ],
          [
            -83.8568356,
            35.9535587
          ],
          [
            -83.8568718,
            35.9535816
          ],
          [
            -83.8568988,
            35.953607
          ],
          [
            -83.8569294,
            35.9536417
          ],
          [
            -83.8569446,
            35.9536738
          ],
          [
            -83.8569558,
            35.9537099
          ],
          [
            -83.8569538,
            35.9537442
          ],
          [
            -83.8569447,
            35.9537916
          ],
          [
            -83.8569294,
            35.9538266
          ],
          [
            -83.8569015,
            35.9538653
          ],
          [
            -83.8568628,
            35.953904
          ],
          [
            -83.8568323,
            35.9539342
          ],
          [
            -83.8568173,
            35.9539694
          ],
          [
            -83.8568122,
            35.9539983
          ],
          [
            -83.8568172,
            35.9540227
          ],
          [
            -83.8568288,
            35.9540423
          ],
          [
            -83.8568472,
            35.9540691
          ],
          [
            -83.8568677,
            35.9540849
          ],
          [
            -83.8568896,
            35.9540995
          ],
          [
            -83.8569228,
            35.9541076
          ],
          [
            -83.8569644,
            35.9541078
          ],
          [
            -83.8570031,
            35.9541031
          ],
          [
            -83.8571034,
            35.9540875
          ],
          [
            -83.8573933,
            35.9540512
          ],
          [
            -83.8574678,
            35.9540474
          ],
          [
            -83.8575547,
            35.9540447
          ],
          [
            -83.8577161,
            35.9540489
          ],
          [
            -83.8578673,
            35.9540474
          ],
          [
            -83.8579246,
            35.9540416
          ],
          [
            -83.8579792,
            35.9540309
          ],
          [
            -83.8580446,
            35.9540202
          ],
          [
            -83.8581601,
            35.9540187
          ],
          [
            -83.858434,
            35.954028
          ],
          [
            -83.8585146,
            35.9540377
          ],
          [
            -83.8587354,
            35.9540761
          ],
          [
            -83.8588321,
            35.9540872
          ],
          [
            -83.8589335,
            35.9540951
          ],
          [
            -83.8590026,
            35.9540892
          ],
          [
            -83.8590539,
            35.9540784
          ],
          [
            -83.8590844,
            35.9540682
          ],
          [
            -83.8591119,
            35.954053
          ],
          [
            -83.8591478,
            35.9540277
          ],
          [
            -83.8591834,
            35.9539982
          ],
          [
            -83.8592114,
            35.9539631
          ],
          [
            -83.8592701,
            35.9537845
          ],
          [
            -83.8592806,
            35.9537616
          ],
          [
            -83.8593033,
            35.9537387
          ],
          [
            -83.8593289,
            35.9537204
          ],
          [
            -83.8594115,
            35.9536787
          ]
        ]
      },
      "id": "way/1272601346"
    },
    {
      "type": "Feature",
      "properties": {
        "@id": "way/1272601347",
        "bicycle": "designated",
        "bridge": "yes",
        "foot": "designated",
        "highway": "cycleway",
        "layer": "1",
        "name": "Will Skelton Greenway",
        "oneway": "no",
        "segregated": "no",
        "surface": "asphalt"
      },
      "geometry": {
        "type": "LineString",
        "coordinates": [
          [
            -83.8561264,
            35.9535863
          ],
          [
            -83.8562315,
            35.9534381
          ]
        ]
      },
      "id": "way/1272601347"
    },
    {
      "type": "Feature",
      "properties": {
        "@id": "way/1275835185",
        "bicycle": "yes",
        "foot": "yes",
        "highway": "path",
        "horse": "no",
        "motor_vehicle": "no",
        "name": "Scott Cleland Trail",
        "surface": "dirt"
      },
      "geometry": {
        "type": "LineString",
        "coordinates": [
          [
            -84.0438848,
            35.9313912
          ],
          [
            -84.0438563,
            35.9313389
          ],
          [
            -84.0439377,
            35.9312042
          ],
          [
            -84.0440227,
            35.9311641
          ],
          [
            -84.0440864,
            35.9311096
          ],
          [
            -84.0441713,
            35.9309864
          ],
          [
            -84.0444651,
            35.9307829
          ],
          [
            -84.0445465,
            35.9307543
          ],
          [
            -84.0446521,
            35.9307377
          ],
          [
            -84.044664,
            35.9306833
          ],
          [
            -84.044579,
            35.9306638
          ],
          [
            -84.0444969,
            35.9306769
          ],
          [
            -84.0442828,
            35.9307872
          ],
          [
            -84.0439501,
            35.9309964
          ],
          [
            -84.0437059,
            35.9311497
          ],
          [
            -84.0434599,
            35.9312644
          ],
          [
            -84.0432971,
            35.9312873
          ],
          [
            -84.043152,
            35.9312758
          ],
          [
            -84.043037,
            35.9312672
          ],
          [
            -84.0429945,
            35.9312371
          ],
          [
            -84.0430069,
            35.9312228
          ],
          [
            -84.0430741,
            35.93122
          ],
          [
            -84.0431325,
            35.9311985
          ],
          [
            -84.0433944,
            35.9311884
          ],
          [
            -84.0435183,
            35.9311383
          ],
          [
            -84.0436528,
            35.9310466
          ],
          [
            -84.0437165,
            35.9309735
          ],
          [
            -84.0436917,
            35.9309405
          ],
          [
            -84.0435626,
            35.9309348
          ],
          [
            -84.0434528,
            35.9309835
          ],
          [
            -84.0433148,
            35.9310022
          ],
          [
            -84.0431325,
            35.9310394
          ],
          [
            -84.0429432,
            35.9311111
          ],
          [
            -84.0427822,
            35.9311913
          ],
          [
            -84.0426636,
            35.9312285
          ],
          [
            -84.0424336,
            35.9312285
          ],
          [
            -84.0422389,
            35.9312558
          ],
          [
            -84.0420604,
            35.931337
          ],
          [
            -84.0420297,
            35.9313503
          ],
          [
            -84.0420052,
            35.9313454
          ],
          [
            -84.0419827,
            35.9313291
          ],
          [
            -84.0419947,
            35.9313045
          ],
          [
            -84.0420796,
            35.9311884
          ],
          [
            -84.0422601,
            35.9311096
          ],
          [
            -84.0425503,
            35.9310065
          ],
          [
            -84.0428105,
            35.9309878
          ],
          [
            -84.0430317,
            35.9309291
          ],
          [
            -84.0434121,
            35.9308402
          ],
          [
            -84.0435272,
            35.9307528
          ],
          [
            -84.0436369,
            35.9305823
          ],
          [
            -84.0438174,
            35.930439
          ],
          [
            -84.0438952,
            35.9303516
          ],
          [
            -84.0442014,
            35.9301711
          ],
          [
            -84.0444367,
            35.9299805
          ],
          [
            -84.0447039,
            35.92981
          ],
          [
            -84.044727,
            35.9297641
          ],
          [
            -84.0446792,
            35.9297398
          ],
          [
            -84.0444527,
            35.9298573
          ],
          [
            -84.0440934,
            35.9300607
          ],
          [
            -84.0438988,
            35.9301725
          ],
          [
            -84.0436493,
            35.9302671
          ],
          [
            -84.0433927,
            35.930439
          ],
          [
            -84.0430777,
            35.9306038
          ],
          [
            -84.0429113,
            35.9307027
          ],
          [
            -84.0427645,
            35.9307844
          ],
          [
            -84.0425645,
            35.9308646
          ],
          [
            -84.042492,
            35.9308761
          ],
          [
            -84.0424035,
            35.9308546
          ],
          [
            -84.0422831,
            35.9309319
          ],
          [
            -84.0420212,
            35.9310967
          ],
          [
            -84.0419522,
            35.9311239
          ],
          [
            -84.0418602,
            35.9311569
          ],
          [
            -84.0418125,
            35.9311932
          ],
          [
            -84.04177,
            35.9312328
          ],
          [
            -84.0417271,
            35.9312488
          ],
          [
            -84.0416965,
            35.9312278
          ],
          [
            -84.0416984,
            35.9311929
          ],
          [
            -84.0417116,
            35.9311598
          ],
          [
            -84.0418372,
            35.9310165
          ],
          [
            -84.0419646,
            35.9309276
          ],
          [
            -84.0421486,
            35.9308302
          ],
          [
            -84.042653,
            35.9306396
          ],
          [
            -84.0429361,
            35.9305121
          ],
          [
            -84.0431538,
            35.9304462
          ],
          [
            -84.0432033,
            35.9303846
          ],
          [
            -84.0433785,
            35.9302843
          ],
          [
            -84.0433856,
            35.930237
          ],
          [
            -84.0433343,
            35.9301954
          ],
          [
            -84.0431963,
            35.9302069
          ],
          [
            -84.0430706,
            35.9302656
          ],
          [
            -84.0430051,
            35.9302972
          ],
          [
            -84.0429503,
            35.9303989
          ],
          [
            -84.0428211,
            35.930472
          ],
          [
            -84.0426583,
            35.9305164
          ],
          [
            -84.0426105,
            35.9304834
          ],
          [
            -84.0426441,
            35.9304175
          ],
          [
            -84.0427132,
            35.9303559
          ],
          [
            -84.0428176,
            35.9303043
          ],
          [
            -84.0428936,
            35.9302399
          ],
          [
            -84.0429414,
            35.9301682
          ],
          [
            -84.0429697,
            35.9300937
          ],
          [
            -84.0429344,
            35.930055
          ],
          [
            -84.0428229,
            35.9301252
          ],
          [
            -84.042768,
            35.9301926
          ],
          [
            -84.042591,
            35.9303043
          ],
          [
            -84.0425256,
            35.930419
          ],
          [
            -84.0424265,
            35.9305379
          ],
          [
            -84.0423327,
            35.9305895
          ],
          [
            -84.0421982,
            35.930611
          ],
          [
            -84.042131,
            35.9307055
          ],
          [
            -84.041977,
            35.9308159
          ],
          [
            -84.0418018,
            35.9308775
          ],
          [
            -84.0417186,
            35.9308918
          ],
          [
            -84.041478,
            35.931015
          ],
          [
            -84.0414231,
            35.9310652
          ],
          [
            -84.0414072,
            35.9311469
          ],
          [
            -84.041462,
            35.9312099
          ],
          [
            -84.0415204,
            35.9312959
          ],
          [
            -84.0414691,
            35.9313403
          ],
          [
            -84.0414797,
            35.9313976
          ],
          [
            -84.041593,
            35.9314363
          ],
          [
            -84.0416549,
            35.9314707
          ],
          [
            -84.041639,
            35.9315395
          ],
          [
            -84.0416036,
            35.9315911
          ],
          [
            -84.0416471,
            35.9316538
          ]
        ]
      },
      "id": "way/1275835185"
    },
    {
      "type": "Feature",
      "properties": {
        "@id": "way/1281273862",
        "bicycle": "designated",
        "crossing": "uncontrolled",
        "crossing:island": "no",
        "crossing:markings": "ladder:skewed",
        "cycleway": "crossing",
        "foot": "designated",
        "highway": "cycleway",
        "name": "Pleasant Ridge Greenway",
        "surface": "paved",
        "tactile_paving": "no"
      },
      "geometry": {
        "type": "LineString",
        "coordinates": [
          [
            -83.9973969,
            35.9882953
          ],
          [
            -83.9973431,
            35.9882575
          ],
          [
            -83.9973001,
            35.9882279
          ],
          [
            -83.9972959,
            35.988225
          ]
        ]
      },
      "id": "way/1281273862"
    },
    {
      "type": "Feature",
      "properties": {
        "@id": "way/1330440944",
        "bicycle": "designated",
        "foot": "designated",
        "highway": "cycleway",
        "name": "Parkside Greenway",
        "surface": "asphalt",
        "tiger:cfcc": "A41",
        "tiger:county": "Knox, TN",
        "tiger:reviewed": "no"
      },
      "geometry": {
        "type": "LineString",
        "coordinates": [
          [
            -84.1420659,
            35.9037158
          ],
          [
            -84.1421378,
            35.9036475
          ],
          [
            -84.1427413,
            35.9030596
          ],
          [
            -84.1430012,
            35.9028576
          ]
        ]
      },
      "id": "way/1330440944"
    },
    {
      "type": "Feature",
      "properties": {
        "@id": "way/1333749851",
        "highway": "path",
        "horse": "no",
        "name": "Cottrell Greenway",
        "surface": "asphalt"
      },
      "geometry": {
        "type": "LineString",
        "coordinates": [
          [
            -83.893458,
            35.9519569
          ],
          [
            -83.8935143,
            35.9517702
          ],
          [
            -83.893627,
            35.9514402
          ],
          [
            -83.8939811,
            35.9507389
          ],
          [
            -83.8948099,
            35.9492016
          ],
          [
            -83.8949894,
            35.9488672
          ],
          [
            -83.8951666,
            35.9485371
          ],
          [
            -83.8953597,
            35.9481745
          ],
          [
            -83.8954965,
            35.9479096
          ],
          [
            -83.895577,
            35.9476772
          ],
          [
            -83.8956178,
            35.9475211
          ]
        ]
      },
      "id": "way/1333749851"
    },
    {
      "type": "Feature",
      "properties": {
        "@id": "way/1335195174",
        "bicycle": "designated",
        "foot": "designated",
        "highway": "cycleway",
        "name": "Neyland Greenway",
        "surface": "paved"
      },
      "geometry": {
        "type": "LineString",
        "coordinates": [
          [
            -83.9423747,
            35.9462209
          ],
          [
            -83.9425235,
            35.9463432
          ],
          [
            -83.9426358,
            35.9464355
          ],
          [
            -83.9433328,
            35.9470252
          ],
          [
            -83.9435292,
            35.9471969
          ],
          [
            -83.9435861,
            35.9472525
          ],
          [
            -83.9435979,
            35.9473081
          ],
          [
            -83.9435822,
            35.9473352
          ]
        ]
      },
      "id": "way/1335195174"
    },
    {
      "type": "Feature",
      "properties": {
        "@id": "way/1347596981",
        "bicycle": "designated",
        "foot": "designated",
        "highway": "cycleway",
        "name": "Ten Mile Creek Greenway",
        "oneway": "no",
        "source": "Strava heatmap.",
        "surface": "asphalt",
        "width": "2.4"
      },
      "geometry": {
        "type": "LineString",
        "coordinates": [
          [
            -84.0606093,
            35.9294356
          ],
          [
            -84.0606426,
            35.9294555
          ],
          [
            -84.0607318,
            35.9294941
          ],
          [
            -84.0608427,
            35.9295601
          ],
          [
            -84.0607755,
            35.9296232
          ]
        ]
      },
      "id": "way/1347596981"
    },
    {
      "type": "Feature",
      "properties": {
        "@id": "way/1347618106",
        "bicycle": "designated",
        "foot": "designated",
        "highway": "cycleway",
        "name": "Pleasant Ridge Greenway",
        "oneway": "no",
        "segregated": "no",
        "surface": "asphalt"
      },
      "geometry": {
        "type": "LineString",
        "coordinates": [
          [
            -83.9779252,
            35.9846377
          ],
          [
            -83.9783178,
            35.9849048
          ],
          [
            -83.9786156,
            35.9850784
          ],
          [
            -83.9788967,
            35.985225
          ],
          [
            -83.9796007,
            35.9855233
          ],
          [
            -83.9800068,
            35.9856986
          ],
          [
            -83.9801517,
            35.9857544
          ],
          [
            -83.9802946,
            35.9858072
          ],
          [
            -83.9809503,
            35.9860003
          ],
          [
            -83.9818587,
            35.9862364
          ],
          [
            -83.9821624,
            35.9863154
          ],
          [
            -83.9823102,
            35.9863472
          ],
          [
            -83.9823582,
            35.9863575
          ],
          [
            -83.9825561,
            35.9863912
          ],
          [
            -83.9827711,
            35.9863935
          ],
          [
            -83.9829058,
            35.9863949
          ],
          [
            -83.983033,
            35.9863963
          ],
          [
            -83.9832413,
            35.9863929
          ],
          [
            -83.9842243,
            35.9863154
          ],
          [
            -83.9846697,
            35.9862765
          ],
          [
            -83.9853845,
            35.9862142
          ],
          [
            -83.9858311,
            35.9861752
          ],
          [
            -83.9859821,
            35.986162
          ],
          [
            -83.9862695,
            35.9861503
          ],
          [
            -83.9863018,
            35.9861505
          ],
          [
            -83.9866465,
            35.9861536
          ],
          [
            -83.9871697,
            35.986194
          ],
          [
            -83.9879972,
            35.9862579
          ],
          [
            -83.9884714,
            35.9862946
          ],
          [
            -83.988536,
            35.9862958
          ],
          [
            -83.9886349,
            35.9863043
          ],
          [
            -83.9894015,
            35.9863704
          ],
          [
            -83.9901861,
            35.986434
          ],
          [
            -83.9909416,
            35.9864952
          ],
          [
            -83.9909782,
            35.9864956
          ],
          [
            -83.9910086,
            35.9864898
          ],
          [
            -83.9910325,
            35.9864774
          ]
        ]
      },
      "id": "way/1347618106"
    },
    {
      "type": "Feature",
      "properties": {
        "@id": "way/1347618108",
        "bicycle": "designated",
        "foot": "designated",
        "highway": "cycleway",
        "name": "Pleasant Ridge Greenway",
        "surface": "asphalt"
      },
      "geometry": {
        "type": "LineString",
        "coordinates": [
          [
            -83.9967302,
            35.9879156
          ],
          [
            -83.9967386,
            35.9879203
          ],
          [
            -83.9971771,
            35.9881676
          ],
          [
            -83.9972959,
            35.988225
          ]
        ]
      },
      "id": "way/1347618108"
    },
    {
      "type": "Feature",
      "properties": {
        "@id": "way/1347618109",
        "bicycle": "designated",
        "foot": "designated",
        "highway": "cycleway",
        "name": "Pleasant Ridge Greenway",
        "surface": "asphalt"
      },
      "geometry": {
        "type": "LineString",
        "coordinates": [
          [
            -83.9973969,
            35.9882953
          ],
          [
            -83.9987455,
            35.9894639
          ],
          [
            -83.9987756,
            35.9894826
          ],
          [
            -83.9988297,
            35.9894937
          ],
          [
            -83.9988301,
            35.9895108
          ]
        ]
      },
      "id": "way/1347618109"
    },
    {
      "type": "Feature",
      "properties": {
        "@id": "way/1347618110",
        "bicycle": "designated",
        "foot": "designated",
        "highway": "cycleway",
        "name": "Pleasant Ridge Greenway",
        "surface": "asphalt"
      },
      "geometry": {
        "type": "LineString",
        "coordinates": [
          [
            -83.9989527,
            35.9896284
          ],
          [
            -83.9989727,
            35.9896279
          ],
          [
            -83.9989783,
            35.9896586
          ],
          [
            -83.9997405,
            35.9903339
          ],
          [
            -83.9998043,
            35.990385
          ],
          [
            -83.9999126,
            35.9904676
          ],
          [
            -83.9999281,
            35.9904776
          ],
          [
            -84.0000431,
            35.9905393
          ],
          [
            -84.0001504,
            35.9905967
          ],
          [
            -84.000379,
            35.9907044
          ],
          [
            -84.000773,
            35.9908899
          ],
          [
            -84.001173,
            35.9910419
          ],
          [
            -84.002631,
            35.9916561
          ],
          [
            -84.0028114,
            35.9917252
          ],
          [
            -84.0029764,
            35.9917802
          ]
        ]
      },
      "id": "way/1347618110"
    },
    {
      "type": "Feature",
      "properties": {
        "@id": "way/1347619853",
        "bicycle": "designated",
        "foot": "designated",
        "highway": "cycleway",
        "name": "Northwest Connector Greenway",
        "surface": "asphalt"
      },
      "geometry": {
        "type": "LineString",
        "coordinates": [
          [
            -84.0002012,
            35.9808231
          ],
          [
            -83.9999694,
            35.9800876
          ],
          [
            -83.9997214,
            35.979319
          ],
          [
            -83.999685,
            35.9792584
          ],
          [
            -83.999604,
            35.979206
          ],
          [
            -83.9992156,
            35.9791151
          ],
          [
            -83.9986755,
            35.9779512
          ],
          [
            -83.9983357,
            35.9773566
          ],
          [
            -83.998326,
            35.9773189
          ],
          [
            -83.9986208,
            35.9770762
          ],
          [
            -83.9988647,
            35.976946
          ],
          [
            -83.9994696,
            35.9765656
          ],
          [
            -83.999634,
            35.9764604
          ],
          [
            -84.0000272,
            35.9762087
          ],
          [
            -84.0006174,
            35.9758309
          ]
        ]
      },
      "id": "way/1347619853"
    },
    {
      "type": "Feature",
      "properties": {
        "@id": "way/1347619854",
        "bicycle": "designated",
        "foot": "designated",
        "highway": "cycleway",
        "name": "Northwest Connector Greenway",
        "surface": "concrete"
      },
      "geometry": {
        "type": "LineString",
        "coordinates": [
          [
            -84.0006174,
            35.9758309
          ],
          [
            -84.0006268,
            35.9758249
          ],
          [
            -84.0007058,
            35.9757361
          ],
          [
            -84.0007121,
            35.9757206
          ],
          [
            -84.000758,
            35.9756072
          ],
          [
            -84.0007754,
            35.9755379
          ],
          [
            -84.0007968,
            35.9755032
          ],
          [
            -84.0008383,
            35.9754751
          ],
          [
            -84.0009079,
            35.9754556
          ],
          [
            -84.0011616,
            35.9754376
          ],
          [
            -84.0013603,
            35.9754235
          ]
        ]
      },
      "id": "way/1347619854"
    },
    {
      "type": "Feature",
      "properties": {
        "@id": "way/1347668698",
        "bicycle": "designated",
        "foot": "designated",
        "highway": "cycleway",
        "horse": "no",
        "name": "Third Creek Greenway",
        "surface": "asphalt"
      },
      "geometry": {
        "type": "LineString",
        "coordinates": [
          [
            -83.9827299,
            35.9416238
          ],
          [
            -83.9828732,
            35.941758
          ],
          [
            -83.9829301,
            35.941802
          ],
          [
            -83.9830795,
            35.9419127
          ],
          [
            -83.9831613,
            35.9419489
          ],
          [
            -83.9833174,
            35.9420169
          ],
          [
            -83.9833842,
            35.9420702
          ],
          [
            -83.9834685,
            35.9421931
          ],
          [
            -83.9835067,
            35.9422488
          ],
          [
            -83.9835631,
            35.9423163
          ],
          [
            -83.9835869,
            35.942354
          ]
        ]
      },
      "id": "way/1347668698"
    },
    {
      "type": "Feature",
      "properties": {
        "@id": "way/1347668699",
        "bicycle": "yes",
        "footway": "sidewalk",
        "highway": "footway",
        "horse": "no",
        "name": "Third Creek Greenway",
        "surface": "concrete"
      },
      "geometry": {
        "type": "LineString",
        "coordinates": [
          [
            -83.9835869,
            35.942354
          ],
          [
            -83.9836107,
            35.9423916
          ],
          [
            -83.9838574,
            35.9427687
          ],
          [
            -83.9839187,
            35.9428788
          ]
        ]
      },
      "id": "way/1347668699"
    },
    {
      "type": "Feature",
      "properties": {
        "@id": "way/1347668700",
        "bicycle": "designated",
        "crossing": "traffic_signals",
        "cycleway": "crossing",
        "foot": "designated",
        "highway": "cycleway",
        "horse": "no",
        "motor_vehicle": "no",
        "name": "Bearden Village Greenway",
        "surface": "asphalt"
      },
      "geometry": {
        "type": "LineString",
        "coordinates": [
          [
            -83.9975841,
            35.9339342
          ],
          [
            -83.9976073,
            35.9339983
          ],
          [
            -83.9976381,
            35.9340785
          ],
          [
            -83.9976429,
            35.9340901
          ]
        ]
      },
      "id": "way/1347668700"
    },
    {
      "type": "Feature",
      "properties": {
        "@id": "way/1348014892",
        "bicycle": "designated",
        "foot": "designated",
        "highway": "cycleway",
        "name": "Neyland Greenway",
        "oneway": "no",
        "segregated": "no",
        "surface": "paved"
      },
      "geometry": {
        "type": "LineString",
        "coordinates": [
          [
            -83.9293461,
            35.9444273
          ],
          [
            -83.9294189,
            35.9444241
          ],
          [
            -83.9298671,
            35.9442326
          ],
          [
            -83.9301064,
            35.9441619
          ],
          [
            -83.9302381,
            35.944123
          ],
          [
            -83.9307938,
            35.9439306
          ],
          [
            -83.9312041,
            35.9438035
          ],
          [
            -83.9316105,
            35.9437002
          ],
          [
            -83.9318618,
            35.9436286
          ],
          [
            -83.9320975,
            35.9435878
          ],
          [
            -83.9322839,
            35.9435555
          ],
          [
            -83.9331164,
            35.9434029
          ],
          [
            -83.9332774,
            35.9433823
          ],
          [
            -83.9334011,
            35.9433536
          ],
          [
            -83.9338153,
            35.9432805
          ],
          [
            -83.9340411,
            35.9432424
          ],
          [
            -83.9340974,
            35.9432182
          ],
          [
            -83.9343081,
            35.9431263
          ],
          [
            -83.934693,
            35.9429944
          ],
          [
            -83.9349129,
            35.9429451
          ],
          [
            -83.9351013,
            35.9429626
          ],
          [
            -83.9351995,
            35.9430071
          ],
          [
            -83.935278,
            35.9430787
          ],
          [
            -83.9353585,
            35.9433695
          ],
          [
            -83.9353409,
            35.9434093
          ],
          [
            -83.9349776,
            35.9434522
          ],
          [
            -83.9349639,
            35.9433807
          ],
          [
            -83.9351543,
            35.9433409
          ],
          [
            -83.9352631,
            35.9433245
          ]
        ]
      },
      "id": "way/1348014892"
    },
    {
      "type": "Feature",
      "properties": {
        "@id": "way/1371007645",
        "alt_name": "James White Greenway",
        "bicycle": "designated",
        "foot": "designated",
        "highway": "cycleway",
        "name": "Neyland Greenway",
        "oneway": "no",
        "segregated": "no",
        "surface": "paved"
      },
      "geometry": {
        "type": "LineString",
        "coordinates": [
          [
            -83.8983989,
            35.9642757
          ],
          [
            -83.8983111,
            35.9642733
          ]
        ]
      },
      "id": "way/1371007645"
    },
    {
      "type": "Feature",
      "properties": {
        "@id": "way/1388847667",
        "bicycle": "yes",
        "foot": "yes",
        "highway": "path",
        "horse": "no",
        "motor_vehicle": "no",
        "mtb:scale:imba": "1",
        "name": "Baker Creek Greenway",
        "surface": "paved"
      },
      "geometry": {
        "type": "LineString",
        "coordinates": [
          [
            -83.8912674,
            35.9422375
          ],
          [
            -83.8911905,
            35.9422151
          ],
          [
            -83.8911322,
            35.942181
          ],
          [
            -83.8910791,
            35.9421546
          ],
          [
            -83.8910552,
            35.9421403
          ],
          [
            -83.8910304,
            35.9421188
          ],
          [
            -83.8910013,
            35.9420735
          ],
          [
            -83.890999,
            35.9420336
          ],
          [
            -83.8910191,
            35.9420015
          ],
          [
            -83.8910406,
            35.9419674
          ],
          [
            -83.8910668,
            35.9419112
          ],
          [
            -83.8910806,
            35.9418551
          ],
          [
            -83.8910837,
            35.9417814
          ],
          [
            -83.8910652,
            35.941719
          ],
          [
            -83.8910282,
            35.9416416
          ],
          [
            -83.8909881,
            35.9416042
          ],
          [
            -83.8909219,
            35.941568
          ],
          [
            -83.8908263,
            35.9415368
          ],
          [
            -83.8907369,
            35.9415206
          ],
          [
            -83.8906614,
            35.9415306
          ],
          [
            -83.8906136,
            35.9415343
          ],
          [
            -83.8905627,
            35.9415231
          ],
          [
            -83.8905088,
            35.9414856
          ],
          [
            -83.8904903,
            35.9414495
          ],
          [
            -83.8904733,
            35.9413908
          ],
          [
            -83.8904533,
            35.9413371
          ],
          [
            -83.890424,
            35.9412847
          ],
          [
            -83.8903592,
            35.9412373
          ],
          [
            -83.8903369,
            35.9412265
          ],
          [
            -83.890301,
            35.941213
          ],
          [
            -83.8902616,
            35.9412045
          ],
          [
            -83.8902187,
            35.9411953
          ],
          [
            -83.890182,
            35.9411875
          ],
          [
            -83.8901399,
            35.9411712
          ],
          [
            -83.8901058,
            35.9411308
          ],
          [
            -83.8900976,
            35.9410947
          ],
          [
            -83.8900976,
            35.9410486
          ],
          [
            -83.8901081,
            35.9410194
          ],
          [
            -83.8901406,
            35.9409893
          ],
          [
            -83.8901905,
            35.9409526
          ],
          [
            -83.8902173,
            35.9409385
          ]
        ]
      },
      "id": "way/1388847667"
    },
    {
      "type": "Feature",
      "properties": {
        "@id": "way/1443348440",
        "alt_name": "James White Greenway",
        "bicycle": "designated",
        "foot": "designated",
        "highway": "cycleway",
        "name": "Neyland Greenway",
        "oneway": "no",
        "segregated": "no",
        "surface": "paved"
      },
      "geometry": {
        "type": "LineString",
        "coordinates": [
          [
            -83.9126906,
            35.9606554
          ],
          [
            -83.9125129,
            35.9607213
          ],
          [
            -83.9124867,
            35.9607717
          ]
        ]
      },
      "id": "way/1443348440"
    },
    {
      "type": "Feature",
      "properties": {
        "@id": "way/1464266278",
        "bicycle": "designated",
        "foot": "designated",
        "highway": "cycleway",
        "name": "Knox-Blount Greenway"
      },
      "geometry": {
        "type": "LineString",
        "coordinates": [
          [
            -83.9530806,
            35.8949583
          ],
          [
            -83.9530478,
            35.8946354
          ],
          [
            -83.953042,
            35.8944819
          ],
          [
            -83.9530379,
            35.8944007
          ],
          [
            -83.9530362,
            35.8941949
          ],
          [
            -83.953061,
            35.8940072
          ],
          [
            -83.9531175,
            35.8937769
          ],
          [
            -83.9532368,
            35.8934119
          ],
          [
            -83.9534084,
            35.8930139
          ]
        ]
      },
      "id": "way/1464266278"
    },
    {
      "type": "Feature",
      "properties": {
        "@id": "way/1464266279",
        "bicycle": "designated",
        "bridge": "yes",
        "foot": "designated",
        "highway": "cycleway",
        "layer": "1",
        "name": "Knox-Blount Greenway"
      },
      "geometry": {
        "type": "LineString",
        "coordinates": [
          [
            -83.9533137,
            35.8957674
          ],
          [
            -83.9532801,
            35.8956728
          ],
          [
            -83.9532502,
            35.8955884
          ],
          [
            -83.9531476,
            35.8952785
          ],
          [
            -83.9530806,
            35.8949583
          ]
        ]
      },
      "id": "way/1464266279"
    },
    {
      "type": "Feature",
      "properties": {
        "@id": "way/1464266280",
        "bicycle": "designated",
        "foot": "designated",
        "highway": "cycleway",
        "name": "I.C. King Park Greenway"
      },
      "geometry": {
        "type": "LineString",
        "coordinates": [
          [
            -83.9530379,
            35.8944007
          ],
          [
            -83.953224,
            35.8943925
          ],
          [
            -83.9533286,
            35.894415
          ],
          [
            -83.9533782,
            35.8944467
          ],
          [
            -83.9534004,
            35.8945098
          ],
          [
            -83.9533363,
            35.8947045
          ],
          [
            -83.9532658,
            35.894871
          ],
          [
            -83.9532381,
            35.8949411
          ],
          [
            -83.9531869,
            35.8950481
          ],
          [
            -83.9530239,
            35.8953767
          ],
          [
            -83.9529182,
            35.8955227
          ],
          [
            -83.9528423,
            35.8956198
          ],
          [
            -83.9527404,
            35.8956634
          ],
          [
            -83.9526585,
            35.8956431
          ],
          [
            -83.9525717,
            35.8955815
          ],
          [
            -83.9523849,
            35.895433
          ],
          [
            -83.9522588,
            35.8953343
          ]
        ]
      },
      "id": "way/1464266280"
    },
    {
      "type": "Feature",
      "properties": {
        "@id": "way/1464266281",
        "bicycle": "designated",
        "bridge": "yes",
        "foot": "designated",
        "highway": "cycleway",
        "layer": "1",
        "name": "I.C. King Park Greenway"
      },
      "geometry": {
        "type": "LineString",
        "coordinates": [
          [
            -83.9529257,
            35.8930217
          ],
          [
            -83.9531886,
            35.8925239
          ]
        ]
      },
      "id": "way/1464266281"
    },
    {
      "type": "Feature",
      "properties": {
        "@id": "way/1497457331",
        "abandoned:railway": "rail",
        "bicycle": "designated",
        "foot": "designated",
        "highway": "path",
        "historic:electrified": "no",
        "historic:gauge": "1435",
        "historic:service": "spur",
        "name": "SoKno Rail Trail",
        "old_name": "KXHR (K&A Branch Line)",
        "proposed": "cycleway",
        "start_date": "2026",
        "surface": "unpaved",
        "tiger:cfcc": "B11",
        "tiger:county": "Knox, TN",
        "tiger:name_base": "Southern Railway",
        "tiger:reviewed": "no",
        "usage": "industrial"
      },
      "geometry": {
        "type": "LineString",
        "coordinates": [
          [
            -83.9143823,
            35.9539488
          ],
          [
            -83.9139908,
            35.954122
          ],
          [
            -83.912346,
            35.9548359
          ]
        ]
      },
      "id": "way/1497457331"
    }
  ]
}